Date,BND,BNDX,SPY,VBR,VEA,VOE,VTI,VTIP,VTV,VWO,VWOB
2016-09-06,62.495933532714844,41.198787689208984,186.57264709472656,91.03010559082031,28.281526565551758,75.4306640625,95.80681610107422,36.6443977355957,68.78252410888672,29.112443923950195,49.294559478759766
2016-09-07,62.50333023071289,41.301815032958984,186.55560302734375,91.53398895263672,28.281526565551758,75.75,95.93445587158203,36.68151092529297,68.80584716796875,29.07489013671875,49.44539260864258
2016-09-08,62.266048431396484,41.15460205078125,186.1296844482422,91.38770294189453,28.222034454345703,75.41468048095703,95.68769073486328,36.67409133911133,68.83695983886719,29.014812469482422,49.32472229003906
2016-09-09,61.99174880981445,41.00002670288086,181.67477416992188,88.60016632080078,27.627099990844727,73.30697631835938,93.3052749633789,36.59983825683594,67.25835418701172,28.098472595214844,48.9205436706543
2016-09-12,62.01397705078125,40.93379592895508,184.28125,89.51039123535156,27.8427734375,74.4167251586914,94.60710144042969,36.6369514465332,68.1370849609375,28.33131217956543,48.86021423339844
2016-09-13,61.83600997924805,40.84545135498047,181.63211059570312,87.81185150146484,27.256242752075195,73.17925262451172,93.1270980834961,36.59243392944336,67.00070190429688,27.624359130859375,48.492183685302734
2016-09-14,61.917579650878906,40.89698791503906,181.56399536132812,87.5599136352539,27.241304397583008,72.90778350830078,93.13562774658203,36.607269287109375,66.75023651123047,27.723186492919922,48.431854248046875
2016-09-15,61.9694709777832,40.85281753540039,183.37835693359375,88.478271484375,27.480390548706055,73.65827178955078,94.09325408935547,36.65182113647461,67.38418579101562,28.16407585144043,48.57062530517578
2016-09-16,62.02138137817383,40.89698791503906,182.66946411132812,88.23443603515625,27.144174575805664,73.3708724975586,93.717041015625,36.68151092529297,67.07896423339844,27.974035263061523,48.56460189819336
2016-09-19,61.97688293457031,40.889617919921875,182.70372009277344,88.84395599365234,27.3234920501709,73.65827178955078,93.85384368896484,36.67409133911133,67.19635772705078,28.209692001342773,48.6611213684082
2016-09-20,61.99174880981445,40.95586013793945,182.71231079101562,88.30846405029297,27.44304656982422,73.41184997558594,93.81111145019531,36.66666030883789,67.11026763916016,28.217288970947266,48.58873748779297
2016-09-21,62.1696662902832,41.044212341308594,184.76693725585938,89.68201446533203,27.966045379638672,74.56768798828125,94.88839721679688,36.69635772705078,67.86942291259766,28.901439666748047,49.19805908203125
2016-09-22,62.29572677612305,41.18408203125,185.9313201904297,90.9084243774414,28.24249267578125,75.1697006225586,95.58098602294922,36.75574493408203,68.21377563476562,29.03067398071289,49.336769104003906
2016-09-23,62.28089904785156,41.16196823120117,184.91250610351562,90.13987731933594,27.973520278930664,74.76034545898438,95.03377532958984,36.77803039550781,67.87725830078125,28.650571823120117,49.1497802734375
2016-09-26,62.384674072265625,41.2429313659668,183.414306640625,89.56756591796875,27.72695541381836,74.2225341796875,94.28132629394531,36.80029296875,67.27464294433594,28.300907135009766,49.0170783996582
2016-09-27,62.458831787109375,41.29446029663086,184.55294799804688,89.69017791748047,27.86144256591797,74.4874267578125,94.81998443603516,36.77803039550781,67.66593170166016,28.59736442565918,49.14374923706055
2016-09-28,62.458831787109375,41.29446029663086,185.46897888183594,90.68765258789062,28.10800552368164,75.09745025634766,95.37574768066406,36.83741760253906,68.19029998779297,28.87862777709961,49.22822952270508
2016-09-29,62.46627426147461,41.301815032958984,183.79103088378906,89.68201446533203,27.764318466186523,74.47940063476562,94.44379425048828,36.852272033691406,67.54073333740234,28.399717330932617,49.04722213745117
2016-09-30,62.384674072265625,41.25028610229492,185.1779022216797,90.47506713867188,27.95109748840332,75.10546875,95.18766784667969,36.85968780517578,68.08856201171875,28.604970932006836,49.24626541137695
2016-10-03,62.31857681274414,41.0999870300293,184.73272705078125,90.041748046875,27.898807525634766,74.70413208007812,94.89694213867188,36.829986572265625,67.89291381835938,28.79501724243164,49.27838134765625
2016-10-04,62.11063003540039,41.07789611816406,183.79103088378906,89.47763061523438,27.816619873046875,74.15834045410156,94.46944427490234,36.79287338256836,67.53292083740234,28.50615692138672,49.05435562133789
2016-10-05,62.006561279296875,40.989463806152344,184.60426330566406,90.08261108398438,27.966045379638672,74.6880874633789,94.83708953857422,36.78544998168945,67.95552062988281,28.939441680908203,49.06645584106445
2016-10-06,61.98427200317383,40.98209762573242,184.73272705078125,90.1235122680664,27.816619873046875,74.69613647460938,94.87129211425781,36.79287338256836,68.01811981201172,28.939441680908203,49.108829498291016
2016-10-07,62.036293029785156,40.952632904052734,184.09918212890625,89.3631362915039,27.63729476928711,74.28677368164062,94.5121841430664,36.80772018432617,67.78333282470703,28.84062385559082,48.95140075683594
2016-10-10,61.96944046020508,40.87158203125,185.05804443359375,90.11534881591797,27.749370574951172,74.58374786376953,95.02519989013672,36.80772018432617,68.11985778808594,29.038265228271484,49.163352966308594
2016-10-11,61.872825622558594,40.90105438232422,182.7208709716797,88.78265380859375,27.345909118652344,73.47608947753906,93.7597885131836,36.79287338256836,67.31375122070312,28.498546600341797,48.86663818359375
2016-10-12,61.909969329833984,40.85682678222656,182.96055603027344,89.01976013183594,27.30855369567871,73.69278717041016,93.87095642089844,36.80029296875,67.36070251464844,28.4681453704834,48.98772048950195
2016-10-13,61.98427200317383,40.93788528442383,182.36126708984375,88.47195434570312,27.233844757080078,73.25933837890625,93.5374984741211,36.82257080078125,67.13377380371094,28.293304443359375,48.98168182373047
2016-10-14,61.858001708984375,40.81998825073242,182.4554901123047,88.43926239013672,27.256242752075195,73.17105865478516,93.51182556152344,36.83741760253906,67.15724182128906,28.36931610107422,48.84848403930664
2016-10-17,61.9917106628418,40.84947204589844,181.8219757080078,88.34114837646484,27.21141242980957,73.02655792236328,93.24678039550781,36.881954193115234,66.98503875732422,28.31610679626465,48.830299377441406
2016-10-18,62.07344436645508,40.90105438232422,182.96055603027344,88.84808349609375,27.502803802490234,73.52420806884766,93.79399108886719,36.88938522338867,67.36070251464844,28.81781768798828,48.90299606323242
2016-10-19,62.118011474609375,40.92316436767578,183.44850158691406,89.34679412841797,27.59993553161621,73.90951538085938,94.09325408935547,36.911643981933594,67.52508544921875,28.969852447509766,48.909019470214844
2016-10-20,62.08086395263672,40.94526672363281,183.10609436035156,89.0442886352539,27.59993553161621,73.74894714355469,93.91370391845703,36.881954193115234,67.38418579101562,28.931846618652344,49.03618240356445
2016-10-21,62.13286209106445,40.93052291870117,183.1916961669922,88.9625244140625,27.54016876220703,73.64463806152344,93.87950134277344,36.89680862426758,67.25897979736328,28.939441680908203,49.06040954589844
2016-10-24,62.04373550415039,40.92316436767578,183.9707794189453,89.33860778808594,27.502803802490234,73.87740325927734,94.34973907470703,36.84484100341797,67.48594665527344,29.083873748779297,49.03011703491211
2016-10-25,62.04373550415039,40.93052291870117,183.3543701171875,88.70088958740234,27.480390548706055,73.46802520751953,93.9478988647461,36.83741760253906,67.4468002319336,29.061063766479492,49.07856369018555
2016-10-26,61.932289123535156,40.84947204589844,182.98623657226562,88.39019775390625,27.345909118652344,73.51617431640625,93.66574096679688,36.852272033691406,67.58768463134766,28.84821891784668,48.95744705200195
2016-10-27,61.761390686035156,40.68001174926758,182.4982147216797,87.51539611816406,27.316015243530273,72.93025970458984,93.34940338134766,36.829986572265625,67.51724243164062,28.627777099609375,48.51539611816406
2016-10-28,61.73167037963867,40.69473648071289,181.9589080810547,87.28648376464844,27.301082611083984,72.97040557861328,93.04158020019531,36.852272033691406,67.2824478149414,28.4681453704834,48.55780792236328
2016-10-31,61.79859161376953,40.7315788269043,181.96743774414062,87.83424377441406,27.278661727905273,73.29146575927734,93.10144805908203,36.86709976196289,67.3450698852539,28.69618797302246,48.56993865966797
2016-11-01,61.77845001220703,40.65119934082031,180.64903259277344,86.84496307373047,27.203948974609375,72.80181884765625,92.40887451171875,36.881954193115234,66.9458999633789,28.483348846435547,48.45140075683594
2016-11-02,61.8380126953125,40.75444030761719,179.561767578125,85.93742370605469,27.00221824645996,72.0713882446289,91.76763916015625,36.852272033691406,66.54679870605469,28.15648078918457,48.49394226074219
2016-11-03,61.8007926940918,40.68806457519531,178.7399139404297,85.91291046142578,26.987274169921875,71.9750747680664,91.36576843261719,36.83741760253906,66.35113525390625,28.08806037902832,48.481788635253906
2016-11-04,61.91244125366211,40.72494888305664,178.5430145263672,85.98648071289062,26.763120651245117,71.83861541748047,91.3059310913086,36.852272033691406,66.24939727783203,27.791595458984375,48.54866027832031
2016-11-07,61.830589294433594,40.72494888305664,182.4810791015625,87.87515258789062,27.12923240661621,73.34764099121094,93.3237533569336,36.852272033691406,67.68942260742188,28.73419952392578,48.74922561645508
2016-11-08,61.718936920166016,40.67330551147461,183.30303955078125,88.03047180175781,27.196475982666016,73.62055206298828,93.72560119628906,36.81514358520508,67.91635131835938,28.871030807495117,48.84038543701172
2016-11-09,61.1086311340332,40.42251205444336,185.2464141845703,90.22164154052734,27.151647567749023,74.4472885131836,94.88839721679688,36.78544998168945,69.07466125488281,28.110862731933594,48.25081253051758
2016-11-10,60.848052978515625,40.26026153564453,185.7086639404297,91.18638610839844,27.061986923217773,74.9850845336914,95.22184753417969,36.79287338256836,69.77902221679688,27.29749298095703,46.524776458740234
2016-11-11,60.736446380615234,40.201202392578125,185.28060913085938,92.5599365234375,26.845314025878906,75.11351013183594,95.25607299804688,36.7631721496582,69.64599609375,26.795787811279297,46.74357986450195
2016-11-14,60.50570297241211,40.097938537597656,185.42617797851562,94.24417877197266,26.725765228271484,76.15697479248047,95.50399780273438,36.629547119140625,70.13119506835938,26.666549682617188,46.46398162841797
2016-11-15,60.58753967285156,40.22334671020508,186.87306213378906,94.68568420410156,26.890148162841797,76.7107925415039,96.24785614013672,36.6443977355957,70.63994598388672,27.168258666992188,47.01707458496094
2016-11-16,60.71410369873047,40.17911148071289,186.52200317382812,94.55485534667969,26.643579483032227,76.27735137939453,96.11105346679688,36.65924072265625,70.25642395019531,26.947813034057617,46.97452926635742
2016-11-17,60.46844482421875,40.164344787597656,187.48086547851562,95.02092742919922,26.82289695739746,76.7750244140625,96.59838104248047,36.65924072265625,70.53033447265625,26.955415725708008,46.93197250366211
2016-11-18,60.31963348388672,40.11268997192383,187.06138610839844,95.15990447998047,26.58380699157715,76.7107925415039,96.4188461303711,36.62211608886719,70.4286117553711,26.89459991455078,46.68281173706055
2016-11-21,60.31218719482422,40.07581329345703,188.47398376464844,95.8221664428711,26.815431594848633,77.30477142333984,97.14562225341797,36.6369514465332,70.88255310058594,27.160659790039062,46.871212005615234
2016-11-22,60.36423873901367,40.230712890625,188.84207153320312,96.72151184082031,26.897607803344727,77.657958984375,97.42778015136719,36.66666030883789,71.08602905273438,27.457124710083008,46.99884796142578
2016-11-23,60.207984924316406,40.1422119140625,188.94483947753906,97.21206665039062,26.800479888916016,77.87468719482422,97.56458282470703,36.59243392944336,71.17211151123047,27.19106674194336,46.81040573120117
2016-11-25,60.23025131225586,40.15693664550781,189.64682006835938,97.5390853881836,26.852779388427734,78.1475830078125,97.94078063964844,36.62211608886719,71.53992462158203,27.335494995117188,46.761802673339844
2016-11-28,60.3716926574707,40.22334671020508,188.75643920898438,96.63157653808594,26.755657196044922,77.62584686279297,97.37647247314453,36.59243392944336,71.17991638183594,27.472328186035156,46.919830322265625
2016-11-29,60.416358947753906,40.31924057006836,189.12461853027344,96.70515441894531,26.905088424682617,77.53754425048828,97.5132827758789,36.6369514465332,71.22688293457031,27.487533569335938,46.980587005615234
2016-11-30,60.207984924316406,40.22334671020508,188.67086791992188,96.80327606201172,26.86772346496582,77.64189910888672,97.28242492675781,36.65182113647461,71.38340759277344,27.533130645751953,46.81040573120117
2016-12-01,59.98420715332031,39.984073638916016,187.97735595703125,96.70515441894531,26.800479888916016,77.4332046508789,96.88056945800781,36.67409133911133,71.57908630371094,27.221473693847656,46.57061004638672
2016-12-02,60.200504302978516,40.16130065917969,188.0715789794922,96.81962585449219,26.875200271606445,77.6017837524414,96.88056945800781,36.68151092529297,71.49298858642578,27.19106674194336,46.643795013427734
2016-12-05,60.275054931640625,40.12437057495117,189.20167541503906,98.11138916015625,27.08440399169922,78.23587036132812,97.55599975585938,36.69635772705078,71.88430786132812,27.37350082397461,46.90013122558594
2016-12-06,60.26762008666992,39.99883270263672,189.80093383789062,99.12523651123047,27.27119255065918,78.78169250488281,98.05194091796875,36.718631744384766,72.18170166015625,27.487533569335938,47.0832405090332
2016-12-07,60.40933609008789,40.11701202392578,192.28367614746094,100.2535171508789,27.62982177734375,79.91345977783203,99.26602935791016,36.72605895996094,73.14431762695312,27.89801597595215,47.32123947143555
2016-12-08,60.290016174316406,40.05793380737305,192.75453186035156,101.43083190917969,27.652238845825195,80.34687805175781,99.62511444091797,36.748321533203125,73.28518676757812,28.027238845825195,47.19918441772461
2016-12-09,60.11100387573242,40.01359939575195,193.9188232421875,101.52079010009766,27.73442840576172,80.46729278564453,100.16378784179688,36.70377731323242,73.71565246582031,27.89801597595215,47.095436096191406
2016-12-12,60.04388427734375,39.9175910949707,193.6962432861328,100.5969009399414,27.6447696685791,80.073974609375,99.90727233886719,36.73347473144531,73.75476837158203,27.669973373413086,47.156436920166016
2016-12-13,60.11100387573242,40.035743713378906,194.98898315429688,100.69503784179688,27.936159133911133,80.29069519042969,100.48867797851562,36.71120071411133,74.1382827758789,27.95122528076172,47.32731628417969
2016-12-14,59.80522918701172,40.04315185546875,193.3795166015625,99.33780670166016,27.480390548706055,79.31946563720703,99.58235931396484,36.5870361328125,73.44173431396484,27.145458221435547,47.19308853149414
2016-12-15,59.71573257446289,40.035743713378906,194.17572021484375,99.88560485839844,27.435565948486328,79.52814483642578,99.99278259277344,36.49726486206055,73.80956268310547,27.267078399658203,46.9916877746582
2016-12-16,59.76791763305664,40.11701202392578,193.79592895507812,99.86106872558594,27.44304656982422,79.1910171508789,99.8388671875,36.50474548339844,73.7234878540039,27.09984588623047,46.985595703125
2016-12-19,59.9245491027832,40.249916076660156,194.21788024902344,100.45790100097656,27.420618057250977,79.30342102050781,100.12101745605469,36.56458282470703,73.91912841796875,26.917409896850586,47.248008728027344
2016-12-20,59.93204116821289,40.22779083251953,194.967041015625,101.31639099121094,27.480390548706055,79.69673919677734,100.54863739013672,36.594505310058594,74.1617431640625,26.963239669799805,47.205291748046875
2016-12-21,60.02152633666992,40.249916076660156,194.42457580566406,100.87488555908203,27.480390548706055,79.5602798461914,100.26468658447266,36.60947036743164,74.01304626464844,26.87921714782715,47.443294525146484
2016-12-22,59.980377197265625,40.22314453125,194.08876037597656,100.17213439941406,27.40506935119629,79.17581176757812,100.00659942626953,36.654354095458984,73.96967315673828,26.62715721130371,47.36301803588867
2016-12-23,60.01030731201172,40.30500411987305,194.3729248046875,100.54242706298828,27.4653263092041,79.3050537109375,100.16145324707031,36.6693115234375,74.02488708496094,26.757001876831055,47.41203308105469
2016-12-27,59.96541976928711,40.29754638671875,194.8551483154297,100.91275024414062,27.427658081054688,79.55543518066406,100.41097259521484,36.66183853149414,74.1194839477539,26.886856079101562,47.3752555847168
2016-12-28,60.11498260498047,40.357078552246094,193.24478149414062,99.80181121826172,27.374927520751953,78.65892791748047,99.57642364501953,36.729164123535156,73.50450897216797,27.05489158630371,47.41815948486328
2016-12-29,60.279483795166016,40.43147277832031,193.20172119140625,99.95816040039062,27.47286033630371,78.73971557617188,99.58503723144531,36.729164123535156,73.47298431396484,27.475006103515625,47.454925537109375
2016-12-30,60.40659713745117,40.394283294677734,192.49554443359375,99.5714111328125,27.525588989257812,78.49739074707031,99.21510314941406,36.774051666259766,73.33104705810547,27.329872131347656,47.52235412597656
2017-01-03,60.414031982421875,40.252891540527344,193.96817016601562,100.30378723144531,27.698856353759766,79.12735748291016,99.9721908569336,36.774051666259766,73.81987762451172,27.627765655517578,47.68169021606445
2017-01-04,60.45892333984375,40.27522659301758,195.12213134765625,101.87554931640625,28.037837982177734,80.1692886352539,100.73789978027344,36.78900146484375,74.22196197509766,27.879844665527344,47.87169647216797
2017-01-05,60.765480041503906,40.24544906616211,194.967041015625,100.8880386352539,28.286420822143555,79.77349090576172,100.54000091552734,36.833885192871094,73.94602966308594,28.170095443725586,48.17812728881836
2017-01-06,60.52622604370117,40.14131546020508,195.6646728515625,100.67410278320312,28.173429489135742,79.87039947509766,100.85835266113281,36.774051666259766,74.01698303222656,28.055517196655273,48.04330062866211
2017-01-09,60.67575454711914,40.24544906616211,195.01878356933594,99.66193389892578,28.105632781982422,79.24043273925781,100.47117614746094,36.79648971557617,73.6148910522461,28.009689331054688,48.165863037109375
2017-01-10,60.660804748535156,40.2008171081543,195.01878356933594,100.46834564208984,28.135770797729492,79.40196990966797,100.54863739013672,36.774051666259766,73.60699462890625,28.162450790405273,48.01266098022461
2017-01-11,60.690704345703125,40.27522659301758,195.5699005126953,100.91275024414062,28.331623077392578,79.67656707763672,100.86695861816406,36.8264045715332,73.87508392333984,28.406871795654297,47.96363067626953
2017-01-12,60.7056999206543,40.24544906616211,195.0791015625,100.11453247070312,28.35422706604004,79.42619323730469,100.60022735595703,36.84885025024414,73.65431213378906,28.475624084472656,48.196502685546875
2017-01-13,60.60844421386719,40.2008171081543,195.52687072753906,100.6493911743164,28.459684371948242,79.60388946533203,100.8497314453125,36.8264045715332,73.75680541992188,28.4450740814209,48.104591369628906
2017-01-17,60.795379638671875,40.238037109375,194.83790588378906,99.7771224975586,28.384342193603516,79.28889465332031,100.40235137939453,36.87876892089844,73.36264038085938,28.41452407836914,48.27005386352539
2017-01-18,60.481319427490234,40.2008171081543,195.2685089111328,100.17213439941406,28.256290435791016,79.57160949707031,100.63465881347656,36.80396270751953,73.48873138427734,28.30759048461914,47.96363067626953
2017-01-19,60.37667465209961,40.118988037109375,194.54510498046875,99.39857482910156,28.20356559753418,79.02237701416016,100.23888397216797,36.81145095825195,73.1733627319336,28.23119354248047,47.883968353271484
2017-01-20,60.42152786254883,40.06689453125,195.2598876953125,99.88410186767578,28.339160919189453,79.35352325439453,100.5830078125,36.856327056884766,73.51239013671875,28.277027130126953,47.92684555053711
2017-01-23,60.58602523803711,40.19337463378906,194.7517852783203,99.47264862060547,28.39942169189453,79.15967559814453,100.31632995605469,36.856327056884766,73.2601089477539,28.666574478149414,48.2332878112793
2017-01-24,60.496307373046875,40.118988037109375,196.00048828125,100.89627838134766,28.519948959350586,80.26618957519531,101.0992431640625,36.87128829956055,73.79621887207031,28.8728084564209,47.98199462890625
2017-01-25,60.31688690185547,39.97761917114258,197.69699096679688,101.80148315429688,28.798669815063477,80.92039489746094,101.96818542480469,36.84885025024414,74.34812927246094,29.12488555908203,47.877830505371094
2017-01-26,60.33926010131836,39.932979583740234,197.4902801513672,101.62044525146484,28.708276748657227,80.66192626953125,101.8219223022461,36.84885025024414,74.31657409667969,29.002666473388672,47.98199462890625
2017-01-27,60.40659713745117,39.992488861083984,197.1802215576172,101.02793884277344,28.640472412109375,80.33887481689453,101.6584701538086,36.88625717163086,74.19831085205078,29.03322982788086,48.257774353027344
2017-01-30,60.391639709472656,39.92552947998047,195.9574432373047,99.81826782226562,28.437076568603516,79.87039947509766,100.97018432617188,36.89373779296875,73.73313903808594,28.88810157775879,47.99425506591797
2017-01-31,60.518733978271484,39.99992370605469,195.9402313232422,100.22149658203125,28.535011291503906,80.20156860351562,101.05622100830078,36.946083068847656,73.6937484741211,28.903362274169922,48.196502685546875
2017-02-01,60.41233444213867,39.958980560302734,196.01766967773438,100.10627746582031,28.63294792175293,80.16117858886719,101.0476303100586,36.946083068847656,73.48086547851562,28.9644775390625,48.253700256347656
2017-02-02,60.44978332519531,39.958980560302734,196.14686584472656,100.0075454711914,28.67814064025879,80.33079528808594,101.1164321899414,36.95357894897461,73.50450897216797,29.06377410888672,48.35825729370117
2017-02-03,60.46479034423828,39.973880767822266,197.49891662597656,101.29952239990234,28.798669815063477,81.09001159667969,101.8821792602539,36.95357894897461,74.17467498779297,29.247095108032227,48.51200866699219
2017-02-06,60.6521110534668,39.93662643432617,197.1457977294922,100.73992156982422,28.587753295898438,80.7265625,101.64126586914062,36.99097442626953,74.00911712646484,29.178359985351562,48.591983795166016
2017-02-07,60.74949264526367,40.0334358215332,197.1544189453125,100.3449478149414,28.565143585205078,80.56500244140625,101.63264465332031,36.946083068847656,73.86719512939453,29.071414947509766,48.56119155883789
2017-02-08,60.91434860229492,40.1153564453125,197.412841796875,100.27908325195312,28.610342025756836,80.75885009765625,101.74449920654297,36.93113327026367,73.86719512939453,29.300559997558594,48.73341751098633
2017-02-09,60.74949264526367,40.122802734375,198.58396911621094,101.29952239990234,28.715803146362305,81.21922302246094,102.41557312011719,36.90869140625,74.34024810791016,29.453327178955078,48.65962219238281
2017-02-10,60.73451614379883,40.0706787109375,199.36764526367188,101.99896240234375,28.821264266967773,81.76844787597656,102.8457260131836,36.91617202758789,74.6319580078125,29.720661163330078,48.69651794433594
2017-02-13,60.66707229614258,40.0706787109375,200.4527130126953,102.3857421875,28.92672348022461,82.1641845703125,103.36195373535156,36.87876892089844,75.13655090332031,29.83523941040039,48.79493713378906
2017-02-14,60.539703369140625,40.048343658447266,201.2535858154297,102.71492004394531,28.911666870117188,82.38226318359375,103.74051666259766,36.833885192871094,75.4913330078125,29.88107681274414,48.68424987792969
2017-02-15,60.44231033325195,40.048343658447266,202.30418395996094,103.09346771240234,29.017127990722656,82.68917083740234,104.30833435058594,36.87876892089844,75.83036041259766,30.102577209472656,48.67190170288086
2017-02-16,60.55469512939453,40.100460052490234,202.13198852539062,102.87947845458984,29.077381134033203,82.62458801269531,104.21369171142578,36.90869140625,75.84613037109375,30.018556594848633,48.7149543762207
2017-02-17,60.697052001953125,40.152584075927734,202.45059204101562,102.7642593383789,28.979467391967773,82.6568832397461,104.36856842041016,36.93113327026367,75.83036041259766,29.91925811767578,48.67808151245117
2017-02-21,60.6895637512207,40.07813262939453,203.65621948242188,103.71886444091797,29.107524871826172,83.21414947509766,104.98799133300781,36.93861389160156,76.2955093383789,30.163692474365234,48.89334487915039
2017-02-22,60.72701644897461,40.197242736816406,203.47540283203125,103.31562042236328,29.084918975830078,82.99610900878906,104.850341796875,36.96853256225586,76.24031066894531,30.24006462097168,48.776458740234375
2017-02-23,60.839420318603516,40.26430130004883,203.6131591796875,102.70668029785156,29.137657165527344,82.80223846435547,104.77291107177734,36.96853256225586,76.40589904785156,30.255346298217773,48.813350677490234
2017-02-24,61.06417465209961,40.38343811035156,203.8715057373047,102.70668029785156,28.88907241821289,82.97187805175781,104.94497680664062,37.03585433959961,76.41378784179688,29.93453598022461,48.967098236083984
2017-02-27,60.93681716918945,40.3759765625,204.19012451171875,103.38146209716797,28.904129028320312,83.15762329101562,105.17728424072266,36.98349380493164,76.49263000488281,29.81232452392578,48.89947509765625
2017-02-28,60.89180374145508,40.35365295410156,203.6390380859375,102.23762512207031,28.83633804321289,82.89108276367188,104.79012298583984,36.961063385009766,76.3349380493164,29.55261993408203,48.86255645751953
2017-03-01,60.642642974853516,40.30594253540039,206.4893798828125,103.9986343383789,29.115060806274414,84.0299301147461,106.20110321044922,36.87876892089844,77.45449829101562,30.02619743347168,48.88912582397461
2017-03-02,60.530006408691406,40.26123809814453,205.18907165527344,102.7807388305664,28.93427276611328,83.27877044677734,105.52142333984375,36.84885025024414,76.88684844970703,29.49152183532715,48.67919921875
2017-03-03,60.575042724609375,40.2686653137207,205.31826782226562,102.70668029785156,29.077381134033203,83.26264953613281,105.60747528076172,36.93113327026367,76.9104995727539,29.74357795715332,48.92617416381836
2017-03-06,60.53749084472656,40.28360366821289,204.70681762695312,102.01544189453125,28.979467391967773,82.80223846435547,105.19446563720703,36.91617202758789,76.65032196044922,29.789417266845703,48.852073669433594
2017-03-07,60.42493438720703,40.2686653137207,204.09539794921875,101.31598663330078,28.904129028320312,82.4468994140625,104.85893249511719,36.89373779296875,76.38225555419922,29.82760238647461,48.81501770019531
2017-03-08,60.282283782958984,40.15689468383789,203.7164764404297,100.5753402709961,28.753477096557617,82.1561279296875,104.56642150878906,36.81145095825195,76.19302368164062,29.529708862304688,48.56190872192383
2017-03-09,60.09459686279297,40.07491683959961,203.97488403320312,100.13922119140625,28.874000549316406,81.99459838867188,104.6180648803711,36.78900146484375,76.2560806274414,29.27764892578125,48.30259704589844
2017-03-10,60.214725494384766,39.99293518066406,204.6896209716797,100.56713104248047,29.099987030029297,82.4145736694336,104.99659729003906,36.81145095825195,76.50051879882812,29.52206802368164,48.3766975402832
2017-03-13,60.09459686279297,39.95564270019531,204.7928924560547,100.80575561523438,29.235586166381836,82.55995178222656,105.07403564453125,36.74412155151367,76.43744659423828,29.896345138549805,48.41373062133789
2017-03-14,60.087100982666016,40.03764724731445,204.00926208496094,100.3943099975586,29.017127990722656,82.17227172851562,104.69549560546875,36.75160217285156,76.14572143554688,29.728300094604492,48.3149528503418
2017-03-15,60.46245574951172,40.19416427612305,205.77467346191406,101.82616424560547,29.46910285949707,83.13340759277344,105.64189910888672,36.89373779296875,76.79225158691406,30.423397064208984,48.72242736816406
2017-03-16,60.37240219116211,40.08237075805664,205.3699188232422,101.81793975830078,29.58962631225586,83.01225280761719,105.51280212402344,36.88625717163086,76.6818618774414,30.62963104248047,48.673038482666016
2017-03-17,60.49251937866211,40.04508972167969,205.00926208496094,101.99073028564453,29.634836196899414,82.98802185058594,105.45260620117188,36.901214599609375,76.4847412109375,30.599077224731445,48.83355712890625
2017-03-20,60.61260223388672,40.08981704711914,204.78436279296875,101.36534881591797,29.619770050048828,82.7053451538086,105.20310974121094,36.92365264892578,76.2560806274414,30.896968841552734,48.93230438232422
2017-03-21,60.755218505859375,40.149444580078125,202.15504455566406,99.16818237304688,29.44651222229004,81.30805969238281,103.73188018798828,36.961063385009766,75.17597198486328,30.52268409729004,48.9384880065918
2017-03-22,60.83781051635742,40.24631881713867,202.63079833984375,99.12702941894531,29.484172821044922,81.53421020507812,103.86954498291016,36.96853256225586,75.26271057128906,30.66884422302246,49.00642776489258
2017-03-23,60.807777404785156,40.22395706176758,202.41453552246094,99.55493927001953,29.56702995300293,81.5665512084961,103.83513641357422,36.96853256225586,75.23902893066406,30.684144973754883,49.04344940185547
2017-03-24,60.79275894165039,40.26123809814453,202.2675018310547,99.41201782226562,29.64266014099121,81.58438110351562,103.84552764892578,36.93861389160156,75.08673858642578,30.7683162689209,49.04961395263672
2017-03-27,60.920379638671875,40.28360366821289,202.05990600585938,99.25505828857422,29.710718154907227,81.39777374267578,103.72451782226562,36.98349380493164,74.91229248046875,30.676496505737305,49.14223861694336
2017-03-28,60.807777404785156,40.28360366821289,203.53024291992188,100.22166442871094,29.846837997436523,82.12793731689453,104.4504623413086,36.95357894897461,75.538818359375,30.753000259399414,49.14223861694336
2017-03-29,60.92786407470703,40.387943267822266,203.72055053710938,100.63471984863281,29.877073287963867,82.39568328857422,104.64058685302734,37.01342010498047,75.50707244873047,30.798921585083008,49.2718620300293
2017-03-30,60.8303108215332,40.35812759399414,204.3692169189453,101.40308380126953,29.76364517211914,82.72830963134766,105.02948760986328,36.961063385009766,75.87982940673828,30.62293243408203,49.222496032714844
2017-03-31,60.867820739746094,40.34321975708008,203.89352416992188,101.5022201538086,29.71827507019043,82.6877212524414,104.84797668457031,37.00593185424805,75.63398742675781,30.39336395263672,49.1730842590332
2017-04-03,61.08900833129883,40.46704864501953,203.53892517089844,100.49429321289062,29.688026428222656,82.30644989013672,104.58873748779297,37.073265075683594,75.4753646850586,30.630584716796875,49.25863265991211
2017-04-04,61.02125930786133,40.45212173461914,203.66867065429688,100.56864166259766,29.67289924621582,82.2496337890625,104.64058685302734,37.050819396972656,75.57847595214844,30.699443817138672,49.264835357666016
2017-04-05,61.073974609375,40.48941421508789,203.06317138671875,99.7094497680664,29.51410484313965,81.8764419555664,104.21712493896484,37.088226318359375,75.26917266845703,30.645883560180664,49.2772331237793
2017-04-06,61.096588134765625,40.50435256958008,203.634033203125,100.60992431640625,29.536781311035156,82.3551025390625,104.54554748535156,37.0657844543457,75.50707244873047,30.59232521057129,49.395015716552734
2017-04-07,60.96113586425781,40.511783599853516,203.4264678955078,100.46949768066406,29.498981475830078,82.22529602050781,104.46773529052734,37.01342010498047,75.41191101074219,30.58466911315918,49.271060943603516
2017-04-10,61.02125930786133,40.50435256958008,203.54757690429688,100.78345489501953,29.498981475830078,82.4200210571289,104.59737396240234,37.028377532958984,75.41987609863281,30.43929100036621,49.3330078125
2017-04-11,61.21691131591797,40.52671432495117,203.30543518066406,101.44438171386719,29.619976043701172,82.59040832519531,104.56282043457031,37.050819396972656,75.41987609863281,30.469890594482422,49.426021575927734
2017-04-12,61.359867095947266,40.586395263671875,202.41453552246094,100.12252807617188,29.597286224365234,81.8764419555664,104.0270004272461,37.073265075683594,75.10263061523438,30.577016830444336,49.56855773925781
2017-04-13,61.450157165527344,40.638607025146484,201.09988403320312,98.89981079101562,29.408233642578125,81.2679672241211,103.31830596923828,37.10317611694336,74.47611236572266,30.416337966918945,49.500370025634766
2017-04-17,61.41252517700195,40.638607025146484,202.881591796875,100.03990173339844,29.650222778320312,82.07926940917969,104.21712493896484,37.03585433959961,75.0788345336914,30.676496505737305,49.6925163269043
2017-04-18,61.63071823120117,40.71318817138672,202.27609252929688,100.0564193725586,29.476289749145508,81.84397888183594,103.992431640625,37.050819396972656,74.75369262695312,30.316858291625977,49.66155242919922
2017-04-19,61.517845153808594,40.6684455871582,201.90423583984375,100.20516204833984,29.340171813964844,81.81964874267578,103.90599060058594,37.00593185424805,74.49198150634766,30.09494972229004,49.605743408203125
2017-04-20,61.435081481933594,40.623687744140625,203.54757690429688,101.23785400390625,29.604848861694336,82.5173568725586,104.76160430908203,37.0208854675293,75.12643432617188,30.40868377685547,49.599544525146484
2017-04-21,61.450157165527344,40.623687744140625,202.8988800048828,101.0395736694336,29.619976043701172,82.19286346435547,104.42453002929688,37.028377532958984,74.83297729492188,30.378067016601562,49.67393112182617
2017-04-24,61.36737823486328,40.601314544677734,205.13034057617188,102.21269989013672,30.27029037475586,83.15827941894531,105.53079223632812,37.0208854675293,75.72915649414062,30.730051040649414,49.816505432128906
2017-04-25,61.17927169799805,40.50435256958008,206.32391357421875,102.95625305175781,30.466901779174805,83.56394958496094,106.18756103515625,36.99097442626953,76.12568664550781,30.951950073242188,49.72350311279297
2017-04-26,61.23951721191406,40.51925277709961,206.19424438476562,103.35279083251953,30.35346794128418,83.47472381591797,106.21350860595703,36.99097442626953,76.0622329711914,30.837182998657227,49.63676071166992
2017-04-27,61.28460693359375,40.57893753051758,206.3671875,103.0967025756836,30.398847579956055,83.53150939941406,106.31720733642578,36.98349380493164,75.91155242919922,30.737693786621094,49.72970962524414
2017-04-28,61.352325439453125,40.5416374206543,205.9174041748047,101.90702056884766,30.37615966796875,83.01226806640625,105.9628677368164,36.99845504760742,75.61018371582031,30.867794036865234,49.853668212890625
2017-05-01,61.23777389526367,40.546112060546875,206.43637084960938,102.18791961669922,30.459339141845703,82.93925476074219,106.23942565917969,36.99097442626953,75.61812591552734,30.990215301513672,49.855552673339844
2017-05-02,61.34330368041992,40.613311767578125,206.51419067382812,101.82441711425781,30.640830993652344,82.7770004272461,106.23942565917969,36.97601318359375,75.57054138183594,31.143259048461914,49.930198669433594
2017-05-03,61.27545928955078,40.63571548461914,206.26336669921875,101.37830352783203,30.542522430419922,82.46057891845703,105.98014068603516,36.93113327026367,75.61018371582031,30.921354293823242,49.98618698120117
2017-05-04,61.20762252807617,40.55358123779297,206.50555419921875,100.97346496582031,30.761810302734375,82.46057891845703,106.05794525146484,36.86380386352539,75.61018371582031,30.59232521057129,49.75600814819336
2017-05-05,61.245277404785156,40.568519592285156,207.31858825683594,101.85746765136719,31.071849822998047,83.06092834472656,106.58514404296875,36.89373779296875,75.92740631103516,30.7683162689209,49.70622253417969
2017-05-08,61.13975143432617,40.5088005065918,207.28395080566406,101.41132354736328,30.92818832397461,82.9636001586914,106.42090606689453,36.86380386352539,75.85603332519531,30.577016830444336,49.73112106323242
2017-05-09,61.10959243774414,40.48639678955078,207.09365844726562,101.01477813720703,30.875242233276367,82.8499984741211,106.38634490966797,36.833885192871094,75.61812591552734,30.921354293823242,49.60047149658203
2017-05-10,61.102054595947266,40.5162353515625,207.46560668945312,101.61788940429688,30.920618057250977,83.27999114990234,106.61968994140625,36.87128829956055,75.80845642089844,31.166213989257812,49.78091812133789
2017-05-11,61.14726257324219,40.4565315246582,207.0417938232422,100.9569091796875,30.86013412475586,82.76888275146484,106.30857849121094,36.92365264892578,75.61812591552734,31.150909423828125,49.82441329956055
2017-05-12,61.328208923339844,40.57598114013672,206.69581604003906,100.24645233154297,30.996244430541992,82.29833221435547,106.10115051269531,36.901214599609375,75.31676483154297,31.31925392150879,49.98618698120117
2017-05-15,61.313140869140625,40.5162353515625,207.83746337890625,100.85778045654297,31.177719116210938,82.9473648071289,106.67153930664062,36.89373779296875,75.75296783447266,31.610023498535156,50.023555755615234
2017-05-16,61.37342834472656,40.5162353515625,207.64723205566406,100.61823272705078,31.336519241333008,82.7526626586914,106.61103057861328,36.901214599609375,75.64984893798828,31.640634536743164,50.05463790893555
2017-05-17,61.705108642578125,40.67303466796875,203.9626922607422,98.46192932128906,30.958423614501953,81.30043029785156,104.69244384765625,36.961063385009766,74.325439453125,31.166213989257812,50.07955551147461
2017-05-18,61.65236282348633,40.702880859375,204.78436279296875,98.43714904785156,31.0189266204834,81.29231262207031,105.0035629272461,36.93861389160156,74.44441223144531,30.59232521057129,49.930198669433594
2017-05-19,61.69007110595703,40.66556930541992,206.11634826660156,99.32113647460938,31.374324798583984,81.9169921875,105.75545501708984,36.96853256225586,75.03125762939453,31.135601043701172,49.94888687133789
2017-05-22,61.6373176574707,40.63571548461914,207.16287231445312,99.90772247314453,31.45751190185547,82.40377044677734,106.31720733642578,36.961063385009766,75.34847259521484,31.127952575683594,49.92400360107422
2017-05-23,61.509132385253906,40.63571548461914,207.6212615966797,100.14729309082031,31.427257537841797,82.53359985351562,106.49867248535156,36.946083068847656,75.61812591552734,31.112646102905273,49.96753692626953
2017-05-24,61.6373176574707,40.6580924987793,208.10565185546875,100.33732604980469,31.49532699584961,82.72830963134766,106.80979919433594,36.961063385009766,75.68949890136719,31.21977424621582,50.135555267333984
2017-05-25,61.6373176574707,40.717811584472656,209.1002960205078,100.33732604980469,31.487768173217773,83.16641235351562,107.25920867919922,36.93861389160156,75.88776397705078,31.380470275878906,50.073341369628906
2017-05-26,61.6674690246582,40.807403564453125,209.0570831298828,100.17210388183594,31.404571533203125,83.13397216796875,107.24189758300781,36.98349380493164,75.90363311767578,31.456981658935547,50.185302734375
2017-05-30,61.75795364379883,40.81486892700195,208.87539672851562,99.61029052734375,31.351652145385742,82.9636001586914,107.06909942626953,37.01342010498047,75.7608642578125,31.403419494628906,50.185302734375
2017-05-31,61.788063049316406,40.837276458740234,208.8235321044922,99.46159362792969,31.412139892578125,83.08528137207031,107.0345230102539,36.99097442626953,75.65778350830078,31.17386817932129,50.2351188659668
2017-06-01,61.80470657348633,40.78274154663086,210.48416137695312,101.18000030517578,31.623882293701172,84.04259490966797,108.02835083007812,37.00593185424805,76.34774017333984,31.403419494628906,50.284420013427734
2017-06-02,62.008670806884766,40.79021453857422,211.18470764160156,101.34523010253906,31.926353454589844,83.94525909423828,108.3826904296875,37.0208854675293,76.36360168457031,31.502899169921875,50.50297164916992
2017-06-05,61.910457611083984,40.78274154663086,211.0290069580078,100.79170989990234,31.790225982666016,83.60453033447266,108.2444076538086,36.99097442626953,76.34774017333984,31.502899169921875,50.446781158447266
2017-06-06,62.023773193359375,40.86491775512695,210.35438537597656,100.43646240234375,31.714618682861328,83.35301208496094,107.96788024902344,37.050819396972656,76.19705963134766,31.525859832763672,50.52796936035156
2017-06-07,61.9406852722168,40.84250259399414,210.7436065673828,100.37036895751953,31.691938400268555,83.36114501953125,108.0888671875,36.97601318359375,76.30015563964844,31.502899169921875,50.39683151245117
2017-06-08,61.895362854003906,40.87987518310547,210.84742736816406,101.30394744873047,31.64655113220215,83.56394958496094,108.27899169921875,36.95357894897461,76.37944030761719,31.564109802246094,50.35311508178711
2017-06-09,61.84246826171875,40.89480972290039,210.52735900878906,102.30358123779297,31.533126831054688,83.92092895507812,108.19257354736328,36.96853256225586,76.99009704589844,31.349863052368164,50.31563186645508
2017-06-12,61.827354431152344,40.9246940612793,210.48416137695312,102.44401550292969,31.434823989868164,84.07506561279297,108.17528533935547,36.93113327026367,77.14077758789062,31.235090255737305,50.37809371948242
2017-06-13,61.84246826171875,40.89480972290039,211.51333618164062,103.02232360839844,31.707050323486328,84.6754379272461,108.71112060546875,36.92365264892578,77.39456939697266,31.380470275878906,50.3281364440918
2017-06-14,62.06911087036133,40.96953582763672,211.24522399902344,102.4770736694336,31.669248580932617,84.35901641845703,108.5555419921875,36.84885025024414,77.30734252929688,31.357519149780273,50.60295104980469
2017-06-15,62.00112533569336,40.90977096557617,210.8387908935547,102.03919982910156,31.328969955444336,84.0588607788086,108.3135757446289,36.78152847290039,77.19630432128906,31.082046508789062,50.40935516357422
2017-06-16,62.06911087036133,40.89480972290039,210.88487243652344,101.79136657714844,31.608755111694336,84.19676208496094,108.2444076538086,36.81892776489258,77.30734252929688,31.1815242767334,50.37183380126953
2017-06-19,61.978458404541016,40.90977096557617,212.6405029296875,102.34488677978516,31.722187042236328,84.62677001953125,109.12593841552734,36.76657485961914,77.71971130371094,31.388124465942383,50.22196578979492
2017-06-20,62.06911087036133,40.991943359375,211.20643615722656,101.1386947631836,31.434823989868164,83.88846588134766,108.3826904296875,36.76657485961914,77.2200927734375,31.013181686401367,50.12204360961914
2017-06-21,62.09931564331055,40.99941635131836,211.15423583984375,100.38687896728516,31.405750274658203,83.58937072753906,108.25682830810547,36.78152847290039,76.91080474853516,31.130983352661133,50.04710388183594
2017-06-22,62.12201690673828,41.029300689697266,211.0586395263672,100.57691192626953,31.466962814331055,83.4508285522461,108.30022430419922,36.8264045715332,76.84735107421875,31.24648094177246,50.14080047607422
2017-06-23,62.13713836669922,40.99941635131836,211.3107147216797,101.12216186523438,31.53582000732422,83.69532775878906,108.56937408447266,36.8264045715332,76.86093139648438,31.361982345581055,50.27194595336914
2017-06-26,62.20510482788086,41.021846771240234,211.44972229003906,101.64264678955078,31.597013473510742,84.0294418334961,108.64753723144531,36.86380386352539,77.0762939453125,31.693078994750977,50.321895599365234
2017-06-27,61.99361038208008,40.84250259399414,209.7462921142578,101.09738159179688,31.58937644958496,83.5079116821289,107.75324249267578,36.84136199951172,76.6615219116211,31.361982345581055,50.165771484375
2017-06-28,61.99361038208008,40.8200798034668,211.62356567382812,102.33258819580078,31.872451782226562,84.20059967041016,108.76905822753906,36.88625717163086,77.25973510742188,31.546783447265625,50.19697189331055
2017-06-29,61.86513900756836,40.580989837646484,209.76365661621094,101.84349822998047,31.55112075805664,83.69532775878906,107.90087127685547,36.856327056884766,76.83699798583984,31.192590713500977,49.95969009399414
2017-06-30,61.81980895996094,40.618350982666016,210.1547393798828,101.89324188232422,31.612327575683594,83.83387756347656,108.0484390258789,36.8264045715332,77.02046203613281,31.438989639282227,50.02213668823242
2017-07-03,61.82662582397461,40.542816162109375,210.51107788085938,102.90460205078125,31.55112075805664,84.33097839355469,108.30889892578125,36.8264045715332,77.5229721069336,31.585285186767578,49.95505905151367
2017-07-05,61.864532470703125,40.55030822753906,210.99778747558594,102.30774688720703,31.56641960144043,84.1435317993164,108.43045043945312,36.833885192871094,77.51499938964844,31.531387329101562,49.74818801879883
2017-07-06,61.72042465209961,40.475502014160156,209.068359375,101.04765319824219,31.37514305114746,83.33674621582031,107.36255645751953,36.79648971557617,76.797119140625,31.184877395629883,49.60398483276367
2017-07-07,61.70525360107422,40.40818786621094,210.42416381835938,101.85179901123047,31.4287109375,83.94795227050781,108.10920715332031,36.78152847290039,77.16402435302734,31.269588470458984,49.585227966308594
2017-07-10,61.73560333251953,40.453067779541016,210.650146484375,101.47042846679688,31.48225975036621,84.05389404296875,108.18736267089844,36.78152847290039,77.11617279052734,31.49289321899414,49.78578186035156
2017-07-11,61.79629135131836,40.42314147949219,210.4937286376953,101.5699234008789,31.581716537475586,83.95611572265625,108.16132354736328,36.80396270751953,76.94068908691406,31.71617317199707,49.760711669921875
2017-07-12,61.940460205078125,40.55030822753906,212.0755157470703,102.29944610595703,31.864784240722656,84.44508361816406,108.93400573730469,36.8264045715332,77.38737487792969,32.31678771972656,50.01774215698242
2017-07-13,61.91767120361328,40.52785873413086,212.4318389892578,102.581298828125,31.956605911254883,84.62438201904297,109.10765075683594,36.81892776489258,77.53096008300781,32.40919494628906,50.005184173583984
2017-07-14,61.940460205078125,40.51289749145508,213.4226837158203,102.87145233154297,32.18611526489258,84.9666519165039,109.59385681152344,36.833885192871094,77.794189453125,32.74028015136719,50.1368522644043
2017-07-17,62.023887634277344,40.542816162109375,213.3966064453125,103.1367416381836,32.132568359375,85.28446197509766,109.59385681152344,36.84136199951172,77.78619384765625,32.57087326049805,50.2057991027832
2017-07-18,62.16801452636719,40.61759948730469,213.50955200195312,102.79683685302734,32.201419830322266,85.00740814208984,109.66329956054688,36.87876892089844,77.66653442382812,32.62477493286133,50.2935791015625
2017-07-19,62.17557907104492,40.654998779296875,214.66551208496094,103.84968566894531,32.354434967041016,85.52896118164062,110.29710388183594,36.89373779296875,78.00154876708984,32.94048309326172,50.36250305175781
2017-07-20,62.21357345581055,40.662471771240234,214.7611083984375,103.9159927368164,32.461544036865234,85.45561981201172,110.36656951904297,36.87876892089844,78.06538391113281,32.87117385864258,50.3875846862793
2017-07-21,62.281768798828125,40.752220153808594,214.5699462890625,103.47662353515625,32.37738037109375,85.44747924804688,110.21895599365234,36.87876892089844,77.92179107666016,32.801883697509766,50.4377326965332
2017-07-24,62.25148010253906,40.71481704711914,214.5177764892578,103.47662353515625,32.31617736816406,85.39041900634766,110.22763061523438,36.87128829956055,77.80213928222656,32.92509078979492,50.3311882019043
2017-07-25,62.01630783081055,40.632545471191406,215.0392303466797,104.43829345703125,32.33912658691406,85.80606079101562,110.59228515625,36.84885025024414,78.16905212402344,32.87117385864258,50.24968338012695
2017-07-26,62.16801452636719,40.67742156982422,215.0478973388672,103.6258544921875,32.545692443847656,85.49636840820312,110.51414489746094,36.901214599609375,78.009521484375,33.1098747253418,50.506683349609375
2017-07-27,62.09213638305664,40.67742156982422,214.8480224609375,103.41030883789062,32.42328643798828,85.36597442626953,110.32315063476562,36.91617202758789,78.13714599609375,32.94048309326172,50.37508773803711
2017-07-28,62.20590591430664,40.69236755371094,214.59596252441406,103.05381774902344,32.453895568847656,85.17855834960938,110.14083099365234,36.92365264892578,78.06538391113281,33.06367111206055,50.39387512207031
2017-07-31,62.198341369628906,40.68490982055664,214.4742889404297,102.92949676513672,32.522735595703125,85.25186920166016,110.08003234863281,36.92365264892578,78.20894622802734,33.117584228515625,50.41268539428711
2017-08-01,62.451290130615234,40.848087310791016,214.95228576660156,103.1781997680664,32.70634841918945,85.56155395507812,110.30577850341797,36.95357894897461,78.400390625,33.25617218017578,50.484413146972656
2017-08-02,62.41317367553711,40.78822708129883,215.05661010742188,102.46522521972656,32.69105529785156,85.39856719970703,110.20159149169922,36.92365264892578,78.39239501953125,33.333187103271484,50.534759521484375
2017-08-03,62.542694091796875,40.89300537109375,214.63943481445312,102.0341567993164,32.64514923095703,85.21929931640625,109.94982147216797,36.93113327026367,78.3604965209961,33.20998001098633,50.64802169799805
2017-08-04,62.443660736083984,40.89300537109375,215.03054809570312,102.572998046875,32.69105529785156,85.235595703125,110.18423461914062,36.95357894897461,78.55194091796875,33.29468536376953,50.57877731323242
2017-08-07,62.46651077270508,40.87055969238281,215.43035888671875,102.572998046875,32.71400451660156,85.43115997314453,110.40129852294922,36.961063385009766,78.56787872314453,33.55647659301758,50.63541793823242
2017-08-08,62.382720947265625,40.833106994628906,214.9001922607422,102.21654510498047,32.545692443847656,85.19483184814453,110.09740447998047,36.97601318359375,78.4242935180664,33.510284423828125,50.616519927978516
2017-08-09,62.42841339111328,40.900482177734375,214.89151000976562,101.41239929199219,32.461544036865234,84.90145874023438,109.97586822509766,36.99845504760742,78.39239501953125,33.32547378540039,50.59138488769531
2017-08-10,62.519840240478516,40.952884674072266,211.85824584960938,99.88703918457031,31.994863510131836,83.78498077392578,108.36100006103516,37.00593185424805,77.49105834960938,32.55549240112305,50.427757263183594
2017-08-11,62.57316970825195,41.01277160644531,212.1710968017578,99.87043762207031,31.987207412719727,83.75236511230469,108.5606918334961,37.01342010498047,77.4033203125,32.655582427978516,50.45922088623047
2017-08-14,62.527442932128906,40.952884674072266,214.27439880371094,101.03105926513672,32.20906448364258,84.551025390625,109.67201232910156,36.95357894897461,78.08132934570312,32.94048309326172,50.62282943725586
2017-08-15,62.4207878112793,40.93791198730469,214.2483367919922,100.42589569091797,32.178462982177734,84.3065414428711,109.56778717041016,36.90869140625,78.07332611083984,32.91738510131836,50.59138488769531
2017-08-16,62.51223373413086,40.900482177734375,214.62205505371094,100.58340454101562,32.37738037109375,84.56731414794922,109.76750183105469,36.93113327026367,78.0972900390625,33.317771911621094,50.64170837402344
2017-08-17,62.6264533996582,40.98284149169922,211.27590942382812,98.85906219482422,32.010162353515625,83.17375183105469,108.02241516113281,36.961063385009766,76.964599609375,32.89426803588867,50.67945098876953
2017-08-18,62.59599685668945,40.97536087036133,210.94564819335938,98.7098617553711,32.10196304321289,82.95374298095703,107.84005737304688,36.95357894897461,76.797119140625,33.13298416137695,50.773834228515625
2017-08-21,62.6264533996582,40.997779846191406,211.1107177734375,98.7015609741211,32.109619140625,82.97001647949219,107.9963607788086,36.95357894897461,76.86093139648438,33.21767807006836,50.824180603027344
2017-08-22,62.55030059814453,40.98284149169922,213.31834411621094,99.63834381103516,32.27027893066406,83.64641571044922,109.08160400390625,36.93113327026367,77.53096008300781,33.510284423828125,50.761268615722656
2017-08-23,62.7331657409668,41.0202522277832,212.5535125732422,99.48081970214844,32.285579681396484,83.60567474365234,108.75169372558594,36.98349380493164,77.33152770996094,33.67197036743164,50.88711166381836
2017-08-24,62.6417236328125,41.0202522277832,212.0581512451172,99.62175750732422,32.247318267822266,83.57311248779297,108.57805633544922,36.946083068847656,77.25176239013672,33.74897766113281,50.96263885498047
2017-08-25,62.717872619628906,41.0202522277832,212.5535125732422,100.17718505859375,32.43859100341797,83.96426391601562,108.8385238647461,36.95357894897461,77.49903869628906,34.033870697021484,51.006675720214844
2017-08-28,62.74839401245117,41.042720794677734,212.5622100830078,100.17718505859375,32.43859100341797,83.85017395019531,108.88191986083984,36.97601318359375,77.3634262084961,34.02616500854492,51.012977600097656
2017-08-29,62.81691360473633,41.05768585205078,212.80560302734375,100.10257720947266,32.300880432128906,83.524169921875,108.92533111572266,36.99845504760742,77.37139892578125,33.95688247680664,51.044437408447266
2017-08-30,62.809295654296875,41.042720794677734,213.81375122070312,100.6248550415039,32.254966735839844,83.7361068725586,109.49837493896484,36.97601318359375,77.5389175415039,33.995391845703125,51.18916702270508
2017-08-31,62.86263656616211,41.06515121459961,215.10009765625,101.42900085449219,32.5303955078125,84.19245147705078,110.24500274658203,37.028377532958984,77.84202575683594,34.110877990722656,51.3338737487793
2017-09-01,62.75878143310547,41.04194641113281,215.40426635742188,102.0341567993164,32.59159469604492,84.73029327392578,110.49681091308594,36.99845504760742,78.07332611083984,34.357269287109375,51.24225997924805
2017-09-05,63.01839828491211,41.1468391418457,213.857177734375,100.707763671875,32.354434967041016,83.72793579101562,109.64594268798828,37.09571075439453,77.30760955810547,34.09547805786133,51.406524658203125
2017-09-06,62.911476135253906,41.12434005737305,214.5872802734375,100.9979019165039,32.59159469604492,83.8908920288086,109.94982147216797,37.05830001831055,77.57083892822266,34.34188461303711,51.337039947509766
2017-09-07,63.10996627807617,41.169315338134766,214.5612030029297,100.55854034423828,32.85936737060547,83.49974060058594,109.89775085449219,37.12562561035156,77.32353210449219,34.511268615722656,51.43185043334961
2017-09-08,63.04130172729492,41.169315338134766,214.30914306640625,100.87357330322266,32.851722717285156,83.7116470336914,109.81959533691406,37.148067474365234,77.33951568603516,34.28797149658203,51.46343231201172
2017-09-11,62.850440979003906,41.10935974121094,216.59500122070312,102.0341567993164,33.09653854370117,84.74659729003906,111.0003662109375,37.09571075439453,78.28072357177734,34.68836975097656,51.43185043334961
2017-09-12,62.75878143310547,41.01947021484375,217.32504272460938,102.84657287597656,33.1653938293457,85.21112060546875,111.42578125,37.088226318359375,78.64765167236328,34.62677001953125,51.343360900878906
2017-09-13,62.68247985839844,40.99699020385742,217.42933654785156,102.9543685913086,33.012386322021484,85.1214599609375,111.47786712646484,37.073265075683594,78.79918670654297,34.395774841308594,51.330711364746094
2017-09-14,62.72067642211914,40.907081604003906,217.3597869873047,102.81344604492188,33.104190826416016,85.1214599609375,111.44314575195312,37.09571075439453,78.8869400024414,34.46508026123047,51.362300872802734
2017-09-15,62.728271484375,40.907081604003906,217.6523895263672,103.28596496582031,33.1194953918457,85.39856719970703,111.6515121459961,37.073265075683594,79.07836151123047,34.69607162475586,51.4128532409668
2017-09-18,62.68247985839844,40.869632720947266,218.11532592773438,103.8082504272461,33.173038482666016,85.56155395507812,111.92064666748047,37.088226318359375,79.42933654785156,34.6652717590332,51.31175994873047
2017-09-19,62.63667297363281,40.91457748413086,218.33367919921875,103.708740234375,33.333709716796875,85.58599853515625,111.9727554321289,37.073265075683594,79.57290649414062,34.69607162475586,51.286476135253906
2017-09-20,62.58328628540039,40.869632720947266,218.4123077392578,104.03208923339844,33.248435974121094,85.58847045898438,112.15507507324219,37.0208854675293,79.71648406982422,34.59636306762695,51.07796859741211
2017-09-21,62.56797409057617,40.869632720947266,217.8270721435547,103.8082504272461,33.19465637207031,85.36739349365234,111.8425064086914,36.99097442626953,79.58885955810547,34.62751388549805,51.128543853759766
2017-09-22,62.629032135009766,40.907081604003906,217.8707733154297,104.23931884765625,33.271488189697266,85.52296447753906,111.93230438232422,37.028377532958984,79.64911651611328,34.41718292236328,51.21065902709961
2017-09-25,62.76643753051758,40.97449493408203,217.42535400390625,104.68699645996094,33.125518798828125,85.74398803710938,111.74923706054688,37.073265075683594,79.76151275634766,33.77838134765625,51.204368591308594
2017-09-26,62.73591232299805,40.96702575683594,217.5563201904297,105.03515625,33.002601623535156,85.89958190917969,111.775390625,37.03585433959961,79.705322265625,33.770591735839844,51.24859619140625
2017-09-27,62.54505157470703,40.877098083496094,218.403564453125,106.09898376464844,33.0487060546875,86.17794036865234,112.3857192993164,37.043331146240234,79.93017578125,33.583641052246094,51.04009246826172
2017-09-28,62.56033706665039,40.862117767333984,218.6656036376953,106.40724182128906,33.15625,86.24342346191406,112.5688705444336,37.050819396972656,80.01850891113281,33.59920883178711,51.128543853759766
2017-09-29,62.56797409057617,40.89958572387695,219.43421936035156,106.45718383789062,33.348297119140625,86.48904418945312,112.93507385253906,36.99097442626953,80.1630630493164,33.94198226928711,51.273860931396484
2017-10-02,62.54350280761719,40.85383605957031,220.3862762451172,107.55685424804688,33.30988311767578,86.89840698242188,113.52799224853516,36.97601318359375,80.66900634765625,33.973140716552734,51.2630729675293
2017-10-03,62.574100494384766,40.84635543823242,220.85794067382812,107.75679016113281,33.44049072265625,86.97208404541016,113.75469970703125,37.00593185424805,80.85371398925781,34.44055938720703,51.256744384765625
2017-10-04,62.574100494384766,40.85383605957031,221.1199951171875,107.48188781738281,33.379032135009766,87.25862884521484,113.86805725097656,37.01342010498047,80.95006561279297,34.47950744628906,51.23771667480469
2017-10-05,62.52817916870117,40.89133834838867,222.4300994873047,107.81511688232422,33.348297119140625,87.53700256347656,114.4697036743164,37.01342010498047,81.32750701904297,34.697635650634766,51.21235275268555
2017-10-06,62.459346771240234,40.88383865356445,222.1768341064453,107.58184814453125,33.30988311767578,87.25862884521484,114.39119720458984,37.01342010498047,81.19903564453125,34.56520080566406,51.193359375
2017-10-09,62.520530700683594,40.91383743286133,221.8099822998047,107.2236328125,33.32526397705078,86.86564636230469,114.16449737548828,37.01342010498047,80.9822006225586,34.44835662841797,51.09818649291992
2017-10-10,62.5511474609375,40.89133834838867,222.39517211914062,107.5401840209961,33.63255310058594,87.10308074951172,114.43482971191406,37.03585433959961,81.25524139404297,34.783321380615234,51.193359375
2017-10-11,62.58169937133789,40.88383865356445,222.7445526123047,107.45689392089844,33.74777603149414,87.09488677978516,114.59176635742188,37.043331146240234,81.23920440673828,34.88460159301758,51.225013732910156
2017-10-12,62.635284423828125,40.94383239746094,222.4126739501953,107.36526489257812,33.74777603149414,87.11947631835938,114.4522705078125,37.050819396972656,81.05448150634766,34.88460159301758,51.31381607055664
2017-10-13,62.765323638916016,41.011314392089844,222.6834259033203,107.37358856201172,33.91678237915039,87.43058776855469,114.53941345214844,37.043331146240234,81.07051849365234,35.19620895385742,51.37089157104492
2017-10-16,62.704158782958984,41.07880783081055,222.9803924560547,107.38192749023438,33.886051177978516,87.5288314819336,114.61791229248047,36.98349380493164,81.20708465576172,35.16503143310547,51.38359451293945
2017-10-17,62.71181869506836,41.08632278442383,223.1376190185547,107.1486587524414,33.809242248535156,87.43058776855469,114.67023468017578,36.961063385009766,81.31146240234375,34.99367141723633,51.37724685668945
2017-10-18,62.61234664916992,41.05631637573242,223.35594177246094,107.4652099609375,33.870704650878906,87.53700256347656,114.81845092773438,36.95357894897461,81.52025604248047,35.024818420410156,51.37089157104492
2017-10-19,62.6429328918457,41.06379699707031,223.41708374023438,107.5318603515625,33.809242248535156,87.6025161743164,114.84464263916016,36.98349380493164,81.72103881835938,34.76774215698242,51.44066619873047
2017-10-20,62.489933013916016,40.98882293701172,224.57003784179688,107.97338104248047,33.76313400268555,88.21653747558594,115.46372985839844,36.98349380493164,82.29924011230469,34.90797424316406,51.33916473388672
2017-10-23,62.54350280761719,41.01882553100586,223.6966094970703,107.29025268554688,33.67864227294922,87.93818664550781,114.9754638671875,36.96853256225586,82.10649108886719,34.59636306762695,51.24406051635742
2017-10-24,62.43638610839844,40.973838806152344,224.0896759033203,107.60681915283203,33.75545883178711,88.10191345214844,115.17596435546875,36.97601318359375,82.24302673339844,34.68983840942383,51.24406051635742
2017-10-25,62.382843017578125,40.973838806152344,222.9803924560547,107.0237045288086,33.6171760559082,87.3077621459961,114.5743179321289,36.98349380493164,81.77725219726562,34.611942291259766,51.16792297363281
2017-10-26,62.30635452270508,41.04130554199219,223.26864624023438,107.39857482910156,33.57876205444336,87.53700256347656,114.72256469726562,36.96853256225586,81.97802734375,34.432762145996094,50.97136306762695
2017-10-27,62.44405746459961,41.07132339477539,225.0941162109375,107.84844207763672,33.7093620300293,87.3650894165039,115.65557098388672,37.028377532958984,82.17878723144531,34.853431701660156,51.16161346435547
2017-10-30,62.58939743041992,41.16130065917969,224.2556610107422,106.83208465576172,33.786190032958984,86.90660095214844,115.14983367919922,37.0657844543457,81.67285919189453,34.5729866027832,51.35820388793945
2017-10-31,62.5511474609375,41.15380096435547,224.60496520996094,107.37358856201172,33.9398307800293,87.1931381225586,115.38525390625,37.05830001831055,81.6326904296875,34.76774215698242,51.345558166503906
2017-11-01,62.59176254272461,41.18983840942383,224.9019775390625,107.12366485595703,34.01664352416992,87.25045013427734,115.4811782836914,37.03585433959961,81.87362670898438,34.853431701660156,51.348724365234375
2017-11-02,62.653076171875,41.22734069824219,224.98928833007812,107.50689697265625,34.08580017089844,86.88204193115234,115.50733947753906,37.08074188232422,82.05831909179688,34.962493896484375,51.43149948120117
2017-11-03,62.70675277709961,41.24235916137695,225.740478515625,107.2486343383789,34.05507278442383,86.914794921875,115.81249237060547,37.073265075683594,82.08242797851562,34.759944915771484,51.20224380493164
2017-11-06,62.752723693847656,41.30242156982422,226.08982849121094,107.5318603515625,34.11653137207031,87.3650894165039,116.03050994873047,37.118141174316406,82.0101318359375,35.094940185546875,51.004817962646484
2017-11-07,62.775753021240234,41.37746810913086,225.93258666992188,106.5738296508789,34.00128173828125,87.11126708984375,115.82996368408203,37.13310623168945,81.92182159423828,34.87681198120117,50.820125579833984
2017-11-08,62.72975158691406,41.34744644165039,226.31695556640625,106.66548156738281,34.147254943847656,87.1931381225586,116.02176666259766,37.110660552978516,81.92982482910156,35.00144577026367,50.87109375
2017-11-09,62.66844940185547,41.21235275268555,225.49588012695312,106.29057312011719,33.91678237915039,87.0293960571289,115.55091094970703,37.12562561035156,81.64874267578125,34.869022369384766,50.718238830566406
2017-11-10,62.41544723510742,41.13728713989258,225.42604064941406,106.17396545410156,33.8322868347168,86.914794921875,115.56835174560547,37.088226318359375,81.5604248046875,34.7365837097168,50.69914627075195
2017-11-13,62.42314529418945,41.14479446411133,225.6356201171875,106.24893188476562,33.701683044433594,87.18497467041016,115.62936401367188,37.073265075683594,81.64073944091797,34.66646957397461,50.80099868774414
2017-11-14,62.499752044677734,41.19733428955078,225.111572265625,106.0073471069336,33.67095184326172,87.21770477294922,115.42013549804688,37.05830001831055,81.447998046875,34.432762145996094,50.73097229003906
2017-11-15,62.645381927490234,41.25737380981445,223.98492431640625,105.49085235595703,33.50962829589844,86.78378295898438,114.82723236083984,37.09571075439453,81.11067962646484,34.15232849121094,50.83287811279297
2017-11-16,62.56111526489258,41.2498779296875,225.88897705078125,106.71546936035156,33.8322868347168,87.34870910644531,115.87354278564453,37.08074188232422,81.69694519042969,34.759944915771484,50.96661376953125
2017-11-17,62.62244415283203,41.25737380981445,225.22518920898438,107.11532592773438,33.701683044433594,87.6270523071289,115.65557098388672,37.088226318359375,81.52830505371094,34.95470428466797,51.01118087768555
2017-11-20,62.584110260009766,41.27988052368164,225.60940551757812,107.54853820800781,33.76313400268555,87.83174133300781,115.95201873779297,37.028377532958984,81.7129898071289,35.102725982666016,50.99207305908203
2017-11-21,62.63780212402344,41.31742858886719,227.08551025390625,108.18164825439453,34.02432632446289,88.10191345214844,116.75419616699219,37.0208854675293,82.03424072265625,35.53897476196289,51.05574035644531
2017-11-22,62.76810073852539,41.37746810913086,226.88467407226562,108.16498565673828,34.139556884765625,88.06099700927734,116.66700744628906,37.073265075683594,81.9458999633789,35.65583038330078,51.265907287597656
2017-11-24,62.752723693847656,41.33994674682617,227.4086456298828,108.04003143310547,34.35466766357422,88.17559814453125,116.93729400634766,37.0657844543457,82.01815795898438,35.52340316772461,51.18948745727539
2017-11-27,62.72975158691406,41.37746810913086,227.29519653320312,107.9067611694336,34.139556884765625,88.06099700927734,116.81523895263672,37.073265075683594,82.03424072265625,35.15726089477539,51.25319290161133
2017-11-28,62.72975158691406,41.27988052368164,229.60105895996094,109.53956604003906,34.30857467651367,89.16625213623047,117.97491455078125,37.05830001831055,83.23885345458984,35.36759948730469,51.32960510253906
2017-11-29,62.576454162597656,41.21985626220703,229.4613037109375,110.422607421875,34.16261672973633,89.72296905517578,117.97491455078125,37.028377532958984,83.84918212890625,34.87681198120117,51.17041778564453
2017-11-30,62.48442077636719,41.2498779296875,231.4702606201172,110.77247619628906,34.23175811767578,90.16508483886719,118.88176727294922,37.01342010498047,84.5076904296875,34.6508903503418,51.100345611572266
2017-12-01,62.65190124511719,41.37608337402344,230.98980712890625,110.4642562866211,34.13187789916992,90.15689086914062,118.6463851928711,37.043331146240234,84.45148468017578,34.31591033935547,51.262054443359375
2017-12-04,62.65958786010742,41.39860916137695,230.71035766601562,110.8891372680664,33.99361801147461,90.54987335205078,118.48939514160156,37.00593185424805,84.7486343383789,34.432762145996094,51.22370529174805
2017-12-05,62.73641586303711,41.42865753173828,229.88058471679688,109.8394546508789,33.94751739501953,89.85397338867188,117.98363494873047,37.00593185424805,84.26678466796875,34.37822723388672,51.35795593261719
2017-12-06,62.8055534362793,41.466209411621094,229.9242401123047,109.31462097167969,33.79386520385742,89.60835266113281,117.91390991210938,36.99845504760742,84.17845916748047,33.94977569580078,51.37708282470703
2017-12-07,62.72104263305664,41.43616485595703,230.64923095703125,110.03935241699219,33.89374542236328,90.12415313720703,118.38475036621094,37.028377532958984,84.33905029296875,33.99650573730469,51.281253814697266
2017-12-08,62.69797134399414,41.45118713378906,231.9069366455078,110.3559341430664,34.08580017089844,90.8364028930664,119.00382232666016,37.0208854675293,84.90924835205078,34.386024475097656,51.23646545410156
2017-12-11,62.65190124511719,41.466209411621094,232.6056671142578,110.20600128173828,34.15492630004883,90.85281372070312,119.2828598022461,37.01342010498047,85.1421127319336,34.611942291259766,51.217288970947266
2017-12-12,62.64424133300781,41.421138763427734,233.01625061035156,110.07272338867188,34.17797088623047,90.80368041992188,119.41366577148438,37.0208854675293,85.45533752441406,34.36265563964844,51.19174575805664
2017-12-13,62.820899963378906,41.466209411621094,232.989990234375,110.10601806640625,34.323936462402344,90.6972427368164,119.43111419677734,37.028377532958984,85.30276489257812,34.7365837097168,51.319602966308594
2017-12-14,62.84392547607422,41.47373580932617,232.03793334960938,108.8647689819336,34.16261672973633,90.07501220703125,118.87306213378906,37.00593185424805,84.78880310058594,34.51845169067383,51.35154342651367
2017-12-15,62.851627349853516,41.51129150390625,233.97023010253906,110.13933563232422,34.139556884765625,90.90191650390625,119.93685150146484,36.98349380493164,85.47138977050781,34.611942291259766,51.43463897705078
2017-12-18,62.75178146362305,41.49626541137695,235.45387268066406,111.51390838623047,34.52367401123047,91.71247100830078,120.76521301269531,36.97601318359375,85.95325469970703,34.97028350830078,51.4090576171875
2017-12-19,62.5597038269043,41.35353088378906,234.5496826171875,110.8224868774414,34.41612243652344,91.38496398925781,120.27691650390625,36.96853256225586,85.70426940917969,34.87681198120117,51.34515380859375
2017-12-20,62.43680953979492,41.33852767944336,234.42666625976562,111.10567474365234,34.393089294433594,91.43409729003906,120.26817321777344,36.961063385009766,85.73641204833984,34.923545837402344,51.306819915771484
2017-12-21,62.47519302368164,41.30093002319336,234.9096221923828,111.50985717773438,34.503231048583984,91.80804443359375,120.54241943359375,36.97601318359375,86.0086898803711,35.26951599121094,51.319602966308594
2017-12-22,62.5059814453125,41.3084602355957,234.8481903076172,111.45954132080078,34.58855438232422,91.9398422241211,120.49867248535156,36.961063385009766,86.00064086914062,35.559120178222656,51.38349914550781
2017-12-26,62.56834411621094,41.316829681396484,234.567138671875,111.58531951904297,34.5963134765625,92.0963134765625,120.40223693847656,37.00054931640625,85.93598175048828,35.5982551574707,51.450218200683594
2017-12-27,62.76084518432617,41.392906188964844,234.6813507080078,111.56016540527344,34.68162536621094,91.99749755859375,120.44601440429688,37.01573944091797,85.96023559570312,35.590431213378906,51.50160217285156
2017-12-28,62.72235107421875,41.33203125,235.1641387939453,111.99617004394531,34.79022216796875,92.32695007324219,120.70889282226562,37.0233268737793,86.18644714355469,35.762630462646484,51.424560546875
2017-12-29,62.82249069213867,41.362457275390625,234.27749633789062,111.33378601074219,34.79800033569336,91.89864349365234,120.26204681396484,37.07650375366211,85.9036636352539,35.934837341308594,51.52086639404297
2018-01-02,62.6453742980957,41.27119064331055,235.95431518554688,112.22257995605469,35.10051345825195,92.35166931152344,121.11197662353516,37.046119689941406,86.1702880859375,36.55317687988281,51.61073303222656
2018-01-03,62.69924545288086,41.301612854003906,237.44668579101562,112.20578002929688,35.317718505859375,92.72232818603516,121.81292724609375,37.053707122802734,86.50157165527344,36.90541076660156,51.662044525146484
2018-01-04,62.66849136352539,41.3092155456543,238.44752502441406,112.46573638916016,35.63574981689453,93.07650756835938,122.2773208618164,37.061302185058594,87.00252532958984,37.13239288330078,51.6684684753418
2018-01-05,62.583740234375,41.3092155456543,240.03656005859375,112.8262710571289,35.80640411376953,93.43070983886719,122.99586486816406,37.053707122802734,87.43073272705078,37.46113204956055,51.739036560058594
2018-01-08,62.59141540527344,41.316829681396484,240.4755859375,113.11134338378906,35.790889739990234,93.76019287109375,123.27625274658203,37.046119689941406,87.51959228515625,37.46895217895508,51.61712646484375
2018-01-09,62.40660858154297,41.29400634765625,241.01986694335938,112.91011047363281,35.82191848754883,93.7354736328125,123.50408172607422,37.046119689941406,87.72160339355469,37.46113204956055,51.52086639404297
2018-01-10,62.41429901123047,41.24835968017578,240.65103149414062,112.75083923339844,35.72883987426758,93.63663482666016,123.31129455566406,37.01573944091797,87.6731185913086,37.2967643737793,51.3796501159668
2018-01-11,62.41429901123047,41.24835968017578,242.40684509277344,114.49484252929688,35.961544036865234,94.7238998413086,124.35404205322266,36.992950439453125,88.27910614013672,37.53940963745117,51.48875045776367
2018-01-12,62.40660858154297,41.22553253173828,243.98712158203125,114.83023834228516,36.302852630615234,95.25105285644531,125.08129119873047,37.03092956542969,88.91740417480469,37.938602447509766,51.49520492553711
2018-01-16,62.4527702331543,41.26359558105469,243.1531219482422,113.77377319335938,36.264068603515625,94.34497833251953,124.52925109863281,37.0233268737793,88.63459014892578,37.75074768066406,51.424560546875
2018-01-17,62.38351821899414,41.23314666748047,245.47068786621094,114.70443725585938,36.45801544189453,95.292236328125,125.67707824707031,37.03092956542969,89.41832733154297,38.28300094604492,51.463096618652344
2018-01-18,62.260257720947266,41.21795654296875,245.05816650390625,113.88278198242188,36.37266540527344,94.88038635253906,125.45806884765625,37.046119689941406,89.26482391357422,38.345611572265625,51.34756088256836
2018-01-19,62.12933349609375,41.23314666748047,246.17306518554688,115.19078063964844,36.53557205200195,95.6381607055664,126.10645294189453,37.00054931640625,89.54761505126953,38.7056770324707,51.23844909667969
2018-01-22,62.083152770996094,41.26359558105469,248.1747283935547,115.75257110595703,36.729488372802734,96.32183837890625,127.10533142089844,36.992950439453125,90.2586441040039,39.01874923706055,51.28336715698242
2018-01-23,62.244842529296875,41.29400634765625,248.70147705078125,115.92864227294922,36.845848083496094,96.54424285888672,127.42076873779297,37.03852462768555,90.22631072998047,39.15964889526367,51.424560546875
2018-01-24,62.17555618286133,41.24076461791992,248.60487365722656,115.54293823242188,36.96220779418945,96.51950073242188,127.2980728149414,37.03852462768555,90.40406799316406,39.519691467285156,51.34113311767578
2018-01-25,62.34500503540039,41.23314666748047,248.71029663085938,115.53459167480469,36.83034133911133,96.37950897216797,127.35070037841797,37.03852462768555,90.51718139648438,39.37880325317383,51.41172409057617
2018-01-26,62.22945785522461,41.22553253173828,251.58982849121094,115.87834930419922,37.14060974121094,97.01374053955078,128.68255615234375,37.008140563964844,91.510986328125,39.903236389160156,51.51443862915039
2018-01-29,62.144744873046875,41.14944839477539,249.92173767089844,115.05663299560547,36.79929733276367,96.3547592163086,127.84134674072266,36.992950439453125,91.0262222290039,39.27705383300781,51.289798736572266
2018-01-30,62.02923583984375,41.141868591308594,247.3582305908203,113.89115905761719,36.52005386352539,95.34990692138672,126.5095443725586,36.977752685546875,89.91929626464844,38.776123046875,51.24486541748047
2018-01-31,62.044620513916016,41.12663650512695,247.4811553955078,113.48027801513672,36.45024108886719,95.26753234863281,126.55332946777344,36.947391510009766,89.95159912109375,39.01093292236328,51.28336715698242
2018-02-01,61.87251663208008,41.1030387878418,247.2002716064453,113.65638732910156,36.54331970214844,95.14396667480469,126.50080108642578,36.93979263305664,90.06470489501953,38.64304733276367,51.236995697021484
2018-02-02,61.687255859375,41.03451156616211,241.81871032714844,111.32537841796875,35.75211715698242,93.10945129394531,123.8107681274414,36.932193756103516,88.02864074707031,37.77422332763672,50.9472770690918
2018-02-05,61.957393646240234,41.16395568847656,231.7052459716797,107.12459564208984,34.293800354003906,89.75707244873047,118.9389419555664,36.97016906738281,84.27157592773438,36.561012268066406,50.68330764770508
2018-02-06,61.7567024230957,41.14872741699219,236.27032470703125,108.31522369384766,34.96090316772461,90.91846466064453,120.88419342041016,36.917015075683594,85.60470581054688,37.46895217895508,50.7734375
2018-02-07,61.61777877807617,41.09541702270508,234.98858642578125,108.27330780029297,34.487728118896484,90.89373016357422,120.34965515136719,36.90940856933594,85.39463806152344,36.40446853637695,50.67686080932617
2018-02-08,61.57145690917969,41.07257080078125,226.17445373535156,105.18768310546875,33.63445281982422,87.8625717163086,116.02111053466797,36.88663101196289,82.27584838867188,35.19123458862305,50.35493469238281
2018-02-09,61.41708755493164,41.11066436767578,229.5719757080078,106.11840057373047,33.867156982421875,88.96630096435547,117.6158447265625,36.856258392333984,83.5282211303711,35.72349166870117,50.181114196777344
2018-02-12,61.432525634765625,41.07257080078125,232.94309997558594,107.17491149902344,34.31706619262695,89.93826293945312,119.18428802490234,36.86384582519531,84.58666229248047,36.21660232543945,50.329200744628906
2018-02-13,61.48654556274414,41.08781814575195,233.52249145507812,107.3593521118164,34.18519592285156,90.11125183105469,119.56107330322266,36.86384582519531,84.83712768554688,36.498390197753906,50.21974182128906
2018-02-14,61.28585433959961,41.04213333129883,236.6741180419922,109.04471588134766,34.860050201416016,91.70919799804688,121.2346420288086,36.88663101196289,85.9036636352539,37.24980926513672,50.09096145629883
2018-02-15,61.34763717651367,41.026878356933594,239.6941680908203,110.00895690917969,35.08501052856445,92.54935455322266,122.71548461914062,36.90940856933594,86.80050659179688,37.94642639160156,50.38067626953125
2018-02-16,61.47885513305664,41.14112091064453,239.76446533203125,110.40306091308594,35.20911407470703,92.5575942993164,122.76807403564453,36.924591064453125,86.90556335449219,37.80553436279297,50.483741760253906
2018-02-20,61.41708755493164,41.08020782470703,238.2631072998047,109.5897216796875,34.852294921875,91.91510772705078,122.0320053100586,36.89422607421875,86.1299057006836,37.46895217895508,50.30989074707031
2018-02-21,61.18549728393555,41.08781814575195,237.07814025878906,109.40525817871094,34.72041702270508,91.41268920898438,121.46247100830078,36.88663101196289,85.58047485351562,37.4220085144043,50.181114196777344
2018-02-22,61.26274871826172,41.125877380371094,237.38526916503906,109.27114868164062,34.8678092956543,91.25616455078125,121.54132843017578,36.924591064453125,85.6451187133789,37.46895217895508,50.20042419433594
2018-02-23,61.424808502197266,41.19441223144531,241.16908264160156,110.53721618652344,35.21686935424805,92.7305679321289,123.42520904541016,36.95498275756836,86.95404052734375,38.07948684692383,50.457950592041016
2018-02-26,61.45567321777344,41.202030181884766,243.96957397460938,111.17448425292969,35.49612808227539,93.10945129394531,124.72201538085938,36.977752685546875,88.02056121826172,38.43955612182617,50.67686080932617
2018-02-27,61.324485778808594,41.19441223144531,240.92324829101562,109.61491394042969,34.95313262939453,91.84098815917969,123.15359497070312,36.947391510009766,87.05097198486328,37.4063606262207,50.477264404296875
2018-02-28,61.40167236328125,41.232486724853516,238.48268127441406,108.10562133789062,34.58855438232422,90.79491424560547,121.7954330444336,36.924591064453125,85.96023559570312,36.92106246948242,50.42577362060547
2018-03-01,61.506099700927734,41.303348541259766,235.0149383544922,107.74504852294922,34.13865280151367,90.1030044555664,120.34965515136719,36.977752685546875,84.81289672851562,36.91322326660156,50.338584899902344
2018-03-02,61.39006805419922,41.25001907348633,236.22647094726562,108.8099365234375,34.23948287963867,90.72077941894531,121.12950134277344,36.992950439453125,85.20072937011719,37.00715637207031,50.42900466918945
2018-03-05,61.35139846801758,41.28049850463867,238.95669555664062,109.84963989257812,34.379119873046875,91.98925018310547,122.49639892578125,37.0233268737793,86.18644714355469,37.11674880981445,50.39026641845703
2018-03-06,61.374568939208984,41.23477554321289,239.56243896484375,110.94807434082031,34.666133880615234,92.56582641601562,122.94328308105469,37.0233268737793,86.299560546875,37.22632598876953,50.35150909423828
2018-03-07,61.35912322998047,41.303348541259766,239.47467041015625,111.33378601074219,34.62733459472656,92.3681640625,123.04842376708984,37.046119689941406,86.1622314453125,37.21849822998047,50.3837776184082
2018-03-08,61.4287223815918,41.326210021972656,240.6334991455078,111.05708312988281,34.728187561035156,92.54935455322266,123.5128402709961,37.0233268737793,86.41267395019531,37.24196243286133,50.338584899902344
2018-03-09,61.35139846801758,41.303348541259766,244.82118225097656,112.70048522949219,34.984169006347656,93.83432006835938,125.56320190429688,37.008140563964844,87.8751220703125,37.90729904174805,50.435482025146484
2018-03-12,61.413272857666016,41.33383560180664,244.51382446289062,112.83468627929688,35.0384635925293,93.7025146484375,125.49309539794922,37.0233268737793,87.59234619140625,38.04035949707031,50.44192123413086
2018-03-13,61.4287223815918,41.35669708251953,242.93368530273438,112.35672760009766,34.82126998901367,93.340087890625,124.71326446533203,37.01573944091797,87.05097198486328,37.67246627807617,50.35150909423828
2018-03-14,61.560218811035156,41.44813537597656,241.68698120117188,111.56016540527344,34.87556076049805,92.77998352050781,124.08240509033203,37.03852462768555,86.43693542480469,37.71944046020508,50.42254638671875
2018-03-15,61.56792449951172,41.45576477050781,241.4236602783203,111.19961547851562,34.8678092956543,92.40110778808594,123.9159164428711,37.03852462768555,86.4207534790039,37.570716857910156,50.40317916870117
2018-03-16,61.51383590698242,41.478641510009766,241.68540954589844,112.00454711914062,34.82126998901367,92.91999816894531,124.12620544433594,37.008140563964844,86.6308364868164,37.453304290771484,50.44192123413086
2018-03-19,61.467403411865234,41.478641510009766,238.41537475585938,111.04031372070312,34.534263610839844,91.98100280761719,122.53144073486328,37.01573944091797,85.6451187133789,37.101097106933594,50.274009704589844
2018-03-20,61.39006805419922,41.50147247314453,238.82080078125,110.94807434082031,34.56528854370117,92.0386734008789,122.71548461914062,37.008140563964844,85.60470581054688,37.4220085144043,50.177146911621094
2018-03-21,61.39006805419922,41.463382720947266,238.36253356933594,111.40084838867188,34.65061569213867,92.30226135253906,122.6103515625,37.046119689941406,85.55622863769531,37.62549591064453,50.31276321411133
2018-03-22,61.49061965942383,41.59293746948242,232.40406799316406,108.79547119140625,34.0145378112793,90.22193145751953,119.60674285888672,37.07650375366211,83.4296646118164,36.43575668334961,50.24816131591797
2018-03-23,61.506099700927734,41.57769012451172,227.450439453125,106.715576171875,33.595664978027344,88.45935821533203,117.09938049316406,37.10687255859375,81.6419448852539,35.90351867675781,50.08028793334961
2018-03-26,61.467403411865234,41.58530807495117,233.67330932617188,108.90495300292969,34.19675064086914,90.40398406982422,120.18737030029297,37.07650375366211,83.8928451538086,36.984989166259766,50.21589279174805
2018-03-27,61.676231384277344,41.66151809692383,229.69805908203125,107.39763641357422,33.916439056396484,89.50202178955078,118.05830383300781,37.1220588684082,82.83648681640625,36.43601608276367,50.32567596435547
2018-03-28,61.66847610473633,41.66151809692383,229.0194091796875,107.82709503173828,34.079952239990234,89.3944320678711,117.78559875488281,37.099273681640625,82.83648681640625,36.18505859375,50.42254638671875
2018-03-29,61.823184967041016,41.707237243652344,231.94570922851562,108.98072814941406,34.453697204589844,90.51984405517578,119.40438842773438,37.144840240478516,83.84407806396484,36.843833923339844,50.661495208740234
2018-04-02,61.81543731689453,41.7240104675293,226.93923950195312,106.45453643798828,33.9398078918457,88.64141845703125,116.68587493896484,37.144840240478516,81.99946594238281,36.30270004272461,50.58304214477539
2018-04-03,61.74567413330078,41.7240104675293,229.84791564941406,108.18077087402344,34.20454025268555,89.6675033569336,118.13751983642578,37.137245178222656,83.1452407836914,36.655609130859375,50.55708312988281
2018-04-04,61.74567413330078,41.7240104675293,232.30714416503906,109.0986099243164,34.28239822387695,90.7597885131836,119.4659423828125,37.144840240478516,84.11226654052734,36.77324676513672,50.66731643676758
2018-04-05,61.66034698486328,41.61724090576172,234.14044189453125,110.00806427001953,34.53933334350586,91.47144317626953,120.30179595947266,37.10687255859375,84.68106842041016,36.85166549682617,50.59602737426758
2018-04-06,61.81543731689453,41.70878219604492,228.9224395751953,107.98709869384766,34.259037017822266,89.67577362060547,117.77677154541016,37.137245178222656,82.92584991455078,36.20074462890625,50.66084289550781
2018-04-09,61.87749099731445,41.71638488769531,230.05075073242188,107.75975036621094,34.5549201965332,89.74197387695312,118.17269134521484,37.144840240478516,83.23463439941406,36.16937255859375,50.647857666015625
2018-04-10,61.7689323425293,41.678245544433594,233.7085723876953,109.5280990600586,34.936424255371094,91.12389373779297,120.09062194824219,37.144840240478516,84.53477478027344,36.843833923339844,50.53120040893555
2018-04-11,61.81543731689453,41.6859130859375,232.4833984375,109.5112533569336,34.77292251586914,90.75153350830078,119.53636169433594,37.17522430419922,83.9903564453125,36.8908805847168,50.54413986206055
2018-04-12,61.69911575317383,41.65537643432617,234.39599609375,110.04176330566406,34.9052848815918,91.12389373779297,120.50411987304688,37.160030364990234,84.77857208251953,36.88304901123047,50.589515686035156
2018-04-13,61.74567413330078,41.6859130859375,233.7085723876953,109.66281127929688,34.936424255371094,90.88390350341797,120.16097259521484,37.160030364990234,84.47792053222656,36.49876403808594,50.59602737426758
2018-04-16,61.7534065246582,41.678245544433594,235.63003540039062,110.72383880615234,34.998722076416016,91.76935577392578,121.16394805908203,37.144840240478516,85.2254867553711,36.53013229370117,50.589515686035156
2018-04-17,61.77668762207031,41.7316780090332,238.15090942382812,111.37220764160156,35.17780685424805,92.20792388916016,122.43966674804688,37.16761779785156,85.76180267333984,36.56149673461914,50.5765495300293
2018-04-18,61.575042724609375,41.71638488769531,238.32728576660156,111.81011199951172,35.38802719116211,92.48925018310547,122.60682678222656,37.144840240478516,85.7374496459961,36.8203010559082,50.51173782348633
2018-04-19,61.42774200439453,41.60197830200195,237.0050811767578,111.28803253173828,35.224510192871094,92.05896759033203,121.93815612792969,37.137245178222656,85.5911865234375,36.616397857666016,50.304298400878906
2018-04-20,61.27266311645508,41.586708068847656,234.99546813964844,110.74068450927734,35.05323028564453,91.51280212402344,120.9704360961914,37.10687255859375,85.10360717773438,36.18505859375,50.181114196777344
2018-04-23,61.24164962768555,41.540958404541016,234.960205078125,110.83330535888672,35.01429748535156,91.66177368164062,120.92640686035156,37.099273681640625,85.20925903320312,35.941951751708984,50.04499816894531
2018-04-24,61.1330680847168,41.55622482299805,231.7958984375,110.33649444580078,34.85857391357422,90.99976348876953,119.47476959228516,37.07650375366211,84.49417114257812,35.777252197265625,50.05146408081055
2018-04-25,61.04780960083008,41.51808166503906,232.3688201904297,110.488037109375,34.78071212768555,91.22321319580078,119.60674285888672,37.06890106201172,84.58354949951172,35.5106086730957,49.92181396484375
2018-04-26,61.171844482421875,41.60197830200195,234.73095703125,110.55540466308594,35.037654876708984,91.68660736083984,120.74165344238281,37.099273681640625,84.99799346923828,35.879215240478516,49.96720504760742
2018-04-27,61.26496505737305,41.647735595703125,234.95138549804688,110.57225036621094,35.076576232910156,91.71971893310547,120.82080841064453,37.099273681640625,85.119873046875,36.06742858886719,50.05146408081055
2018-04-30,61.29592514038086,41.647735595703125,233.14447021484375,109.41860961914062,34.88972091674805,90.92528533935547,119.94104766845703,37.1296501159668,84.19351959228516,35.824310302734375,49.895896911621094
2018-05-01,61.20110321044922,41.665306091308594,233.5587615966797,109.544921875,34.85857391357422,90.67707061767578,120.12583923339844,37.06890106201172,84.03912353515625,35.62040328979492,49.839298248291016
2018-05-02,61.20890426635742,41.634769439697266,231.98976135253906,109.595458984375,34.81184005737305,90.09782409667969,119.43080139160156,37.10687255859375,83.1939926147461,35.38513946533203,49.527069091796875
2018-05-03,61.2632942199707,41.71110534667969,231.47857666015625,109.11546325683594,34.88193130493164,89.69232177734375,119.10525512695312,37.1296501159668,82.8770751953125,35.27534103393555,49.54658889770508
2018-05-04,61.30218505859375,41.688209533691406,234.47535705566406,110.4627685546875,35.01429748535156,90.71841430664062,120.64491271972656,37.1296501159668,83.77094268798828,35.44786071777344,49.5791015625
2018-05-07,61.271034240722656,41.71873092651367,235.26866149902344,111.18695831298828,35.00650405883789,90.71841430664062,121.17273712158203,37.15243148803711,83.93347930908203,35.35376739501953,49.403480529785156
2018-05-08,61.224422454833984,41.634769439697266,235.26866149902344,111.53221893310547,35.00650405883789,90.6274185180664,121.21671295166016,37.114463806152344,83.9090805053711,35.53413391113281,49.2603759765625
2018-05-09,61.154502868652344,41.6500358581543,237.54275512695312,112.18058776855469,35.115516662597656,91.18184661865234,122.3604736328125,37.1296501159668,84.62419891357422,35.581199645996094,49.04574203491211
2018-05-10,61.278839111328125,41.64241027832031,239.763916015625,112.83743286132812,35.36466598510742,91.9183120727539,123.42499542236328,37.1296501159668,85.4205322265625,36.28701400756836,49.514076232910156
2018-05-11,61.341007232666016,41.64241027832031,240.4955291748047,112.9469223022461,35.43474578857422,91.62867736816406,123.67137908935547,37.144840240478516,85.6886978149414,36.16153335571289,49.72871017456055
2018-05-14,61.2632942199707,41.58131790161133,240.610107421875,112.81217193603516,35.49703598022461,91.70314025878906,123.73294830322266,37.1296501159668,85.84309387207031,36.27131652832031,49.61164855957031
2018-05-15,60.97576141357422,41.497371673583984,238.95303344726562,112.70269012451172,35.20115661621094,91.44662475585938,122.98509216308594,37.114463806152344,85.44490814208984,35.581199645996094,49.36445999145508
2018-05-16,60.92910385131836,41.497371673583984,239.95785522460938,113.63738250732422,35.31017303466797,91.98451232910156,123.5833740234375,37.099273681640625,85.78618621826172,36.08311462402344,49.42951202392578
2018-05-17,60.87469482421875,41.45917892456055,239.75511169433594,114.06685638427734,35.35688781738281,92.20792388916016,123.61853790283203,37.114463806152344,85.7536849975586,35.581199645996094,49.1888313293457
2018-05-18,61.037906646728516,41.48210144042969,239.15574645996094,113.97422790527344,35.2322998046875,91.89347076416016,123.34583282470703,37.137245178222656,85.4205322265625,35.251800537109375,49.23436737060547
2018-05-21,61.037906646728516,41.497371673583984,240.95382690429688,115.02679443359375,35.458099365234375,92.43132781982422,124.26958465576172,37.144840240478516,86.12749481201172,35.47924041748047,49.1888313293457
2018-05-22,61.053443908691406,41.466827392578125,240.28402709960938,114.39524841308594,35.43474578857422,92.25755310058594,123.81208801269531,37.144840240478516,86.02184295654297,35.62040328979492,49.38397216796875
2018-05-23,61.2400016784668,41.55080795288086,240.94496154785156,114.36156463623047,35.09994125366211,92.32376861572266,124.13765716552734,37.18281936645508,85.9893569946289,35.46354675292969,49.54008102416992
2018-05-24,61.36430740356445,41.55080795288086,240.45140075683594,114.47947692871094,34.983150482177734,92.22445678710938,123.93523406982422,37.19041442871094,85.74559020996094,35.33808135986328,49.722232818603516
2018-05-25,61.49640655517578,41.58131790161133,239.8784942626953,114.27734375,34.788490295410156,91.92657470703125,123.69769287109375,37.1980094909668,85.45303344726562,35.42435073852539,49.949893951416016
2018-05-29,61.923885345458984,41.489715576171875,237.11964416503906,113.85633850097656,34.087745666503906,90.84253692626953,122.47483825683594,37.25115966796875,84.24225616455078,34.64010238647461,49.74824905395508
2018-05-30,61.73735046386719,41.558414459228516,240.28402709960938,115.45626831054688,34.57826614379883,91.93485260009766,124.05846405029297,37.23597717285156,85.45303344726562,34.945945739746094,49.72871017456055
2018-05-31,61.71402359008789,41.55080795288086,238.81198120117188,114.36156463623047,34.39140701293945,90.95841217041016,123.20506286621094,37.24357986450195,84.70545196533203,34.98516845703125,49.60513687133789
2018-06-01,61.752281188964844,41.540870666503906,241.15655517578125,115.02679443359375,34.64833450317383,91.60385131835938,124.48955535888672,37.205604553222656,85.50991821289062,35.37728500366211,49.42623519897461
2018-06-04,61.61955261230469,41.55615234375,242.30239868164062,115.70890045166016,34.80406951904297,91.82726287841797,125.07022094726562,37.16761779785156,85.74559020996094,35.745872497558594,49.41318130493164
2018-06-05,61.67422866821289,41.540870666503906,242.47872924804688,116.1804428100586,34.76513671875,92.02589416503906,125.25495910644531,37.1980094909668,85.7374496459961,35.43220138549805,49.524169921875
2018-06-06,61.50238800048828,41.34219741821289,244.50596618652344,117.04776000976562,35.061004638671875,92.63822937011719,126.3635025024414,37.160030364990234,86.50941467285156,35.941951751708984,49.38050842285156
2018-06-07,61.65858840942383,41.34984588623047,244.47950744628906,116.98882293701172,34.85857391357422,92.71269226074219,126.1787109375,37.2283821105957,86.72881317138672,35.392982482910156,49.36094284057617
2018-06-08,61.58055877685547,41.34219741821289,245.20228576660156,117.43511199951172,34.92084503173828,93.15953826904297,126.6098403930664,37.205604553222656,87.02133178710938,35.36943817138672,49.32831573486328
2018-06-11,61.525909423828125,41.33457946777344,245.52835083007812,117.50249481201172,35.14665985107422,93.25883483886719,126.7945556640625,37.18281936645508,87.11886596679688,35.322383880615234,49.23689651489258
2018-06-12,61.51805114746094,41.38043975830078,245.8457794189453,117.47721099853516,34.92864990234375,93.44916534423828,127.05852508544922,37.18281936645508,87.01321411132812,35.29886245727539,49.13242721557617
2018-06-13,61.47901916503906,41.4262580871582,245.0612030029297,116.66886901855469,34.94422149658203,92.9278335571289,126.58343505859375,37.18281936645508,86.63944244384766,35.04006576538086,49.02794647216797
2018-06-14,61.61176681518555,41.55615234375,245.6782684326172,116.86253356933594,34.85857391357422,93.14299011230469,126.94415283203125,37.18281936645508,86.56629180908203,34.851844787597656,48.93653106689453
2018-06-15,61.61955261230469,41.64781188964844,245.3648681640625,116.72777557373047,34.61721420288086,93.08506774902344,126.82096099853516,37.17522430419922,86.51753997802734,34.66362380981445,49.04754638671875
2018-06-18,61.61955261230469,41.640174865722656,244.8601837158203,117.13197326660156,34.375823974609375,93.20092010498047,126.68021392822266,37.208072662353516,86.20063781738281,34.26365661621094,48.98876953125
2018-06-19,61.72105026245117,41.792991638183594,243.921630859375,117.03096008300781,34.002079010009766,92.88644409179688,126.25790405273438,37.21571731567383,85.99747467041016,33.87153244018555,48.956119537353516
2018-06-20,61.58055877685547,41.800628662109375,244.33779907226562,117.69620513916016,34.07217788696289,93.1512680053711,126.54829406738281,37.19279098510742,85.96498107910156,33.98134231567383,49.02143478393555
2018-06-21,61.61176681518555,41.81593704223633,242.8061065673828,116.82040405273438,33.83858108520508,92.65478515625,125.67723083496094,37.21571731567383,85.49366760253906,33.50293731689453,49.13896179199219
2018-06-22,61.65079116821289,41.82356643676758,243.24879455566406,117.00043487548828,34.201255798339844,92.90917205810547,125.85657501220703,37.253910064697266,85.76177978515625,33.77525329589844,49.302162170410156
2018-06-25,61.64298629760742,41.75479507446289,239.93746948242188,115.56360626220703,33.72032928466797,92.09439849853516,124.08956909179688,37.246273040771484,85.03422546386719,33.3332405090332,49.13242721557617
2018-06-26,61.74447250366211,41.75479507446289,240.4686737060547,115.83409881591797,33.75975036621094,92.16092681884766,124.37232208251953,37.27683639526367,84.99337005615234,33.19905090332031,49.13896179199219
2018-06-27,61.892818450927734,41.838829040527344,238.47657775878906,114.43951416015625,33.4522705078125,91.39601135253906,123.2148666381836,37.32267379760742,84.47835540771484,32.464988708496094,49.158531188964844
2018-06-28,61.84598922729492,41.747161865234375,239.84002685546875,114.80292510986328,33.57054138183594,91.73689270019531,123.98358154296875,37.30739974975586,84.83802795410156,32.772823333740234,49.17158889770508
2018-06-29,61.83036804199219,41.800628662109375,240.18539428710938,114.76911163330078,33.822818756103516,91.83668518066406,124.07191467285156,37.32267379760742,84.87889099121094,33.3095588684082,49.16507339477539
2018-07-02,61.792022705078125,41.84500503540039,240.69886779785156,115.04804229736328,33.46015930175781,91.85330200195312,124.37232208251953,37.315032958984375,85.00154113769531,32.946468353271484,49.239097595214844
2018-07-03,61.917236328125,41.852657318115234,239.84890747070312,115.35232543945312,33.531105041503906,91.88655090332031,124.05426025390625,37.33795928955078,84.88709259033203,32.9780387878418,49.32427215576172
2018-07-05,62.003318786621094,41.90617752075195,241.80564880371094,116.39187622070312,33.74396896362305,92.5267333984375,125.10563659667969,37.3685188293457,85.48387908935547,32.946468353271484,49.46844482421875
2018-07-06,62.07377243041992,41.90617752075195,243.85084533691406,117.21173095703125,33.97261428833008,93.14195251464844,126.15705108642578,37.39143371582031,85.99067687988281,33.34901428222656,49.8549919128418
2018-07-09,62.018978118896484,41.936763763427734,246.04653930664062,118.11612701416016,34.28009796142578,93.95675659179688,127.30554962158203,37.38380432128906,86.80815887451172,33.95680618286133,49.95328140258789
2018-07-10,61.97981643676758,41.913822174072266,246.9319610595703,117.98088836669922,34.31951141357422,94.1562728881836,127.63250732421875,37.353233337402344,87.1923828125,33.92523193359375,49.92708206176758
2018-07-11,62.011165618896484,41.94438934326172,245.12583923339844,117.06806182861328,33.72032928466797,93.3082504272461,126.72240447998047,37.34559631347656,86.4566650390625,33.29377365112305,49.84189987182617
2018-07-12,62.05812072753906,41.9749870300293,247.34812927246094,117.11029815673828,34.0041618347168,93.54933166503906,127.76498413085938,37.315032958984375,86.97166442871094,33.75946807861328,49.920494079589844
2018-07-13,62.11289596557617,41.99028778076172,247.54283142089844,117.11878967285156,34.0987663269043,93.53273010253906,127.844482421875,37.353233337402344,87.02072143554688,33.783138275146484,50.13020324707031
2018-07-16,62.02683639526367,41.9749870300293,247.3214569091797,116.56092834472656,34.10664749145508,93.35811614990234,127.64131927490234,37.29975891113281,87.10247039794922,33.593719482421875,50.01224899291992
2018-07-17,62.003318786621094,42.005584716796875,248.3219757080078,116.95816802978516,34.14607620239258,93.72395324707031,128.22442626953125,37.269195556640625,87.36402893066406,33.85419464111328,50.0581169128418
2018-07-18,61.97202682495117,41.99794006347656,248.84437561035156,117.45684051513672,34.16183090209961,94.0564956665039,128.5071258544922,37.269195556640625,87.68286895751953,33.8226203918457,49.9598274230957
2018-07-19,62.08939743041992,42.05146026611328,247.9059295654297,117.9385986328125,34.019920349121094,94.0731201171875,128.19790649414062,37.29975891113281,87.2577896118164,33.43585205078125,50.01224899291992
2018-07-20,61.948543548583984,41.9749870300293,247.62252807617188,117.60897827148438,34.22491455078125,93.60755157470703,127.96822357177734,37.28447723388672,87.18418884277344,33.86997985839844,50.01878356933594
2018-07-23,61.75291061401367,41.852657318115234,248.0829620361328,117.63431549072266,34.16973114013672,93.7072982788086,128.17137145996094,37.23863983154297,87.46212768554688,33.76736831665039,49.96638488769531
2018-07-24,61.846839904785156,41.86793899536133,249.33128356933594,116.91593170166016,34.38259506225586,93.33319854736328,128.4541015625,37.230987548828125,87.8872299194336,34.27253723144531,49.93362045288086
2018-07-25,61.846839904785156,41.86793899536133,251.45620727539062,117.28779602050781,34.64277267456055,93.67405700683594,129.54966735839844,37.23863983154297,88.5003662109375,34.817169189453125,50.18916320800781
2018-07-26,61.846839904785156,41.806758880615234,250.86300659179688,118.05690002441406,34.5008430480957,94.447265625,129.33761596679688,37.230987548828125,88.77830505371094,34.47775650024414,50.182594299316406
2018-07-27,61.83115768432617,41.83733367919922,249.16311645507812,116.78914642333984,34.58757400512695,94.11470794677734,128.30393981933594,37.23863983154297,88.54122161865234,34.525123596191406,50.18916320800781
2018-07-30,61.760711669921875,41.806758880615234,247.86167907714844,116.5102310180664,34.56391143798828,94.12301635742188,127.46459197998047,37.269195556640625,88.48400115966797,34.47775650024414,50.123634338378906
2018-07-31,61.80769348144531,41.86029815673828,249.08343505859375,117.6258773803711,34.595458984375,94.7798080444336,128.1890869140625,37.26155090332031,88.82733154296875,34.63562774658203,50.1432991027832
2018-08-01,61.77392578125,41.75312805175781,248.6672821044922,117.19482421875,34.477195739746094,93.88189697265625,128.03890991210938,37.23863983154297,88.40223693847656,34.37514877319336,49.98805236816406
2018-08-02,61.805320739746094,41.69955062866211,250.02197265625,117.91323852539062,34.217018127441406,94.19783782958984,128.79873657226562,37.246273040771484,88.59844970703125,33.98048782348633,49.9486198425293
2018-08-03,61.93867492675781,41.7684440612793,251.0932159423828,118.01466369628906,34.26432418823242,94.63017272949219,129.23158264160156,37.29210662841797,89.2115478515625,34.193603515625,49.968345642089844
2018-08-06,61.993614196777344,41.79905319213867,252.01400756835938,118.58939361572266,34.0987663269043,94.78813171386719,129.8147430419922,37.29210662841797,89.4649429321289,33.93312454223633,49.830223083496094
2018-08-07,61.88376998901367,41.81435775756836,252.84622192382812,118.81759643554688,34.3116340637207,94.82970428466797,130.2388153076172,37.29210662841797,89.75927734375,34.240966796875,49.830223083496094
2018-08-08,61.86811065673828,41.80671691894531,252.74005126953125,118.69927978515625,34.30374526977539,94.73825073242188,130.11512756347656,37.269195556640625,89.710205078125,34.16203308105469,49.90913772583008
2018-08-09,61.98574447631836,41.85263442993164,252.3947296142578,118.61478424072266,34.240684509277344,94.62187194824219,130.0267333984375,37.27683639526367,89.51402282714844,34.11466979980469,49.68550491333008
2018-08-10,62.111244201660156,41.89091110229492,250.7037353515625,117.98930358886719,33.59418487548828,93.94842529296875,129.2139434814453,37.353233337402344,88.92545318603516,33.43585205078125,49.3303337097168
2018-08-13,62.11910629272461,41.89091110229492,249.7652130126953,117.34696197509766,33.428619384765625,93.374755859375,128.71922302246094,37.360870361328125,88.41857147216797,32.89911651611328,49.218502044677734
2018-08-14,62.079864501953125,41.8985595703125,251.35885620117188,118.44573974609375,33.475921630859375,94.19783782958984,129.56736755371094,37.34559631347656,88.99900817871094,33.09644317626953,49.488189697265625
2018-08-15,62.15047073364258,41.88325881958008,249.48184204101562,117.35543823242188,32.96344757080078,93.24172973632812,128.54249572753906,37.360870361328125,88.46765899658203,32.125572204589844,49.32373046875
2018-08-16,62.181819915771484,41.906227111816406,251.50045776367188,118.38658142089844,33.19209289550781,94.0481948852539,129.54966735839844,37.34559631347656,89.39958190917969,32.35447311401367,49.42899703979492
2018-08-17,62.25242614746094,41.906227111816406,252.38583374023438,119.10496520996094,33.412841796875,94.596923828125,130.0267333984375,37.353233337402344,89.83281707763672,32.6307373046875,49.6131477355957
2018-08-20,62.330875396728516,41.929176330566406,252.9259490966797,119.55294036865234,33.55475616455078,95.16228485107422,130.27420043945312,37.39143371582031,90.09444427490234,32.772823333740234,49.64603042602539
2018-08-21,62.299503326416016,41.944480895996094,253.51922607421875,120.62633514404297,33.775516510009766,95.57797241210938,130.7601318359375,37.39143371582031,90.20886993408203,33.12800979614258,49.61972427368164
2018-08-22,62.3387565612793,41.93681716918945,253.36862182617188,120.49954223632812,33.94107437133789,95.21215057373047,130.80426025390625,37.429649353027344,89.97999572753906,33.32534408569336,49.7775764465332
2018-08-23,62.3387565612793,41.959781646728516,253.0321807861328,119.9924087524414,33.68879318237305,94.86298370361328,130.54808044433594,37.429649353027344,89.79196166992188,32.80438232421875,49.6131477355957
2018-08-24,62.37012481689453,41.8985595703125,254.55514526367188,120.3558578491211,33.94107437133789,95.24542236328125,131.36085510253906,37.44491958618164,90.19254302978516,33.29377365112305,49.7249755859375
2018-08-27,62.29164505004883,41.86029052734375,256.5647888183594,120.67704772949219,34.40625,95.70270538330078,132.3062286376953,37.429649353027344,90.85469055175781,33.83840560913086,49.7315559387207
2018-08-28,62.197509765625,41.86029052734375,256.68878173828125,120.59254455566406,34.32740020751953,95.66944122314453,132.38575744628906,37.399078369140625,90.86287689208984,33.672645568847656,49.69866943359375
2018-08-29,62.1583366394043,41.83732604980469,258.0700378417969,120.81230163574219,34.516632080078125,95.97703552246094,133.08377075195312,37.399078369140625,91.10810852050781,33.86208724975586,49.52107620239258
2018-08-30,62.20540237426758,41.867923736572266,257.0252380371094,120.22066497802734,34.209129333496094,95.22046661376953,132.53599548339844,37.429649353027344,90.60943603515625,32.962257385253906,49.3829460144043
2018-08-31,62.22109603881836,41.88325881958008,257.0341491699219,120.46576690673828,33.99626922607422,95.30362701416016,132.5889434814453,37.43728256225586,90.5113525390625,33.18326950073242,49.271156311035156
2018-09-04,62.12515640258789,41.89934158325195,256.5914001464844,120.0177993774414,33.65724563598633,95.07913970947266,132.4034423828125,37.42200469970703,90.42960357666016,32.4412956237793,49.20838928222656
2018-09-05,62.140899658203125,41.88401794433594,255.90084838867188,120.18682098388672,33.40496826171875,95.2953109741211,131.9705047607422,37.414371490478516,90.59309387207031,32.0940055847168,49.214996337890625
2018-09-06,62.23523712158203,41.92232894897461,255.13050842285156,119.58671569824219,33.28669738769531,94.91287231445312,131.57293701171875,37.414371490478516,90.4868392944336,32.07820129394531,49.380104064941406
2018-09-07,62.03866195678711,41.906982421875,254.6347198486328,119.20636749267578,33.01863479614258,94.3724365234375,131.27247619628906,37.38380432128906,90.2415771484375,31.93612289428711,49.27442932128906
2018-09-10,62.07797622680664,41.914649963378906,255.07748413085938,119.40924835205078,33.199981689453125,94.68006896972656,131.55532836914062,37.376155853271484,90.42960357666016,31.557249069213867,49.23480224609375
2018-09-11,61.94428634643555,41.88401794433594,255.9185028076172,119.48531341552734,33.24727249145508,94.87128448486328,131.9970245361328,37.360870361328125,90.53587341308594,31.59671974182129,49.162174224853516
2018-09-12,61.99149703979492,41.89934158325195,255.98057556152344,119.31626892089844,33.389190673828125,94.91287231445312,132.00587463378906,37.38380432128906,90.65848541259766,31.794050216674805,49.281005859375
2018-09-13,62.030765533447266,41.86103820800781,257.4945068359375,119.50220489501953,33.60205841064453,95.24542236328125,132.6685333251953,37.33031463623047,91.06724548339844,32.196617126464844,49.498958587646484
2018-09-14,61.92856216430664,41.84571838378906,257.5388488769531,120.00086212158203,33.67302322387695,95.61124420166016,132.77455139160156,37.315032958984375,91.2389144897461,32.15713882446289,49.611202239990234
2018-09-17,61.920719146728516,41.86103820800781,256.1752624511719,119.22330474853516,33.704566955566406,95.25371551513672,131.93521118164062,37.32267379760742,91.17351531982422,31.90456199645996,49.56497573852539
2018-09-18,61.779151916503906,41.853363037109375,257.5652770996094,119.52758026123047,34.051448822021484,95.73595428466797,132.6420135498047,37.30739974975586,91.54138946533203,32.15713882446289,49.43950271606445
2018-09-19,61.68479919433594,41.81507110595703,257.83978271484375,119.27401733398438,34.16973114013672,95.65279388427734,132.65963745117188,37.30739974975586,91.7293930053711,32.591270446777344,49.54517364501953
2018-09-20,61.76347351074219,41.822723388671875,259.9293518066406,120.28829193115234,34.540279388427734,96.23479461669922,133.68450927734375,37.29975891113281,92.44879150390625,32.85964584350586,49.683815002441406
2018-09-21,61.80276107788086,41.83039093017578,259.69183349609375,120.0685043334961,34.54816818237305,96.41769409179688,133.55203247070312,37.30739974975586,92.5877456665039,32.99382400512695,49.76969528198242
2018-09-24,61.72414016723633,41.75376510620117,258.8289794921875,119.23177337646484,34.39836120605469,95.56965637207031,133.06602478027344,37.31821060180664,91.98279571533203,32.583370208740234,49.81591796875
2018-09-25,61.67695617675781,41.723140716552734,258.5889892578125,118.9697494506836,34.56391143798828,95.09575653076172,132.99542236328125,37.302757263183594,91.54138946533203,32.788597106933594,49.84231185913086
2018-09-26,61.83419418334961,41.799747467041016,257.81524658203125,118.0484848022461,34.578155517578125,94.43895721435547,132.4829559326172,37.33366012573242,91.12445068359375,32.84848403930664,49.94796371459961
2018-09-27,61.88136672973633,41.80740737915039,258.5356140136719,118.02313995361328,34.48323059082031,94.33916473388672,132.79220581054688,37.349090576171875,91.11629486083984,32.94430160522461,50.13947296142578
2018-09-28,61.88136672973633,41.7844123840332,258.5622863769531,118.45067596435547,34.23793411254883,94.65813446044922,132.8489990234375,37.356815338134766,91.07595825195312,32.736717224121094,50.07345962524414
2018-10-01,61.76554489135742,41.70774459838867,259.4605407714844,117.345703125,34.3249626159668,94.44883728027344,133.0531768798828,37.349090576171875,91.46273040771484,32.8165397644043,49.99523162841797
2018-10-02,61.87588882446289,41.76142883300781,259.3094482421875,116.80171966552734,34.10340118408203,94.42374420166016,132.85787963867188,37.349090576171875,91.6766586303711,32.465232849121094,50.06814956665039
2018-10-03,61.560630798339844,41.646385192871094,259.4517517089844,117.45620727539062,34.04801940917969,94.61630249023438,133.0354461669922,37.31821060180664,91.7918701171875,32.19375991821289,49.96873474121094
2018-10-04,61.402984619140625,41.57736587524414,257.42388916015625,116.41925048828125,33.612823486328125,94.11400604248047,131.90797424316406,37.302757263183594,91.61085510253906,31.459177017211914,49.67710876464844
2018-10-05,61.29265213012695,41.50837707519531,255.983154296875,115.61178588867188,33.4466667175293,93.6535415649414,131.0557403564453,37.27958679199219,91.32283020019531,31.315452575683594,49.49150466918945
2018-10-08,61.26902389526367,41.53904724121094,255.983154296875,115.96023559570312,33.26465606689453,93.9382095336914,130.95816040039062,37.28731918334961,91.61085510253906,31.371335983276367,49.498130798339844
2018-10-09,61.3872184753418,41.53137969970703,255.60960388183594,115.29730987548828,33.14598846435547,93.3605728149414,130.7273712158203,37.302757263183594,91.3310775756836,31.2915096282959,49.57767105102539
2018-10-10,61.33998107910156,41.51604080200195,247.51605224609375,112.59441375732422,32.394290924072266,91.04158782958984,126.56388092041016,37.295047760009766,88.96939849853516,30.421192169189453,49.431854248046875
2018-10-11,61.51331329345703,41.56969451904297,242.0641632080078,110.15501403808594,31.943265914916992,89.0240249633789,123.86517333984375,37.25642395019531,86.78055572509766,30.14971160888672,49.57767105102539
2018-10-12,61.497554779052734,41.592716217041016,245.4261016845703,109.9000473022461,32.10150909423828,89.40914916992188,125.49858093261719,37.24869918823242,87.38944244384766,30.916223526000977,49.63731002807617
2018-10-15,61.481815338134766,41.60805130004883,244.0475311279297,110.49500274658203,32.04613494873047,89.76073455810547,124.9393310546875,37.26414489746094,87.14262390136719,30.612812042236328,49.584293365478516
2018-10-16,61.52911376953125,41.66175079345703,249.3838653564453,112.72190856933594,32.60002136230469,91.21741485595703,127.69129943847656,37.27186584472656,88.70608520507812,31.315452575683594,49.81626892089844
2018-10-17,61.41875457763672,41.69240951538086,249.4283447265625,112.35643768310547,32.40219497680664,90.94952392578125,127.65580749511719,37.23324966430664,88.8459701538086,30.940176010131836,49.690345764160156
2018-10-18,61.37935256958008,41.70774459838867,245.8263397216797,110.65650939941406,31.88787841796875,89.9365463256836,125.80929565429688,37.23324966430664,87.99016571044922,30.133743286132812,49.551151275634766
2018-10-19,61.34785461425781,41.71540451049805,245.6929168701172,110.0445327758789,32.054039001464844,89.9616470336914,125.48086547851562,37.23324966430664,88.03134155273438,30.413198471069336,49.48486328125
2018-10-22,61.32422637939453,41.72307205200195,244.59010314941406,109.43257141113281,31.903697967529297,89.28355407714844,124.98365783691406,37.21009063720703,87.38944244384766,30.732580184936523,49.47161102294922
2018-10-23,61.410884857177734,41.74605178833008,243.34487915039062,108.41259002685547,31.579286575317383,88.65568542480469,124.24691772460938,37.21009063720703,86.87107849121094,30.429170608520508,49.48486328125
2018-10-24,61.576393127441406,41.80743408203125,235.97190856933594,105.06376647949219,30.70889663696289,86.32836151123047,120.38525390625,37.24869918823242,84.64930725097656,29.542882919311523,49.312557220458984
2018-10-25,61.505428314208984,41.85342788696289,240.2053985595703,106.84014892578125,31.04914665222168,87.23249053955078,122.64897918701172,37.202369689941406,85.75194549560547,30.101797103881836,49.51137924194336
2018-10-26,61.61582946777344,41.93778991699219,235.98080444335938,105.73521423339844,30.78802490234375,85.83444213867188,120.52726745605469,37.28731918334961,84.59992980957031,29.8702449798584,49.524658203125
2018-10-29,61.560630798339844,41.93778991699219,234.67333984375,105.68421936035156,30.66141700744629,85.7926025390625,119.8614730834961,37.27958679199219,84.71513366699219,29.287370681762695,49.385459899902344
2018-10-30,61.47392654418945,41.88411331176758,238.1509246826172,107.50314331054688,31.041221618652344,87.38319396972656,121.73462677001953,37.23324966430664,85.95769500732422,29.88621711730957,49.551151275634766
2018-10-31,61.34785461425781,41.815086364746094,240.694580078125,107.7326431274414,31.294431686401367,88.00269317626953,123.0040512084961,37.19462966918945,86.54190063476562,30.229555130004883,49.37883758544922
2018-11-01,61.46165084838867,41.8488655090332,243.2560272216797,109.57706451416016,31.705894470214844,89.43423461914062,124.3978271484375,37.18690872192383,87.10969543457031,31.315452575683594,49.46200942993164
2018-11-02,61.232460021972656,41.81049346923828,241.81515502929688,109.7640380859375,31.792926788330078,89.16635131835938,123.89179229736328,37.15602111816406,86.95335388183594,31.427234649658203,49.501953125
2018-11-05,61.27986526489258,41.81816864013672,243.14927673339844,110.29950714111328,31.777090072631836,89.91140747070312,124.49541473388672,37.171470642089844,87.95728302001953,31.57097053527832,49.5418701171875
2018-11-06,61.271976470947266,41.82583236694336,244.68785095214844,110.92847442626953,31.943265914916992,90.65650177001953,125.2055892944336,37.15602111816406,88.41808319091797,31.451194763183594,49.48198699951172
2018-11-07,61.32725524902344,41.81049346923828,249.92640686035156,112.50090789794922,32.338897705078125,91.73645782470703,127.76229858398438,37.14829635620117,89.93215942382812,32.010108947753906,49.581825256347656
2018-11-08,61.224571228027344,41.75676345825195,249.47276306152344,112.18643188476562,32.01447677612305,91.5606460571289,127.51375579833984,37.125118255615234,89.85813903808594,31.235607147216797,49.38880920410156
2018-11-09,61.374691009521484,41.84119415283203,247.03590393066406,110.97946166992188,31.785009384155273,90.7820816040039,126.20881652832031,37.15602111816406,89.183349609375,30.700639724731445,49.382164001464844
2018-11-12,61.469520568847656,41.84119415283203,242.4199676513672,109.52606201171875,31.239038467407227,89.76073455810547,123.78526306152344,37.18690872192383,87.9984130859375,30.293424606323242,49.30894088745117
2018-11-13,61.437889099121094,41.84119415283203,241.96633911132812,109.46656799316406,31.35772705078125,89.84446716308594,123.60771942138672,37.16374588012695,87.9243392944336,30.65273094177246,49.32224655151367
2018-11-14,61.485328674316406,41.864227294921875,240.31210327148438,108.67609405517578,31.389373779296875,89.36727142333984,122.70221710205078,37.18690872192383,87.23312377929688,30.89227294921875,49.37550354003906
2018-11-15,61.493247985839844,41.87189483642578,242.8201904296875,109.82355499267578,31.492237091064453,89.77747344970703,124.08712768554688,37.202369689941406,88.03134155273438,31.499088287353516,49.2823371887207
2018-11-16,61.627525329589844,41.8565559387207,243.4517059326172,109.96803283691406,31.52389144897461,89.99515533447266,124.35343933105469,37.26414489746094,88.50037384033203,31.61087417602539,49.45532989501953
2018-11-19,61.627525329589844,41.864227294921875,239.3338165283203,108.65058898925781,31.262779235839844,88.99893188476562,122.19622802734375,37.27186584472656,87.89965057373047,31.21963882446289,49.22243881225586
2018-11-20,61.588050842285156,41.894920349121094,234.90467834472656,106.67015838623047,30.685161590576172,87.47528076171875,120.02127838134766,37.21780776977539,86.16337585449219,30.564891815185547,49.002769470214844
2018-11-21,61.65122604370117,41.902587890625,235.705078125,107.82615661621094,31.13617515563965,88.0864028930664,120.60719299316406,37.21009063720703,86.26213836669922,31.139780044555664,49.095970153808594
2018-11-23,61.643367767333984,41.94865036010742,234.13082885742188,107.71563720703125,30.930438995361328,87.92736053466797,119.95914459228516,37.15602111816406,85.834228515625,30.81243324279785,48.949546813964844
2018-11-26,61.595943450927734,41.963985443115234,237.91073608398438,108.7950668334961,31.34981346130371,89.1077651977539,121.82335662841797,37.15602111816406,87.04386138916016,31.02800750732422,48.93624496459961
2018-11-27,61.63542556762695,42.00240707397461,238.71121215820312,107.97914123535156,31.254863739013672,88.8817138671875,121.97428894042969,37.10968780517578,87.38944244384766,31.25157356262207,48.8497314453125
2018-11-28,61.667022705078125,41.9793701171875,244.20762634277344,109.92555236816406,31.713796615600586,90.19606018066406,124.81503295898438,37.14829635620117,88.92825317382812,31.946226119995117,49.1824951171875
2018-11-29,61.71445083618164,42.01007080078125,243.67391967773438,109.58555603027344,31.563461303710938,89.6770248413086,124.58422088623047,37.225528717041016,88.69783782958984,31.730649948120117,49.17584228515625
2018-11-30,61.73814010620117,42.033084869384766,245.1593017578125,110.26548767089844,31.452682495117188,90.01187896728516,125.48086547851562,37.21009063720703,89.37261199951172,31.69072914123535,49.28897476196289
2018-12-03,61.83476257324219,42.11914825439453,248.40548706054688,111.07299041748047,31.872053146362305,90.85740661621094,126.94560241699219,37.202369689941406,90.04737091064453,32.321510314941406,49.44131088256836
2018-12-04,61.98525619506836,42.20365524291992,240.35662841796875,107.06116485595703,31.064952850341797,88.27059173583984,122.79988098144531,37.225528717041016,87.51290130615234,31.722658157348633,49.508121490478516
2018-12-06,62.096126556396484,42.21901321411133,239.99191284179688,106.66168212890625,30.77219581604004,87.99433135986328,122.64897918701172,37.18690872192383,87.09325408935547,31.467151641845703,49.54153823852539
2018-12-07,62.22288513183594,42.2420654296875,234.41549682617188,104.978759765625,30.447772979736328,86.31998443603516,119.75498962402344,37.24869918823242,85.32405853271484,30.83637237548828,49.51480484008789
2018-12-10,62.28620147705078,42.280494689941406,234.86013793945312,104.13729858398438,30.186656951904297,85.78423309326172,119.88809967041016,37.17919158935547,85.18413543701172,30.47707176208496,49.568267822265625
2018-12-11,62.29418182373047,42.303550720214844,234.91354370117188,103.95880126953125,30.218311309814453,85.5079345703125,119.8614730834961,37.132850646972656,85.10189056396484,30.788463592529297,49.568267822265625
2018-12-12,62.23078155517578,42.23439025878906,236.09642028808594,104.68975830078125,30.693065643310547,85.91815948486328,120.5450439453125,37.132850646972656,85.42280578613281,31.25157356262207,49.708587646484375
2018-12-13,62.27827835083008,42.226715087890625,236.01638793945312,103.47432708740234,30.637680053710938,85.32376861572266,120.25209045410156,37.16007614135742,85.41456604003906,31.29947853088379,49.76200485229492
2018-12-14,62.33377456665039,42.28815460205078,231.65835571289062,102.14839935302734,30.218311309814453,84.28567504882812,118.17478942871094,37.16786575317383,84.00745391845703,30.908231735229492,49.81547546386719
2018-12-17,62.45258331298828,42.32658004760742,227.1135711669922,99.87049865722656,29.957191467285156,82.49415588378906,115.65363311767578,37.19119644165039,82.37818908691406,30.5728816986084,49.79540252685547
2018-12-18,62.547611236572266,42.40342712402344,226.86459350585938,99.82798767089844,29.988842010498047,82.40206146240234,115.61814880371094,37.19898986816406,82.0572509765625,30.764516830444336,49.88227081298828
2018-12-19,62.658546447753906,42.472572326660156,223.46710205078125,97.9920883178711,29.664440155029297,81.02073669433594,113.84268188476562,37.19119644165039,81.11093139648438,30.253507614135742,49.93571090698242
2018-12-20,62.57137680053711,42.49562072753906,219.82957458496094,96.63215637207031,29.553651809692383,79.86547088623047,112.00505828857422,37.121185302734375,79.9918212890625,30.48504638671875,49.909000396728516
2018-12-21,62.57137680053711,42.32658004760742,215.32533264160156,94.7877197265625,28.976030349731445,78.43389892578125,109.62592315673828,37.15229797363281,78.76573944091797,30.23752212524414,49.661781311035156
2018-12-24,62.585636138916016,42.43947219848633,209.63580322265625,92.42194366455078,28.65936851501465,76.14070892333984,106.88549041748047,37.16786575317383,76.51746368408203,30.003583908081055,49.658447265625
2018-12-26,62.45066833496094,42.40028381347656,220.2276153564453,96.46337127685547,29.387046813964844,79.26472473144531,112.02886962890625,37.17565155029297,79.67598724365234,30.53420066833496,49.71208953857422
2018-12-27,62.585636138916016,42.423797607421875,221.9184112548828,96.80590057373047,29.411033630371094,79.94859313964844,113.03787994384766,37.19898986816406,80.4884262084961,30.469881057739258,49.85969924926758
2018-12-28,62.73655319213867,42.455142974853516,221.63211059570312,96.94285583496094,29.602962493896484,79.73753356933594,112.89503479003906,37.2379035949707,80.40552520751953,30.686946868896484,49.92683029174805
2018-12-31,62.89533233642578,42.52570343017578,223.57337951660156,97.66210174560547,29.666927337646484,80.42989349365234,113.966552734375,37.28456497192383,81.20133972167969,30.63067054748535,50.01403045654297
2019-01-02,63.022369384765625,42.5805778503418,223.80593872070312,97.87616729736328,29.6269474029541,80.40453338623047,114.05583953857422,37.27680206298828,81.24283599853516,30.767343521118164,50.154945373535156
2019-01-03,63.268516540527344,42.5805778503418,218.46534729003906,96.67742919921875,29.387046813964844,79.25628662109375,111.41272735595703,37.37794494628906,79.7423095703125,30.284969329833984,50.289161682128906
2019-01-04,63.077999114990234,42.54137420654297,225.7830047607422,99.87974548339844,30.290653228759766,81.6203842163086,115.10057830810547,37.36238479614258,82.03866577148438,31.241666793823242,50.416656494140625
2019-01-07,62.98268508911133,42.43947219848633,227.56321716308594,101.07847595214844,30.386598587036133,82.4646987915039,116.26142883300781,37.34680938720703,82.51119995117188,31.305988311767578,50.59107971191406
2019-01-08,62.90327835083008,42.408103942871094,229.7012176513672,102.46558380126953,30.602516174316406,83.2330322265625,117.45796203613281,37.33904266357422,83.11637115478516,31.482864379882812,50.59107971191406
2019-01-09,62.99063491821289,42.4316291809082,230.77471923828125,103.39029693603516,30.978343963623047,83.90005493164062,118.0115966796875,37.4090690612793,83.26558685302734,31.941118240356445,50.664878845214844
2019-01-10,62.86355209350586,42.44729232788086,231.58883666992188,103.99822998046875,31.10630226135254,84.35594940185547,118.59200286865234,37.39350509643555,83.56402587890625,32.18230438232422,50.63134765625
2019-01-11,62.99063491821289,42.49433517456055,231.6782684326172,104.22087097167969,30.914363861083984,84.48262786865234,118.61883544921875,37.43240737915039,83.7298355102539,31.981311798095703,50.63803482055664
2019-01-14,62.935028076171875,42.49433517456055,230.2648162841797,103.64720153808594,30.754438400268555,83.83248901367188,117.86871337890625,37.401268005371094,83.35678100585938,31.756206512451172,50.67159652709961
2019-01-15,62.94298553466797,42.56488800048828,232.90386962890625,104.15235137939453,30.946353912353516,84.42350769042969,119.1545639038086,37.37015914916992,84.1112060546875,31.96523666381836,50.73200988769531
2019-01-16,62.966800689697266,42.619781494140625,233.4674072265625,105.0257339477539,31.042320251464844,84.87100219726562,119.49390411376953,37.38572692871094,84.39305877685547,32.27878189086914,50.7990608215332
2019-01-17,62.89533233642578,42.63543701171875,235.23863220214844,106.0103759765625,31.14627456665039,85.62244415283203,120.45829010009766,37.37794494628906,85.00650787353516,32.4315299987793,50.94670104980469
2019-01-18,62.84768295288086,42.619781494140625,238.36968994140625,107.23480987548828,31.482114791870117,86.77915954589844,122.0208969116211,37.36238479614258,86.18370819091797,32.6003532409668,51.08760452270508
2019-01-22,62.958866119384766,42.698177337646484,235.14920043945312,105.69358825683594,30.99433708190918,85.65621185302734,120.35111236572266,37.37015914916992,85.25519561767578,32.05366897583008,51.00035858154297
2019-01-23,63.022369384765625,42.72951889038086,235.6412353515625,105.47096252441406,31.154272079467773,85.75753021240234,120.47608184814453,37.34680938720703,85.49563598632812,32.36720275878906,51.28890609741211
2019-01-24,63.15740203857422,42.8392448425293,235.76644897460938,106.19876098632812,31.19424819946289,86.16280364990234,120.72614288330078,37.37794494628906,85.42101287841797,32.64055252075195,51.42979049682617
2019-01-25,63.08592224121094,42.82356643676758,237.76141357421875,107.32901000976562,31.586069107055664,87.00713348388672,121.86022186279297,37.33904266357422,85.8852767944336,32.96213912963867,51.362709045410156
2019-01-28,63.10972213745117,42.784385681152344,235.954345703125,107.22623443603516,31.434139251708984,86.86359405517578,120.96727752685547,37.33904266357422,85.37956237792969,32.616451263427734,51.18152618408203
2019-01-29,63.23672866821289,42.87844467163086,235.6412353515625,107.3204345703125,31.522106170654297,87.00713348388672,120.79756927490234,37.37015914916992,85.53707122802734,32.6566276550293,51.31572723388672
2019-01-30,63.30033493041992,42.90195846557617,239.37168884277344,108.1424331665039,31.873952865600586,87.77545928955078,122.61921691894531,37.479095458984375,86.34950256347656,33.2354850769043,51.46335220336914
2019-01-31,63.59406280517578,42.948997497558594,241.47393798828125,108.56196594238281,31.881942749023438,88.3411636352539,123.69965362548828,37.56467819213867,86.84690856933594,33.58921432495117,51.818965911865234
2019-02-01,63.4173583984375,42.944278717041016,241.59017944335938,108.91302490234375,31.865949630737305,88.54379272460938,123.87823486328125,37.50242614746094,87.07073974609375,33.34000015258789,51.799407958984375
2019-02-04,63.3616943359375,42.92858123779297,243.2898712158203,109.84632110595703,31.9779052734375,89.05038452148438,124.76226806640625,37.486873626708984,87.41890716552734,33.412349700927734,51.69167709350586
2019-02-05,63.49697494506836,42.9835319519043,244.30970764160156,110.22305297851562,32.233795166015625,89.29524993896484,125.2801742553711,37.4713020324707,87.52668762207031,33.79020690917969,51.9543342590332
2019-02-06,63.47311019897461,42.9835319519043,243.9876708984375,110.12032318115234,32.02587890625,89.2783432006836,125.1551742553711,37.49464797973633,87.56813049316406,33.38823699951172,51.90719223022461
2019-02-07,63.520851135253906,43.022727966308594,241.66175842285156,109.5894546508789,31.618070602416992,88.92375183105469,123.96754455566406,37.49464797973633,86.83032989501953,33.07469177246094,51.88024139404297
2019-02-08,63.616355895996094,43.069847106933594,241.9569549560547,109.3668441772461,31.506103515625,88.91529083251953,124.09254455566406,37.51020812988281,86.78057861328125,32.9460563659668,51.75901412963867
2019-02-11,63.592506408691406,43.038448333740234,242.09120178222656,109.99186706542969,31.4421443939209,89.10102844238281,124.35151672363281,37.486873626708984,86.82203674316406,32.753108978271484,51.637786865234375
2019-02-12,63.58453369140625,43.022727966308594,245.20431518554688,111.13923645019531,31.857959747314453,90.17334747314453,125.90522003173828,37.49464797973633,87.94950103759766,33.07469177246094,51.72532272338867
2019-02-13,63.489017486572266,43.038448333740234,246.00051879882812,111.62728118896484,31.865949630737305,90.48570251464844,126.29814147949219,37.51020812988281,88.20646667480469,32.841548919677734,51.75227737426758
2019-02-14,63.600460052490234,43.1012077331543,245.45481872558594,111.52456665039062,31.865949630737305,90.11424255371094,126.07489776611328,37.55689239501953,87.80854797363281,32.90585708618164,51.839839935302734
2019-02-15,63.62434387207031,43.07769012451172,248.12950134277344,112.82601165771484,32.29776382446289,91.00918579101562,127.45899200439453,37.55689239501953,89.08522033691406,32.84958267211914,51.80615997314453
2019-02-19,63.68003463745117,43.11692428588867,248.55897521972656,113.19417572021484,32.457698822021484,91.40602111816406,127.7090072631836,37.58023452758789,89.30907440185547,33.1872444152832,51.833099365234375
2019-02-20,63.65616989135742,43.13259506225586,249.0599365234375,113.80213165283203,32.58563232421875,91.89573669433594,127.97683715820312,37.60358810424805,89.58262634277344,33.33195877075195,51.927406311035156
2019-02-21,63.528846740722656,43.12474822998047,248.17428588867188,113.51956176757812,32.505672454833984,91.60867309570312,127.53929901123047,37.58023452758789,89.34220886230469,33.25959777832031,51.799407958984375
2019-02-22,63.672080993652344,43.17967987060547,249.7130126953125,114.26449584960938,32.625614166259766,92.04772186279297,128.3787078857422,37.626914978027344,89.72357177734375,33.637451171875,51.88697814941406
2019-02-25,63.64821243286133,43.156131744384766,250.05294799804688,113.97338104248047,32.729576110839844,91.85350799560547,128.566162109375,37.61136245727539,89.864501953125,34.08768081665039,51.93414306640625
2019-02-26,63.73577880859375,43.163997650146484,249.87403869628906,113.11715698242188,32.865509033203125,91.57489013671875,128.3251190185547,37.626914978027344,89.72357177734375,33.983158111572266,52.068824768066406
2019-02-27,63.608428955078125,43.07769012451172,249.76673889160156,113.2798080444336,32.761566162109375,91.65931701660156,128.36978149414062,37.626914978027344,89.64067077636719,33.71786117553711,52.1092414855957
2019-02-28,63.53675079345703,43.038448333740234,249.3014373779297,112.89453887939453,32.625614166259766,91.490478515625,128.10186767578125,37.55689239501953,89.33392333984375,33.460575103759766,52.1092414855957
2019-03-01,63.34050369262695,43.00387954711914,250.8579559326172,113.6993637084961,32.82553482055664,91.98860931396484,128.9591064453125,37.57246017456055,89.78990173339844,33.50078582763672,51.98016357421875
2019-03-04,63.45219802856445,43.058841705322266,249.945556640625,113.16851806640625,32.69758224487305,91.60867309570312,128.36083984375,37.588016510009766,89.37537384033203,33.62137222290039,51.93280792236328
2019-03-05,63.50004577636719,43.12169647216797,249.60560607910156,112.67188262939453,32.72157669067383,91.37228393554688,128.11972045898438,37.54133224487305,89.16812896728516,34.01531982421875,52.01395034790039
2019-03-06,63.57986831665039,43.231624603271484,248.09371948242188,111.01937866210938,32.625614166259766,90.38441467285156,127.14640045166016,37.61136245727539,88.58782196044922,33.84648132324219,52.034202575683594
2019-03-07,63.76336669921875,43.36511993408203,246.01841735839844,109.9661865234375,32.209808349609375,89.70050048828125,126.15525817871094,37.65803909301758,88.02408599853516,33.29978942871094,51.96662902832031
2019-03-08,63.84314727783203,43.40439224243164,245.5263671875,109.7778091430664,32.16981887817383,89.48100280761719,125.89631652832031,37.67359924316406,87.86658477783203,33.05861282348633,52.007171630859375
2019-03-11,63.81125259399414,43.357276916503906,249.08673095703125,111.18207550048828,32.46568298339844,90.67149353027344,127.74472045898438,37.69695281982422,89.00232696533203,33.73393630981445,52.12882995605469
2019-03-12,63.96281814575195,43.38084030151367,250.0260772705078,111.28480529785156,32.48168182373047,90.941650390625,128.1732940673828,37.72028732299805,89.22615814208984,33.870601654052734,52.25047302246094
2019-03-13,63.93090057373047,43.3886833190918,251.68113708496094,111.78141021728516,32.72157669067383,91.35539245605469,128.99485778808594,37.74362564086914,89.85618591308594,33.942962646484375,52.257259368896484
2019-03-14,63.875022888183594,43.39654541015625,251.52001953125,111.41321563720703,32.68959045410156,91.16962432861328,128.88763427734375,37.751407623291016,89.78990173339844,33.766090393066406,52.20993423461914
2019-03-15,63.99472427368164,43.42794418334961,252.76271057128906,111.44746398925781,33.017452239990234,91.47356414794922,129.48597717285156,37.782535552978516,90.1380844116211,34.22434997558594,52.378883361816406
2019-03-18,63.95484924316406,43.4515266418457,253.67921447753906,112.2523422241211,33.12940216064453,91.86197662353516,129.96810913085938,37.790313720703125,90.6106185913086,34.6102409362793,52.42622375488281
2019-03-19,63.92292404174805,43.47508239746094,253.74203491210938,111.38753509521484,33.21736526489258,91.40602111816406,129.9413604736328,37.75919723510742,90.46966552734375,34.618289947509766,52.44647979736328
2019-03-20,64.2021713256836,43.50647735595703,252.97833251953125,110.25729370117188,33.18537521362305,90.59546661376953,129.40557861328125,37.883663177490234,89.6489486694336,34.6102409362793,52.710079193115234
2019-03-21,64.21810150146484,43.632144927978516,255.83560180664062,111.46459197998047,33.21736526489258,91.87041473388672,130.923583984375,37.86811447143555,90.37018585205078,34.690643310546875,52.777679443359375
2019-03-22,64.5691909790039,43.74995422363281,250.9116973876953,108.25373077392578,32.577632904052734,90.12267303466797,128.19113159179688,37.89923858642578,88.87797546386719,33.64550018310547,52.649269104003906
2019-03-25,64.64897918701172,43.82060623168945,250.7230682373047,108.459228515625,32.577632904052734,90.16488647460938,128.1031494140625,37.8914680480957,88.7287368774414,33.800167083740234,52.77090835571289
2019-03-26,64.66490173339844,43.74995422363281,252.59194946289062,109.5894546508789,32.77756118774414,90.96698760986328,129.09080505371094,37.883663177490234,89.48314666748047,33.91292953491211,52.87228012084961
2019-03-27,64.78458404541016,43.82847595214844,251.27113342285156,109.6065673828125,32.729576110839844,90.7896728515625,128.49819946289062,37.8914680480957,89.08522033691406,33.54239273071289,52.65602493286133
2019-03-28,64.81649780273438,43.8598747253418,252.2236328125,110.44957733154297,32.709495544433594,91.06288146972656,129.06382751464844,37.87590026855469,89.33145904541016,33.8323860168457,52.74386978149414
2019-03-29,64.7686538696289,43.79706573486328,253.81399536132812,110.7334213256836,32.82193374633789,91.5295181274414,129.9166717529297,37.87590026855469,89.84064483642578,34.23515319824219,52.88578796386719
2019-04-01,64.51268005371094,43.705101013183594,256.8240051269531,112.35920715332031,33.247562408447266,92.73431396484375,131.42491149902344,37.86811447143555,90.89237213134766,34.75069046020508,52.83897399902344
2019-04-02,64.54468536376953,43.72867965698242,256.9497375488281,111.87751007080078,33.27165985107422,92.55611419677734,131.4159698486328,37.8914680480957,90.66703033447266,34.645973205566406,52.8729133605957
2019-04-03,64.45673370361328,43.681514739990234,257.35406494140625,112.30758666992188,33.528648376464844,92.89551544189453,131.73019409179688,37.85256576538086,90.68370819091797,34.81512451171875,52.866111755371094
2019-04-04,64.52069854736328,43.68938064575195,258.037109375,113.2107925415039,33.46438980102539,93.37910461425781,132.0084991455078,37.87590026855469,91.08438873291016,35.04067611694336,52.866111755371094
2019-04-05,64.56868743896484,43.712955474853516,259.2860412597656,114.1312255859375,33.53666687011719,94.0069580078125,132.67283630371094,37.883663177490234,91.48505401611328,35.32261657714844,52.95433044433594
2019-04-08,64.50468444824219,43.72081756591797,259.483642578125,113.97640228271484,33.56076431274414,94.01544952392578,132.7896270751953,37.86811447143555,91.55181121826172,35.2984504699707,52.866111755371094
2019-04-09,64.60067749023438,43.76009750366211,258.1539001464844,112.55705261230469,33.3599967956543,93.12457275390625,131.9905242919922,37.883663177490234,90.95917510986328,35.25011444091797,52.9000358581543
2019-04-10,64.68869018554688,43.80727767944336,259.034423828125,113.78716278076172,33.49651336669922,93.76090240478516,132.60104370117188,37.969268798828125,91.20960998535156,35.41926956176758,52.96790313720703
2019-04-11,64.57669067382812,43.815147399902344,258.9624938964844,114.01077270507812,33.43226623535156,94.01544952392578,132.5920867919922,37.930355072021484,91.22628784179688,35.00846862792969,52.79146957397461
2019-04-12,64.45673370361328,43.712955474853516,260.714599609375,114.74195098876953,33.68122863769531,94.91477966308594,133.48081970214844,37.914794921875,91.80223846435547,35.22595977783203,52.75074005126953
2019-04-15,64.47268676757812,43.64219665527344,260.5438232421875,114.20002746582031,33.697296142578125,94.55842590332031,133.3730926513672,37.90703201293945,91.70207214355469,35.04067611694336,52.696449279785156
2019-04-16,64.36072540283203,43.65792465209961,260.714599609375,114.52692413330078,33.753501892089844,94.59236145019531,133.40904235839844,37.89923858642578,91.90238189697266,35.32261657714844,52.81861877441406
2019-04-17,64.36072540283203,43.57932662963867,260.0766906738281,113.97640228271484,33.80971145629883,94.20211791992188,132.91522216796875,37.90703201293945,91.6770248413086,35.411231994628906,52.798255920410156
2019-04-18,64.44869995117188,43.69721984863281,260.5887756347656,113.84736633300781,33.74547576904297,94.33784484863281,133.11276245117188,37.93814468383789,91.70207214355469,35.45149612426758,52.81861877441406
2019-04-22,64.3847427368164,43.681514739990234,260.81341552734375,113.1247787475586,33.713356018066406,93.92211151123047,133.14866638183594,37.93814468383789,91.70207214355469,35.2420654296875,52.82538986206055
2019-04-23,64.4967041015625,43.705101013183594,263.1585388183594,114.61293029785156,33.79365539550781,94.85541534423828,134.486328125,37.97705078125,92.34477996826172,35.32261657714844,52.9204216003418
2019-04-24,64.6646499633789,43.80727767944336,262.5744934082031,114.96560668945312,33.49651336669922,94.88085174560547,134.30679321289062,38.02373123168945,92.08604431152344,34.911808013916016,52.89326477050781
2019-04-25,64.64867401123047,43.783695220947266,262.4127502441406,113.69254302978516,33.47242736816406,94.20211791992188,134.08236694335938,38.01595687866211,91.7771987915039,34.84735107421875,52.81861877441406
2019-04-26,64.79261779785156,43.846580505371094,263.634765625,114.89678192138672,33.600929260253906,94.67720794677734,134.80958557128906,38.03928756713867,92.23628997802734,35.00846862792969,52.913631439208984
2019-04-29,64.65666961669922,43.83085632324219,264.04803466796875,115.20645141601562,33.72941970825195,94.6856918334961,135.007080078125,38.01595687866211,92.47000122070312,34.94401168823242,52.85932540893555
2019-04-30,64.752685546875,43.87016296386719,264.18292236328125,115.06021881103516,33.753501892089844,94.85541534423828,135.01602172851562,38.05485153198242,92.8623275756836,34.96819305419922,53.02219772338867
2019-05-01,64.75666046142578,43.8709602355957,262.1971435546875,114.02796936035156,33.528648376464844,93.9730224609375,134.0105438232422,38.00817108154297,92.15282440185547,34.77484893798828,52.93024826049805
2019-05-02,64.61228942871094,43.83161926269531,261.6310729980469,114.10540771484375,33.46438980102539,93.91364288330078,133.78610229492188,37.930355072021484,91.94414520263672,34.82318115234375,52.8757209777832
2019-05-03,64.73257446289062,43.86307907104492,264.1919250488281,115.8687973022461,33.79365539550781,94.88085174560547,135.2315216064453,37.969268798828125,92.65364837646484,35.2742805480957,53.0869140625
2019-05-06,64.81272888183594,43.84734344482422,263.1046142578125,115.8687973022461,33.47242736816406,94.40571594238281,134.8005828857422,37.98483657836914,92.34477996826172,34.525142669677734,53.07332229614258
2019-05-07,64.90899658203125,43.89455032348633,258.7109680175781,113.92477416992188,32.91026306152344,93.02277374267578,132.4752655029297,37.98483657836914,90.967529296875,33.87266540527344,52.902992248535156
2019-05-08,64.86089324951172,43.926029205322266,258.35150146484375,113.32263946533203,32.95845413208008,92.75126647949219,132.2598876953125,37.953704833984375,90.72543334960938,33.78404998779297,52.841705322265625
2019-05-09,64.925048828125,43.926029205322266,257.5697326660156,113.08180236816406,32.71752166748047,92.59856414794922,131.8379669189453,37.961483001708984,90.51676940917969,33.30878829956055,52.84850311279297
2019-05-10,64.91698455810547,43.91029357910156,258.8636474609375,113.44306945800781,32.93437194824219,93.03125762939453,132.4483642578125,38.00817108154297,91.04264068603516,33.582664489746094,52.943870544433594
2019-05-13,65.05329132080078,43.9575080871582,252.35838317871094,110.36355590820312,32.195526123046875,90.75743865966797,129.0997314453125,38.0626335144043,89.22296142578125,32.44687271118164,52.623687744140625
2019-05-14,65.09337615966797,43.98896408081055,254.64059448242188,111.46460723876953,32.500701904296875,91.56346893310547,130.2667694091797,38.07819366455078,89.79056549072266,32.897972106933594,52.82808303833008
2019-05-15,65.1895751953125,44.044036865234375,256.1321105957031,111.56783294677734,32.64525604248047,91.69921875,131.0388946533203,38.11709976196289,89.98255920410156,32.986572265625,52.93024826049805
2019-05-16,65.09337615966797,44.067657470703125,258.5042724609375,112.23876190185547,32.846038818359375,92.32705688476562,132.22396850585938,38.14043045043945,90.70875549316406,32.90602111816406,52.91660690307617
2019-05-17,65.10944366455078,44.09123992919922,256.8329772949219,110.89688110351562,32.66130828857422,91.77557373046875,131.29025268554688,38.11709976196289,90.3498306274414,32.27770233154297,52.8757209777832
2019-05-20,65.02925109863281,44.02830123901367,255.134765625,110.16571044921875,32.51676940917969,91.20712280273438,130.35659790039062,38.07041931152344,90.21627807617188,32.16493225097656,52.91660690307617
2019-05-21,64.99715423583984,44.02830123901367,257.43505859375,111.47321319580078,32.74162292480469,92.19129180908203,131.63143920898438,38.05485153198242,90.90071868896484,32.59990310668945,53.05967330932617
2019-05-22,65.11744689941406,44.0991096496582,256.64434814453125,110.46675872802734,32.61313247680664,91.72464752197266,131.15557861328125,38.07819366455078,90.60858917236328,32.462982177734375,52.93705368041992
2019-05-23,65.34991455078125,44.15419006347656,253.50851440429688,108.66036224365234,32.28386306762695,90.57926940917969,129.4857940673828,38.07819366455078,89.63195037841797,32.052154541015625,52.82808303833008
2019-05-24,65.34991455078125,44.21711730957031,254.08352661132812,109.20228576660156,32.621150970458984,90.74893951416016,129.7999725341797,38.109317779541016,89.87403106689453,32.10047912597656,52.984710693359375
2019-05-28,65.48625183105469,44.24860382080078,251.72042846679688,108.0926284790039,32.340087890625,89.77325439453125,128.65977478027344,38.109317779541016,88.67205047607422,32.19715881347656,53.07332229614258
2019-05-29,65.4701919555664,44.31941604614258,250.03123474121094,107.41305541992188,32.12325668334961,89.094482421875,127.77997589111328,38.13266372680664,88.17957305908203,32.471038818359375,53.100528717041016
2019-05-30,65.64656066894531,44.33514404296875,250.7140655517578,106.99156951904297,32.243709564208984,89.05208587646484,128.0313720703125,38.14821243286133,88.15449523925781,32.61603546142578,53.209537506103516
2019-05-31,65.93522644042969,44.42955780029297,247.33563232421875,105.70126342773438,31.994762420654297,88.09334564208984,126.30760192871094,38.26492691040039,86.98592376708984,32.736846923828125,53.25041198730469
2019-06-03,66.12247467041016,44.464202880859375,246.70668029785156,106.7679214477539,32.12325668334961,89.094482421875,126.05630493164062,38.3038215637207,87.81227111816406,32.9301872253418,53.26477813720703
2019-06-04,66.00995635986328,44.51145935058594,252.0618438720703,109.34849548339844,32.540855407714844,91.02043914794922,128.8842315673828,38.32716369628906,89.5652084350586,32.93824005126953,53.44264602661133
2019-06-05,66.00995635986328,44.58235168457031,254.24522399902344,109.3829116821289,32.5247917175293,91.63980865478516,129.87184143066406,38.358299255371094,90.11609649658203,32.69657516479492,53.61366653442383
2019-06-06,65.99388885498047,44.62959289550781,255.89849853515625,109.3829116821289,32.66130828857422,92.140380859375,130.5989990234375,38.34273147583008,90.67536163330078,32.68852996826172,53.79838943481445
2019-06-07,66.17070007324219,44.74772262573242,258.4592590332031,109.74418640136719,33.04680633544922,92.42037200927734,131.78407287597656,38.41276168823242,91.1260986328125,32.92212677001953,53.955718994140625
2019-06-10,66.03406524658203,44.661094665527344,259.6453552246094,110.18290710449219,33.13512420654297,92.68339538574219,132.520263671875,38.32716369628906,91.41825866699219,33.22822570800781,54.01729202270508
2019-06-11,65.98585510253906,44.67685317993164,259.5824279785156,110.26893615722656,33.29575729370117,92.59856414794922,132.39453125,38.296051025390625,91.37654113769531,33.57461929321289,54.09939956665039
2019-06-12,66.0983657836914,44.708351135253906,259.124267578125,110.12268829345703,33.030731201171875,92.48826599121094,132.21498107910156,38.28826904296875,91.25132751464844,33.212120056152344,54.09939956665039
2019-06-13,66.2108383178711,44.76348876953125,260.1933898925781,110.99150085449219,33.04680633544922,93.09913635253906,132.8254852294922,38.32716369628906,91.63528442382812,33.244346618652344,54.119903564453125
2019-06-14,66.21892547607422,44.82646942138672,259.9058837890625,110.3377685546875,32.82193374633789,92.92095184326172,132.53814697265625,38.3038215637207,91.58521270751953,32.833526611328125,54.031005859375
2019-06-17,66.21892547607422,44.81073760986328,260.0047607421875,110.29472351074219,32.846290588378906,92.7936782836914,132.63453674316406,38.256988525390625,91.40155792236328,32.97060012817383,54.05832290649414
2019-06-18,66.37157440185547,45.00761032104492,262.727294921875,111.42157745361328,33.301021575927734,93.5403060913086,134.0854034423828,38.2960319519043,92.1778564453125,33.71680450439453,54.48934555053711
2019-06-19,66.59664916992188,45.0469856262207,263.32025146484375,111.67965698242188,33.487789154052734,93.93061065673828,134.54493713378906,38.436561584472656,92.4115982055664,33.95201110839844,54.81770706176758
2019-06-20,66.70104217529297,45.08635711669922,265.8361511230469,112.18717956542969,33.8126106262207,94.7281265258789,135.7794647216797,38.53024673461914,93.2129135131836,34.47920608520508,55.09819793701172
2019-06-21,66.51622009277344,45.031219482421875,265.4497375488281,111.58502960205078,33.6908073425293,94.48209381103516,135.79751586914062,38.48340606689453,93.15446472167969,34.34132766723633,54.81770706176758
2019-06-24,66.63676452636719,45.078468322753906,265.124755859375,110.56138610839844,33.73951721191406,94.10027313232422,135.0406036376953,38.4912109375,93.0543212890625,34.365665435791016,54.83138656616211
2019-06-25,66.66088104248047,45.12574005126953,262.5243835449219,110.20010375976562,33.56086730957031,93.63362884521484,133.76095581054688,38.452178955078125,92.66199493408203,33.992557525634766,54.71507263183594
2019-06-26,66.5081787109375,45.054866790771484,262.2624816894531,109.95925903320312,33.60148239135742,93.35366821289062,133.50869750976562,38.45998001098633,92.26966857910156,34.32509994506836,54.72189712524414
2019-06-27,66.70104217529297,45.08635711669922,263.19256591796875,111.52615356445312,33.68266677856445,94.0498275756836,134.31065368652344,38.48340606689453,92.6384506225586,34.51976776123047,54.92715835571289
2019-06-28,66.75729370117188,45.12574005126953,264.5468444824219,112.94512939453125,33.86943435668945,94.98828887939453,135.24783325195312,38.50682830810547,93.17607879638672,34.49543762207031,55.016109466552734
2019-07-01,66.75247955322266,45.169105529785156,266.9485168457031,113.29119110107422,34.02371597290039,95.5769271850586,136.2030029296875,38.48340606689453,93.8228988647461,34.99020004272461,55.274269104003906
2019-07-02,66.8813705444336,45.25580978393555,267.6437683105469,112.8845443725586,34.12928771972656,95.4489517211914,136.51837158203125,38.475589752197266,93.99089050292969,34.94153594970703,55.30866622924805
2019-07-03,67.002197265625,45.42924118041992,269.7835693359375,113.78437042236328,34.30794143676758,96.4471435546875,137.54566955566406,38.50682830810547,94.73013305664062,34.982086181640625,55.487186431884766
2019-07-05,66.68804931640625,45.374046325683594,269.4765930175781,114.13911437988281,34.07244873046875,96.4300537109375,137.46456909179688,38.452178955078125,94.57890319824219,34.73875045776367,55.38418197631836
2019-07-08,66.68000793457031,45.374046325683594,267.9959411621094,113.08353424072266,33.86943435668945,95.94379425048828,136.7256622314453,38.42094421386719,94.17568969726562,34.60087966918945,55.26056671142578
2019-07-09,66.59138488769531,45.358280181884766,268.3298645019531,112.91053009033203,33.70703125,95.96082305908203,136.9689483642578,38.41314697265625,94.11691284179688,34.51165771484375,55.14383316040039
2019-07-10,66.6478042602539,45.27156066894531,269.61199951171875,112.80667877197266,33.85319900512695,95.90967559814453,137.52764892578125,38.50682830810547,94.27650451660156,34.73875045776367,55.14383316040039
2019-07-11,66.43026733398438,45.18486785888672,270.2441101074219,112.43461608886719,33.86131286621094,96.01203918457031,137.71685791015625,38.4990234375,94.53692626953125,34.665775299072266,55.02708435058594
2019-07-12,66.4866943359375,45.10603713989258,271.45391845703125,113.4642333984375,33.90191650390625,96.64334106445312,138.41970825195312,38.54585647583008,94.95692443847656,34.665775299072266,55.13694763183594
2019-07-15,66.5833511352539,45.2479362487793,271.54425048828125,112.93644714355469,33.93440246582031,96.4471435546875,138.3296356201172,38.5380744934082,94.85614013671875,34.827980041503906,55.267452239990234
2019-07-16,66.49469757080078,45.27156066894531,270.6684265136719,113.03163146972656,33.78011703491211,96.33622741699219,137.9781494140625,38.51462936401367,94.63770294189453,34.76309585571289,55.23997116088867
2019-07-17,66.69609069824219,45.36616134643555,268.8265075683594,112.07125854492188,33.71515655517578,95.3636474609375,137.06805419921875,38.53024673461914,93.88169860839844,34.68199157714844,55.370452880859375
2019-07-18,66.81690216064453,45.484432220458984,269.81060791015625,112.391357421875,33.8126106262207,95.84142303466797,137.5726776123047,38.60831832885742,94.33531188964844,34.900978088378906,55.356693267822266
2019-07-19,66.74446105957031,45.468631744384766,268.3118896484375,111.93280029296875,33.76388168334961,95.35511016845703,136.78872680664062,38.56147766113281,93.90689086914062,34.67388153076172,55.356693267822266
2019-07-22,66.81690216064453,45.484432220458984,268.970947265625,111.759765625,33.79635238647461,95.33807373046875,137.11314392089844,38.56147766113281,93.86489868164062,34.63330841064453,55.494056701660156
2019-07-23,66.76051330566406,45.523834228515625,270.8941345214844,112.95377349853516,33.99122619628906,96.25091552734375,138.0322723388672,38.56147766113281,94.59571838378906,34.63330841064453,55.57646179199219
2019-07-24,66.8249740600586,45.6026611328125,272.1672058105469,114.67554473876953,33.99936294555664,97.06139373779297,138.87930297851562,38.56147766113281,94.97371673583984,34.73875045776367,55.679481506347656
2019-07-25,66.75247955322266,45.6026611328125,270.8670349121094,113.47289276123047,33.658321380615234,96.37887573242188,138.14039611816406,38.5380744934082,94.58732604980469,34.53598403930664,55.741268157958984
2019-07-26,66.75247955322266,45.58690643310547,272.6817626953125,114.36405181884766,33.75575637817383,96.84811401367188,139.140625,38.4912109375,95.06612396240234,34.568424224853516,55.645164489746094
2019-07-29,66.79277038574219,45.6578483581543,272.18536376953125,113.9574203491211,33.74763488769531,96.66041564941406,138.80726623535156,38.5224494934082,95.04935455322266,34.5603141784668,55.71382141113281
2019-07-30,66.77664947509766,45.634185791015625,271.51715087890625,114.79663848876953,33.39033889770508,96.87368774414062,138.6720428466797,38.51462936401367,94.90653991699219,34.219661712646484,55.58333969116211
2019-07-31,66.8572006225586,45.689353942871094,268.54669189453125,113.79301452636719,33.17921829223633,95.93527221679688,137.158203125,38.51462936401367,93.94888305664062,33.87089920043945,55.679481506347656
2019-08-01,67.33596801757812,45.802978515625,266.2081298828125,111.59537506103516,33.0493049621582,94.6128921508789,135.88760375976562,38.57709503173828,92.90725708007812,33.25447463989258,55.767738342285156
2019-08-02,67.40060424804688,45.89767837524414,264.2037048339844,110.42733764648438,32.789451599121094,93.81092834472656,134.7882537841797,38.57709503173828,92.40325164794922,32.93815612792969,55.65740966796875
2019-08-05,67.69124603271484,45.97658157348633,256.25830078125,107.24332427978516,31.95306968688965,91.53307342529297,130.78732299804688,38.60831832885742,89.90833282470703,31.77830696105957,55.35402297973633
2019-08-06,67.86077117919922,46.04758071899414,259.851806640625,108.18643188476562,32.172306060791016,92.35205841064453,132.4904327392578,38.63955307006836,90.94160461425781,32.28117370605469,55.60224151611328
2019-08-07,67.86077117919922,46.23695755004883,260.0053405761719,108.17779541015625,32.30223083496094,92.51414489746094,132.63453674316406,38.63955307006836,90.74839782714844,32.419063568115234,55.857364654541016
2019-08-08,67.91732025146484,46.0870361328125,265.10662841796875,110.40137481689453,32.635162353515625,94.1351547241211,135.15771484375,38.6786003112793,92.184814453125,32.84082794189453,56.071144104003906
2019-08-09,67.79620361328125,46.12648010253906,263.30084228515625,108.9910888671875,32.399681091308594,93.3502426147461,134.19349670410156,38.63955307006836,91.67240905761719,32.516387939453125,56.18142318725586
2019-08-12,68.09489440917969,46.17383575439453,260.0955505371094,107.43370056152344,32.12359619140625,92.13877868652344,132.5355224609375,38.6786003112793,90.55518341064453,32.15139389038086,55.450557708740234
2019-08-13,67.9899673461914,46.29219055175781,264.1405029296875,108.39409637451172,32.440269470214844,93.12844848632812,134.42779541015625,38.64735794067383,91.6388168334961,32.53260040283203,55.44364929199219
2019-08-14,68.23218536376953,46.3947639465332,256.33056640625,105.19276428222656,31.563291549682617,90.26190948486328,130.54403686523438,38.623939514160156,89.00110626220703,31.63229751586914,55.12649154663086
2019-08-15,68.56319427490234,46.68670654296875,257.0076904296875,104.8726577758789,31.628252029418945,90.21068572998047,130.78732299804688,38.7176399230957,89.06832122802734,31.81074333190918,55.43675994873047
2019-08-16,68.49056243896484,46.61569595336914,260.7997741699219,106.96648406982422,32.001792907714844,91.60130310058594,132.76976013183594,38.7098274230957,90.36196899414062,32.232513427734375,55.8228874206543
2019-08-19,68.2725830078125,46.473655700683594,263.9419250488281,108.1172103881836,32.19667434692383,92.63360595703125,134.34669494628906,38.66297149658203,91.31119537353516,32.33794403076172,55.48503875732422
2019-08-20,68.45016479492188,46.53677749633789,261.91943359375,107.18276977539062,32.10735321044922,91.89993286132812,133.31944274902344,38.68640899658203,90.40396881103516,32.39472198486328,55.48503875732422
2019-08-21,68.41790008544922,46.46577835083008,264.0502624511719,107.9355239868164,32.37532043457031,92.55683135986328,134.44583129882812,38.66297149658203,90.96678924560547,32.64617156982422,55.64363479614258
2019-08-22,68.28868865966797,46.378971099853516,263.9689636230469,108.01339721679688,32.26164245605469,92.79569244384766,134.32870483398438,38.64735794067383,91.03399658203125,32.31361770629883,55.71257019042969
2019-08-23,68.53898620605469,46.46577835083008,257.1883239746094,105.08030700683594,31.86374282836914,90.46663665771484,130.94049072265625,38.70201873779297,88.88350677490234,31.851303100585938,55.65740966796875
2019-08-26,68.49860382080078,46.457889556884766,260.0323791503906,105.97148895263672,32.139835357666016,91.2344741821289,132.26512145996094,38.67079162597656,89.72354888916016,32.0540657043457,55.60913848876953
2019-08-27,68.73274993896484,46.599891662597656,259.01214599609375,104.52657318115234,32.13170623779297,90.56901550292969,131.65235900878906,38.7176399230957,89.16913604736328,32.07030487060547,55.79533386230469
2019-08-28,68.75698852539062,46.68670654296875,260.83599853515625,105.60810852050781,32.139835357666016,91.31977844238281,132.5895233154297,38.75666809082031,89.97555541992188,32.191951751708984,55.90564727783203
2019-08-29,68.71663665771484,46.67880630493164,264.1676025390625,107.42504119873047,32.39155960083008,92.40328216552734,134.34669494628906,38.74886703491211,90.92478942871094,32.5650520324707,55.94013214111328
2019-08-30,68.70854187011719,46.6551399230957,264.0502624511719,107.60674285888672,32.55397033691406,92.69332885742188,134.30165100097656,38.7098274230957,91.15998840332031,32.76781463623047,56.05732727050781
2019-09-03,68.77165985107422,46.76807403564453,262.50628662109375,106.34352111816406,32.424041748046875,92.36060333251953,133.4275665283203,38.67079162597656,90.82398986816406,32.597496032714844,56.151451110839844
2019-09-04,68.90113067626953,46.61801528930664,265.48590087890625,107.5029067993164,32.8787727355957,93.54647064208984,134.85134887695312,38.75666809082031,91.70600891113281,33.132808685302734,56.45604705810547
2019-09-05,68.54512023925781,46.44427490234375,268.89874267578125,109.45829772949219,33.1467399597168,94.54466247558594,136.653564453125,38.6786003112793,92.74765014648438,33.384246826171875,56.269142150878906
2019-09-06,68.6259765625,46.49957275390625,269.1064147949219,109.25928497314453,33.219818115234375,94.78350830078125,136.6805877685547,38.7098274230957,92.91566467285156,33.48969268798828,56.3798942565918
2019-09-09,68.31041717529297,46.38109588623047,269.24188232421875,110.93781280517578,33.2847785949707,95.68782806396484,136.76168823242188,38.69420623779297,93.60447692871094,33.57890701293945,56.04762649536133
2019-09-10,67.96248626708984,46.17577362060547,269.1786193847656,112.20967102050781,33.38221740722656,96.2935791015625,136.8968505859375,38.631744384765625,94.11691284179688,33.57890701293945,55.597713470458984
2019-09-11,67.92205047607422,46.23895263671875,271.0927734375,113.92280578613281,33.585235595703125,97.20643615722656,138.0142059326172,38.60831832885742,94.83094787597656,33.830345153808594,55.68077087402344
2019-09-12,67.79258728027344,46.199459075927734,272.0317687988281,113.74977111816406,33.76388168334961,97.32587432861328,138.42874145507812,38.60831832885742,94.94853973388672,34.04123306274414,55.80536651611328
2019-09-13,67.4041519165039,45.930965423583984,271.85125732421875,113.90547180175781,33.91815948486328,97.36851501464844,138.29359436035156,38.54585647583008,95.05772399902344,34.219661712646484,55.31391525268555
2019-09-16,67.5821533203125,46.05732727050781,271.011474609375,114.11217498779297,33.67455291748047,97.49789428710938,138.01296997070312,38.63955307006836,94.80256652832031,33.94389724731445,55.396968841552734
2019-09-17,67.73590850830078,46.088905334472656,271.6976623535156,113.6258773803711,33.80447769165039,97.5578384399414,138.34788513183594,38.63955307006836,94.80256652832031,33.98444747924805,55.65309524536133
2019-09-18,67.78446197509766,46.23895263671875,271.8603210449219,113.2785415649414,33.71515655517578,97.54928588867188,138.329833984375,38.58490753173828,94.82791137695312,33.814125061035156,55.63230514526367
2019-09-19,67.88156127929688,46.22314453125,271.84210205078125,112.87040710449219,33.85319900512695,97.12094116210938,138.23924255371094,38.61613845825195,94.73497009277344,33.603233337402344,55.86766815185547
2019-09-20,68.12430572509766,46.32582473754883,270.5577392578125,112.50566864013672,33.78011703491211,96.79540252685547,137.63270568847656,38.64735794067383,94.57442474365234,33.6600227355957,56.09609603881836
2019-09-23,68.17288208007812,46.46796798706055,270.4942932128906,112.67069244384766,33.73139572143555,96.95814514160156,137.7051544189453,38.69420623779297,94.60822296142578,33.78167724609375,56.08917236328125
2019-09-24,68.40753936767578,46.5390510559082,268.3717956542969,111.40283203125,33.58833694458008,96.39276885986328,136.42877197265625,38.709171295166016,93.98298645019531,33.37020492553711,55.70155334472656
2019-09-25,68.0838394165039,46.46796798706055,269.9591369628906,112.81830596923828,33.5311164855957,97.11238098144531,137.28872680664062,38.6540412902832,94.32941436767578,33.40304183959961,55.62539291381836
2019-09-26,68.1971435546875,46.47585678100586,269.3967590332031,112.08889770507812,33.60469436645508,96.82110595703125,136.87234497070312,38.638282775878906,94.06745147705078,33.38663101196289,55.708473205566406
2019-09-27,68.26997375488281,46.49957275390625,267.9455261230469,111.50707244873047,33.457550048828125,96.57266235351562,136.05767822265625,38.6540412902832,94.03367614746094,32.96774673461914,55.68077087402344
2019-09-30,68.31853485107422,46.4600715637207,269.1880798339844,111.88915252685547,33.580162048339844,96.80397033691406,136.69131469726562,38.638282775878906,94.31249237060547,33.066314697265625,55.7915153503418
2019-10-01,68.3850326538086,46.382606506347656,265.9862365722656,109.84847259521484,33.27771759033203,95.27053833007812,134.90798950195312,38.67766189575195,92.95211791992188,32.83634567260742,55.643524169921875
2019-10-02,68.53911590576172,46.382606506347656,261.2876281738281,108.29409790039062,32.6156005859375,93.65142059326172,132.71730041503906,38.709171295166016,91.30451202392578,32.680294036865234,55.525413513183594
2019-10-03,68.76615905761719,46.55651092529297,263.42828369140625,108.58936309814453,32.844482421875,94.0283432006836,133.7944793701172,38.764320373535156,91.81147003173828,33.074527740478516,55.851966857910156
2019-10-04,68.87968444824219,46.56439971923828,266.9931640625,109.69217681884766,33.09788131713867,95.14202117919922,135.54164123535156,38.772193908691406,93.06197357177734,33.23057174682617,56.24109649658203
2019-10-07,68.70128631591797,46.44585037231445,265.8410949707031,109.19720458984375,33.05701446533203,94.7393798828125,135.007568359375,38.717063903808594,92.6395263671875,32.9759635925293,55.83110809326172
2019-10-08,68.73371887207031,46.493263244628906,261.7138671875,107.4517822265625,32.74638748168945,93.0945816040039,132.82594299316406,38.74068069458008,91.16929626464844,32.69671630859375,55.907569885253906
2019-10-09,68.65264892578125,46.4853515625,264.19927978515625,107.9554443359375,33.007972717285156,93.71139526367188,134.04800415039062,38.709171295166016,91.86217498779297,32.943115234375,55.935359954833984
2019-10-10,68.44178771972656,46.271942138671875,265.9862365722656,108.58067321777344,33.220497131347656,94.31104278564453,134.90798950195312,38.67766189575195,92.48743438720703,33.29629135131836,55.900630950927734
2019-10-11,68.1904067993164,46.098045349121094,268.7436828613281,110.48239135742188,33.784523010253906,95.53609466552734,136.3563232421875,38.638282775878906,93.39151000976562,33.73979187011719,55.900630950927734
2019-10-14,68.30390167236328,46.208709716796875,268.4443359375,110.10028839111328,33.66191482543945,95.23627471923828,136.2296600341797,38.66978454589844,93.30701446533203,33.6658821105957,55.928409576416016
2019-10-15,68.12551879882812,46.121761322021484,271.10205078125,111.10761260986328,34.037940979003906,95.93016815185547,137.56935119628906,38.5988883972168,94.17731475830078,33.895851135253906,55.907569885253906
2019-10-16,68.19849395751953,46.034828186035156,270.6666259765625,111.0815658569336,34.06245422363281,95.8273696899414,137.31588745117188,38.67766189575195,94.08436584472656,33.98618698120117,55.83110809326172
2019-10-17,68.19849395751953,46.14548110961914,271.4649658203125,112.06283569335938,34.15237045288086,96.25570678710938,137.7686004638672,38.717063903808594,94.41389465332031,34.092952728271484,55.893653869628906
2019-10-18,68.23094940185547,46.05851745605469,270.2765808105469,111.97595977783203,34.11150360107422,96.4013442993164,137.2163543701172,38.717063903808594,94.354736328125,34.00262451171875,55.99789810180664
2019-10-21,68.06878662109375,45.96367645263672,272.1088562011719,112.90513610839844,34.32402801513672,97.02670288085938,138.11253356933594,38.69343185424805,94.97154998779297,34.2490119934082,55.768585205078125
2019-10-22,68.1904067993164,46.0743408203125,271.21990966796875,113.14827728271484,34.242286682128906,97.0438232421875,137.69610595703125,38.72493362426758,95.28416442871094,34.22438049316406,55.879730224609375
2019-10-23,68.22282409667969,46.105953216552734,272.0091857910156,113.56510925292969,34.40578079223633,97.4207534790039,137.9767303466797,38.74068069458008,95.52075958251953,34.240806579589844,56.053462982177734
2019-10-24,68.23094940185547,46.16128158569336,272.4535827636719,113.2264404296875,34.4630012512207,97.25801849365234,138.35694885253906,38.74068069458008,95.2503890991211,34.2818603515625,56.02568435668945
2019-10-25,68.117431640625,46.05851745605469,273.5691833496094,113.78215789794922,34.487525939941406,97.39507293701172,138.90914916992188,38.756446838378906,95.63059997558594,34.43791198730469,56.0743293762207
2019-10-28,67.9714584350586,45.93996047973633,275.1112365722656,114.47687530517578,34.6428337097168,97.6092529296875,139.75099182128906,38.717063903808594,96.0108413696289,34.70894241333008,55.879730224609375
2019-10-29,67.9876480102539,45.97158432006836,275.0295715332031,114.97184753417969,34.60195541381836,97.83198547363281,139.72386169433594,38.66191101074219,96.30656433105469,34.51183319091797,55.85892868041992
2019-10-30,68.2066421508789,46.06644821166992,275.8731994628906,114.65924072265625,34.74091720581055,97.83198547363281,140.05880737304688,38.7013053894043,96.49246978759766,34.64324951171875,55.935359954833984
2019-10-31,68.53093719482422,46.2324333190918,275.138427734375,113.8429946899414,34.6591796875,97.17232513427734,139.56997680664062,38.74068069458008,96.10377502441406,34.37220764160156,56.0743293762207
2019-11-01,68.4700698852539,46.139076232910156,277.6873474121094,115.51893615722656,34.96980667114258,98.4744873046875,141.06362915039062,38.78007125854492,97.07545471191406,34.90606689453125,56.301761627197266
2019-11-04,68.27500915527344,46.02040481567383,278.802978515625,116.62174987792969,35.15782165527344,99.10844421386719,141.57962036132812,38.78007125854492,97.6077651977539,35.160682678222656,56.057586669921875
2019-11-05,68.03932189941406,45.941287994384766,278.4945373535156,116.71727752685547,35.14964294433594,99.2369155883789,141.4528350830078,38.772193908691406,97.70917510986328,35.3331413269043,55.80640411376953
2019-11-06,68.18558502197266,45.980865478515625,278.5580749511719,116.30912780761719,35.116939544677734,99.05701446533203,141.38951110839844,38.8036994934082,97.8359146118164,35.275665283203125,55.94593811035156
2019-11-07,67.83611297607422,45.735599517822266,279.53765869140625,116.39595794677734,35.272254943847656,99.28832244873047,141.8692626953125,38.72493362426758,98.28372192382812,35.51384735107422,55.72269821166992
2019-11-08,67.77111053466797,45.74351119995117,280.2270202636719,116.59568786621094,35.198692321777344,99.58814239501953,142.26759338378906,38.756446838378906,98.60482788085938,35.19353103637695,55.68085479736328
2019-11-11,67.81172943115234,45.74351119995117,279.6918640136719,116.32650756835938,35.165992736816406,99.22836303710938,141.98696899414062,38.764320373535156,98.24992370605469,34.99641418457031,55.67388153076172
2019-11-12,67.85236358642578,45.74351119995117,280.2814636230469,116.1441879272461,35.174171447753906,99.15983581542969,142.2313690185547,38.756446838378906,98.25837707519531,34.73359680175781,55.590152740478516
2019-11-13,67.97427368164062,45.84636306762695,280.3721923828125,115.70128631591797,35.05972671508789,99.09986877441406,142.2947235107422,38.78007125854492,98.18236541748047,34.51183319091797,55.5343132019043
2019-11-14,68.1693115234375,45.941287994384766,280.7804260253906,115.98783874511719,35.03520202636719,99.21979522705078,142.43959045410156,38.772193908691406,98.10629272460938,34.49540710449219,55.841312408447266
2019-11-15,68.14495086669922,45.92546844482422,282.8121643066406,116.47415161132812,35.247737884521484,99.70808410644531,143.52589416503906,38.772193908691406,98.84140014648438,34.72538375854492,55.8482666015625
2019-11-18,68.24250030517578,45.90965270996094,283.02081298828125,116.17888641357422,35.28860855102539,99.65670776367188,143.60733032226562,38.795833587646484,98.86673736572266,34.717159271240234,55.67388153076172
2019-11-19,68.31559753417969,45.94919204711914,282.9391174316406,116.10944366455078,35.22321319580078,99.6395492553711,143.652587890625,38.78794479370117,98.7061996459961,34.840354919433594,55.55526351928711
2019-11-20,68.50251770019531,46.0283088684082,281.8869323730469,115.51893615722656,35.01068115234375,99.28832244873047,143.199951171875,38.819461822509766,98.37667083740234,34.70894241333008,55.6529426574707
2019-11-21,68.38874816894531,45.95711898803711,281.43341064453125,114.86763763427734,34.96162414550781,98.83427429199219,142.83790588378906,38.827335357666016,98.46959686279297,34.75002670288086,55.68782043457031
2019-11-22,68.4294204711914,46.02040481567383,282.0592956542969,115.249755859375,35.002498626708984,99.31402587890625,143.1547393798828,38.81159210205078,98.82449340820312,34.68431091308594,55.708740234375
2019-11-25,68.49439239501953,46.0283088684082,284.2453308105469,116.7693862915039,35.272254943847656,100.07646179199219,144.51258850097656,38.819461822509766,99.38215637207031,34.99641418457031,55.7575569152832
2019-11-26,68.60820770263672,46.091617584228516,284.8893127441406,116.90829467773438,35.29678726196289,100.2991943359375,144.82034301757812,38.84309005737305,99.49201202392578,34.856781005859375,55.85526657104492
2019-11-27,68.50251770019531,46.091617584228516,286.1592712402344,117.58565521240234,35.39487075805664,100.75323486328125,145.5083770751953,38.81159210205078,99.7116928100586,34.963558197021484,55.827327728271484
2019-11-29,68.50251770019531,46.012481689453125,285.0979309082031,116.66517639160156,35.12511444091797,100.247802734375,144.8565673828125,38.748558044433594,99.40750885009766,34.5446891784668,55.7575569152832
2019-12-02,68.3233642578125,45.89373779296875,282.6761474609375,115.87495422363281,34.96980667114258,99.40826416015625,143.54397583007812,38.795833587646484,98.85829162597656,34.55289077758789,55.52227020263672
2019-12-03,68.6898422241211,46.036251068115234,280.7804260253906,114.98922729492188,34.83900451660156,98.60298919677734,142.6930389404297,38.86671447753906,98.0302505493164,34.41326904296875,55.578285217285156
2019-12-04,68.55139923095703,45.97288513183594,282.51275634765625,115.84893035888672,35.14147186279297,99.28832244873047,143.61636352539062,38.874603271484375,98.74844360351562,34.717159271240234,55.64131164550781
2019-12-05,68.47811126708984,45.846214294433594,283.02081298828125,115.90966033935547,35.10878372192383,99.64811706542969,143.8245849609375,38.84309005737305,98.95121765136719,34.897857666015625,55.85841369628906
2019-12-06,68.38851165771484,45.869964599609375,285.6059875488281,117.1080551147461,35.41122055053711,100.2991943359375,145.10101318359375,38.874603271484375,99.77928924560547,35.02925109863281,55.956485748291016
2019-12-09,68.40477752685547,45.9174690246582,284.7079162597656,116.9690933227539,35.22321319580078,100.04219055175781,144.6393280029297,38.88248062133789,99.53424835205078,34.897857666015625,56.03350067138672
2019-12-10,68.35594940185547,45.9254035949707,284.3904113769531,116.95172119140625,35.25590896606445,100.09358978271484,144.51258850097656,38.88248062133789,99.44129943847656,34.971771240234375,56.10354995727539
2019-12-11,68.58396911621094,46.004581451416016,285.1977233886719,117.06464385986328,35.452091217041016,100.35061645507812,144.8565673828125,38.93762969970703,99.66944885253906,35.4399299621582,56.46770477294922
2019-12-12,68.25819396972656,45.89373779296875,287.6558837890625,118.23692321777344,35.73001480102539,101.43000030517578,146.04249572753906,38.86671447753906,100.793212890625,35.92449951171875,56.488731384277344
2019-12-13,68.56767272949219,46.004581451416016,287.8282165527344,117.58565521240234,35.93437194824219,101.07875061035156,146.04249572753906,38.96125030517578,100.48904418945312,35.88343048095703,56.71985626220703
2019-12-16,68.38038635253906,45.980831146240234,289.80560302734375,118.34980773925781,36.294044494628906,101.52423095703125,147.11058044433594,38.93762969970703,101.19878387451172,36.18731689453125,56.71985626220703
2019-12-17,68.38851165771484,45.99666213989258,289.869140625,118.94029998779297,36.16326141357422,101.6441879272461,147.16494750976562,38.97700881958008,101.29171752929688,36.45836639404297,56.90193557739258
2019-12-18,68.29893493652344,45.957054138183594,289.88720703125,119.27029418945312,36.073341369628906,101.76411437988281,147.22830200195312,38.97700881958008,101.21568298339844,36.65547180175781,56.93693542480469
2019-12-19,68.3478012084961,45.862064361572266,291.07550048828125,119.53945922851562,36.106048583984375,102.09821319580078,147.87106323242188,39.008522033691406,101.42692565917969,36.68012237548828,56.80387878417969
2019-12-20,68.36408996582031,45.90164566040039,292.3515930175781,119.9649658203125,36.16326141357422,102.62932586669922,148.63143920898438,39.000640869140625,102.02681732177734,36.71296310424805,56.908939361572266
2019-12-23,68.32083129882812,45.919471740722656,292.79827880859375,119.8520736694336,36.21279525756836,102.56080627441406,148.72195434570312,38.96970748901367,102.04373931884766,36.77867126464844,56.98838806152344
2019-12-24,68.38612365722656,45.94378662109375,292.80743408203125,119.81360626220703,36.17976760864258,102.59014129638672,148.7547149658203,39.009361267089844,102.00028991699219,36.74541473388672,57.07979202270508
2019-12-26,68.45144653320312,45.97623825073242,294.3660583496094,120.04979705810547,36.34489440917969,102.90072631835938,149.47378540039062,39.025230407714844,102.24718475341797,37.05314254760742,57.086830139160156
2019-12-27,68.54935455322266,45.97623825073242,294.2930908203125,119.7086181640625,36.4439697265625,102.65055847167969,149.33718872070312,39.041099548339844,102.24718475341797,37.10303497314453,57.311859130859375
2019-12-30,68.52488708496094,45.88702392578125,292.67059326171875,119.62113189697266,36.17976760864258,102.40034484863281,148.5271453857422,39.05696105957031,101.77896118164062,36.89511489868164,57.19232177734375
2019-12-31,68.45144653320312,45.870819091796875,293.38165283203125,119.90982055664062,36.377925872802734,102.83171081542969,148.9185333251953,39.09663772583008,102.03433990478516,36.98661422729492,57.24859619140625
2020-01-02,68.54122924804688,45.99243927001953,296.1252136230469,119.74359893798828,36.6751594543457,102.79722595214844,150.15634155273438,39.12043762207031,102.53665924072266,37.86822509765625,57.31891632080078
2020-01-03,68.78609466552734,46.12215042114258,293.8829650878906,119.31495666503906,36.229312896728516,102.0724868774414,149.20066833496094,39.17597198486328,101.71935272216797,37.19453430175781,57.185306549072266
2020-01-06,68.7044448852539,46.089717864990234,295.0041809082031,119.20121002197266,36.35315704345703,102.00347900390625,149.7103729248047,39.16804122924805,101.8470458984375,37.12800216674805,57.0938720703125
2020-01-07,68.64730072021484,46.05730438232422,294.1746826171875,118.7375717163086,36.29535675048828,101.89994812011719,149.3554229736328,39.128360748291016,101.45542907714844,37.111351013183594,57.185306549072266
2020-01-08,68.54122924804688,45.96812057495117,295.7424621582031,118.92129516601562,36.34489440917969,102.1242446899414,150.0926513671875,39.088706970214844,101.69383239746094,37.27770233154297,57.36814880371094
2020-01-09,68.62283325195312,45.97623825073242,297.74774169921875,119.01751708984375,36.4935188293457,102.46073913574219,151.0300750732422,39.088706970214844,102.16206359863281,37.46900177001953,57.24153518676758
2020-01-10,68.73710632324219,46.05730438232422,296.8909606933594,118.66758728027344,36.369667053222656,102.22779846191406,150.59320068359375,39.104576110839844,101.82152557373047,37.651981353759766,57.28373718261719
2020-01-13,68.69630432128906,45.96001434326172,298.9328308105469,119.67362976074219,36.58433151245117,102.93524169921875,151.62164306640625,39.11250305175781,102.24718475341797,38.16764450073242,57.39624786376953
2020-01-14,68.79425048828125,45.98432540893555,298.4769287109375,119.92731475830078,36.609107971191406,103.32347869873047,151.53977966308594,39.12043762207031,102.38343811035156,37.992984771728516,57.40327835083008
2020-01-15,68.9003677368164,46.081626892089844,299.15155029296875,120.24224090576172,36.58433151245117,103.52193450927734,151.91294860839844,39.12043762207031,102.54517364501953,37.75178527832031,57.6142463684082
2020-01-16,68.85955810546875,46.081626892089844,301.6400146484375,121.6332015991211,36.782493591308594,104.61763763427734,153.2144317626953,39.11250305175781,103.21773529052734,37.943077087402344,57.66346740722656
2020-01-17,68.85142517089844,46.05730438232422,302.5788269042969,121.33575439453125,36.87331771850586,104.81605529785156,153.59671020507812,39.104576110839844,103.32838439941406,38.18428421020508,57.6142463684082
2020-01-21,69.0228271484375,46.16270065307617,301.986328125,120.38218688964844,36.57607650756836,104.30702209472656,153.26902770996094,39.15217208862305,102.92829895019531,37.23612976074219,57.572059631347656
2020-01-22,69.0799789428711,46.21133041381836,302.02276611328125,120.31220245361328,36.66689682006836,104.33292388916016,153.36007690429688,39.11250305175781,103.03894805908203,37.460693359375,57.62128829956055
2020-01-23,69.20238494873047,46.34916305541992,302.36920166015625,120.5921630859375,36.57607650756836,104.68663787841797,153.53298950195312,39.12043762207031,102.97936248779297,37.11967468261719,57.466552734375
2020-01-24,69.30850982666016,46.4221076965332,299.68023681640625,119.19246673583984,36.43571853637695,103.6944808959961,152.07675170898438,39.088706970214844,101.99181365966797,36.83689880371094,57.53689193725586
2020-01-27,69.53706359863281,46.6167106628418,294.87652587890625,117.49534606933594,35.66787338256836,102.15015411376953,149.7922821044922,39.11250305175781,100.57003784179688,35.597625732421875,57.375160217285156
2020-01-28,69.41460418701172,46.535621643066406,297.96661376953125,118.51013946533203,35.97336959838867,102.93524169921875,151.23939514160156,39.09663772583008,101.293701171875,35.89704895019531,57.66346740722656
2020-01-29,69.61051940917969,46.65724182128906,297.72039794921875,117.96772003173828,35.981624603271484,102.5211181640625,151.13931274414062,39.16804122924805,100.84246826171875,36.06340789794922,57.93069839477539
2020-01-30,69.62682342529297,46.673458099365234,298.6866455078125,118.09895324707031,35.8990592956543,102.7885971069336,151.5033721923828,39.18389892578125,101.28516387939453,35.57268142700195,57.95178985595703
2020-01-31,69.80638885498047,46.73832321166992,293.26312255859375,115.86820220947266,35.2880859375,101.11482238769531,148.8275146484375,39.23944091796875,99.48029327392578,34.94057083129883,58.05025100708008
2020-02-03,69.74341583251953,46.766693115234375,295.441650390625,116.85674285888672,35.41192626953125,101.80503845214844,150.1381378173828,39.18389892578125,99.83786010742188,35.190101623535156,57.98460388183594
2020-02-04,69.5307846069336,46.62067413330078,299.94451904296875,118.09895324707031,35.981624603271484,102.86622619628906,152.50453186035156,39.128360748291016,101.021240234375,36.030128479003906,58.02693176269531
2020-02-05,69.41620635986328,46.54762649536133,303.40838623046875,120.1197509765625,36.32838439941406,104.548583984375,154.0062713623047,39.128360748291016,102.74950408935547,36.229732513427734,57.97753143310547
2020-02-06,69.481689453125,46.54762649536133,304.4292297363281,119.63862609863281,36.45222854614258,104.17761993408203,154.43405151367188,39.144229888916016,102.80908966064453,36.21310806274414,58.11164093017578
2020-02-07,69.6943359375,46.661224365234375,302.80670166015625,118.37017059326172,36.09720230102539,103.40113067626953,153.55120849609375,39.207698822021484,102.20462036132812,35.72239303588867,58.14697265625
2020-02-10,69.80067443847656,46.72613525390625,305.0672302246094,118.7900619506836,36.17976760864258,103.84115600585938,154.6797637939453,39.23149871826172,102.54517364501953,35.946956634521484,58.139888763427734
2020-02-11,69.6861801147461,46.67746353149414,305.5959167480469,119.7523422241211,36.427467346191406,104.72115325927734,155.10751342773438,39.191837310791016,102.96231842041016,36.40440368652344,58.125762939453125
2020-02-12,69.6043472290039,46.661224365234375,307.5649108886719,120.47843170166016,36.57607650756836,105.1697769165039,156.08139038085938,39.19977569580078,103.37097930908203,36.87016296386719,58.210445404052734
2020-02-13,69.66976928710938,46.693695068359375,307.23675537109375,120.54843139648438,36.31187438964844,104.95408630371094,156.01771545410156,39.23149871826172,103.09854888916016,36.47925567626953,58.252803802490234
2020-02-14,69.74341583251953,46.68556213378906,307.72894287109375,120.32097625732422,36.28710174560547,104.84193420410156,156.2725372314453,39.23149871826172,102.9453125,36.40440368652344,58.3728141784668
2020-02-18,69.84974670410156,46.750465393066406,306.9359436035156,119.82231903076172,36.039405822753906,104.45369720458984,155.90850830078125,39.25531005859375,102.41747283935547,36.27964401245117,58.457515716552734
2020-02-19,69.84161376953125,46.78293991088867,308.4034423828125,120.04106903076172,36.18803024291992,104.62623596191406,156.70030212402344,39.247371673583984,102.73246002197266,36.579063415527344,58.499855041503906
2020-02-20,70.01337432861328,46.86405944824219,307.13641357421875,120.53966522216797,35.92382049560547,104.8246841430664,156.22703552246094,39.27117156982422,102.63031768798828,36.08002853393555,58.563392639160156
2020-02-21,70.18515014648438,46.94519805908203,303.9734802246094,119.38493347167969,35.758697509765625,103.84977722167969,154.6251678466797,39.31083679199219,102.18760681152344,35.946956634521484,58.7751350402832
2020-02-24,70.40602111816406,47.018226623535156,293.89208984375,116.0081558227539,34.36334991455078,100.97679901123047,149.53741455078125,39.34257507324219,99.0631332397461,34.6827392578125,58.5775146484375
2020-02-25,70.46326446533203,47.058799743652344,284.98651123046875,111.88782501220703,33.77714920043945,97.44813537597656,144.96849060058594,39.32670211791992,95.94721221923828,34.40827560424805,58.07635498046875
2020-02-26,70.42236328125,46.98577117919922,283.93829345703125,110.04199981689453,33.801910400390625,96.26614379882812,144.16758728027344,39.33464050292969,95.12139892578125,34.6245231628418,58.15400695800781
2020-02-27,70.50418090820312,46.93710708618164,271.18609619140625,105.70294952392578,32.76985549926758,92.1853256225586,137.85108947753906,39.36637496948242,91.10301208496094,33.79280471801758,57.405799865722656
2020-02-28,70.97050476074219,47.05067825317383,270.04669189453125,104.07581329345703,32.588226318359375,90.4511947631836,136.9227752685547,39.39811325073242,89.81745910644531,33.70130920410156,57.22226333618164
2020-03-02,70.9237289428711,47.013309478759766,281.7414245605469,107.41756439208984,33.01754379272461,94.18692016601562,142.59303283691406,39.39017105102539,93.65706634521484,34.35005569458008,57.681312561035156
2020-03-03,71.34992980957031,47.13512420654297,273.67449951171875,104.88935852050781,32.75333786010742,92.04730224609375,138.916015625,39.5964469909668,91.05192565917969,34.183712005615234,58.20549774169922
2020-03-04,71.33351135253906,47.23255157470703,285.1779479980469,108.23114776611328,33.653297424316406,95.394775390625,144.46791076660156,39.56471252441406,95.07030487060547,34.66610336303711,58.80048751831055
2020-03-05,71.60401916503906,47.23255157470703,275.6981506347656,103.80460357666016,32.76985549926758,91.94375610351562,139.6531982421875,39.604373931884766,91.9288101196289,34.000728607177734,58.340087890625
2020-03-06,72.09581756591797,47.4193229675293,271.1405944824219,101.82756042480469,32.290985107421875,89.72645568847656,137.05926513671875,39.493316650390625,90.38787841796875,33.36030578613281,58.02840805053711
2020-03-09,71.94007873535156,47.33810806274414,249.96597290039062,92.02972412109375,29.66543197631836,81.30599975585938,126.05561828613281,38.779296875,83.18546295166016,30.873455047607422,53.72869873046875
2020-03-10,70.9728775024414,46.94837188720703,262.90045166015625,95.48960876464844,30.771793365478516,84.93278503417969,132.308349609375,38.34294891357422,86.81221008300781,32.42878341674805,54.89749526977539
2020-03-11,69.628662109375,47.13512420654297,250.0844268798828,89.12306213378906,29.170042037963867,79.78270721435547,125.60960388183594,37.81932830810547,82.41923522949219,31.023168563842773,52.439483642578125
2020-03-12,65.84194946289062,46.055213928222656,226.1571044921875,79.03314971923828,25.90874671936035,71.16155242919922,113.39542388916016,37.43058776855469,74.14411926269531,27.904216766357422,49.521080017089844
2020-03-13,68.62053680419922,46.0389518737793,245.49037170410156,85.66313171386719,27.54352378845215,76.49433135986328,123.71651458740234,38.24774169921875,80.9208755493164,29.858762741088867,50.9448356628418
2020-03-16,69.3418197631836,45.649208068847656,218.62791442871094,74.22969055175781,24.562942504882812,67.57737731933594,109.63652801513672,37.779666900634766,71.95613098144531,26.24909210205078,48.8764533996582
2020-03-17,67.90743255615234,45.6735725402832,230.43212890625,76.66214752197266,25.677568435668945,71.68352508544922,115.1338119506836,37.68445587158203,76.79180908203125,27.895904541015625,47.757266998291016
2020-03-18,66.2681655883789,44.62612533569336,218.7646942138672,68.69737243652344,24.150123596191406,65.24593353271484,108.49881744384766,37.121177673339844,72.3477783203125,25.625308990478516,43.91797637939453
2020-03-19,66.22718811035156,44.65860366821289,219.22950744628906,72.06065368652344,24.50514793395996,65.48079681396484,109.29975128173828,37.8986701965332,71.53897857666016,25.766693115234375,44.342994689941406
2020-03-20,67.35009002685547,44.910301208496094,209.781982421875,68.75883483886719,24.2822265625,62.32289505004883,104.84004211425781,38.24774169921875,68.1506118774414,25.883142471313477,46.085540771484375
2020-03-23,68.84181213378906,45.01588821411133,204.41827392578125,66.56346893310547,23.86838722229004,59.756568908691406,101.85474395751953,38.31914138793945,65.34967041015625,25.381507873535156,46.312198638916016
2020-03-24,68.91561889648438,45.007755279541016,222.93922424316406,73.13201141357422,25.991493225097656,66.68132019042969,111.5205307006836,38.43815612792969,71.74329376220703,26.98139762878418,48.161033630371094
2020-03-25,69.84178924560547,45.397499084472656,226.2766571044922,75.81034851074219,26.92864418029785,68.7257080078125,113.05864715576172,38.7078971862793,73.06289672851562,27.864660263061523,49.946083068847656
2020-03-26,70.16148376464844,45.70604705810547,239.48892211914062,80.32401275634766,28.073129653930664,72.96234893798828,119.92236328125,38.953826904296875,77.7365493774414,28.989587783813477,51.008609771728516
2020-03-27,70.5384750366211,45.827850341796875,232.35557556152344,77.65447235107422,27.21061897277832,70.8918685913086,116.09903717041016,38.795162200927734,75.68360900878906,27.42302894592285,50.831512451171875
2020-03-30,70.61227416992188,45.94964599609375,239.90151977539062,79.01560974121094,27.766284942626953,72.3968734741211,119.62051391601562,38.644412994384766,78.00282287597656,27.822999954223633,50.05940246582031
2020-03-31,69.9565200805664,45.681705474853516,236.3256378173828,77.9793930053711,27.650169372558594,70.7178955078125,117.91008758544922,38.652347564697266,76.49962615966797,27.95631980895996,49.8681526184082
2020-04-01,70.3180160522461,45.609352111816406,225.6898193359375,73.052978515625,26.42275047302246,66.8814468383789,112.4677963256836,38.668216705322266,73.20977783203125,26.96472930908203,48.208534240722656
2020-04-02,70.64656829833984,45.72316360473633,230.89772033691406,73.69400787353516,26.92864418029785,67.52518463134766,114.80934143066406,39.04903030395508,75.10809326171875,27.756332397460938,49.05577087402344
2020-04-03,70.61371612548828,45.63374328613281,227.560302734375,71.27034759521484,26.39786720275879,65.82009887695312,112.85195922851562,39.23944091796875,73.96566772460938,27.223041534423828,48.88490295410156
2020-04-06,70.83551788330078,45.85316467285156,242.84471130371094,77.11878204345703,27.816036224365234,71.32684326171875,120.7455825805664,39.144229888916016,78.38076782226562,28.564605712890625,50.016963958740234
2020-04-07,70.9012451171875,45.85316467285156,243.09228515625,78.20767974853516,27.97361183166504,72.23160552978516,120.88275146484375,39.16804122924805,78.67282104492188,28.731266021728516,50.130889892578125
2020-04-08,71.08196258544922,45.79629135131836,251.25241088867188,82.15058135986328,28.239002227783203,75.8853530883789,125.12682342529297,39.17597198486328,81.85956573486328,29.064579010009766,50.45840835571289
2020-04-09,71.86236572265625,45.97508239746094,255.0758819580078,85.8739013671875,28.84441566467285,78.78227996826172,127.46839904785156,39.30290603637695,83.63764190673828,29.014577865600586,51.4622688293457
2020-04-13,71.63237762451172,45.91007614135742,252.7469940185547,83.10773468017578,28.61220932006836,76.66830444335938,125.94999694824219,39.406044006347656,82.05713653564453,29.12289810180664,51.512115478515625
2020-04-14,71.63237762451172,45.92631530761719,260.2011413574219,84.24935150146484,29.126394271850586,78.16460418701172,129.7733612060547,39.374305725097656,83.95547485351562,29.706193923950195,51.789794921875
2020-04-15,71.98561096191406,46.137611389160156,254.6724090576172,80.35037231445312,28.18094825744629,74.9458236694336,126.72749328613281,39.33464050292969,81.61905670166016,29.047903060913086,50.83575439453125
2020-04-16,72.02662658691406,46.210758209228516,255.90098571777344,79.58638763427734,28.21411895751953,74.50214385986328,127.3220443725586,39.13630676269531,81.49022674560547,29.214567184448242,50.49399185180664
2020-04-17,71.92806243896484,46.218894958496094,262.81427001953125,83.36241912841797,29.010284423828125,77.54696655273438,130.9258575439453,39.11250305175781,84.34199523925781,29.689538955688477,50.942543029785156
2020-04-20,71.81306457519531,46.129493713378906,258.18408203125,81.29878234863281,28.587324142456055,75.57218933105469,128.80381774902344,39.001434326171875,82.70137786865234,29.472881317138672,50.650634765625
2020-04-21,71.90342712402344,46.15388107299805,250.3447265625,79.45463562011719,27.99849510192871,73.8844985961914,124.80667877197266,38.985565185546875,80.4079360961914,28.656278610229492,50.016963958740234
2020-04-22,71.84590911865234,46.023841857910156,255.90098571777344,79.9376220703125,28.520980834960938,75.13720703125,127.62384796142578,39.15217208862305,81.62764739990234,29.397890090942383,50.15226364135742
2020-04-23,71.96094512939453,46.170108795166016,255.8826446533203,80.80699157714844,28.47121810913086,75.3720932006836,127.6421890258789,39.11250305175781,81.77367401123047,29.28122329711914,50.194942474365234
2020-04-24,71.93627166748047,46.36518478393555,259.4493713378906,82.02763366699219,28.778079986572266,76.42472839355469,129.54470825195312,39.17597198486328,82.77867889404297,29.23956298828125,50.130889892578125
2020-04-27,71.68162536621094,46.30016326904297,263.190185546875,85.51384735107422,29.17616081237793,78.73878479003906,131.8404998779297,39.18389892578125,84.4880142211914,29.789520263671875,49.99560546875
2020-04-28,71.89521026611328,46.44643020629883,261.97991943359375,87.2613754272461,29.408374786376953,80.13069915771484,131.4288787841797,39.27117156982422,84.87456512451172,29.864530563354492,50.515342712402344
2020-04-29,71.94454956054688,46.47895812988281,268.8381042480469,91.30086517333984,30.187946319580078,82.24467468261719,135.15162658691406,39.27117156982422,86.51519775390625,30.67279815673828,51.405338287353516
2020-04-30,71.88700866699219,46.55208969116211,266.3350830078125,88.20101928710938,29.590831756591797,79.65220642089844,133.3954315185547,39.19977569580078,84.65982818603516,30.13950538635254,51.291412353515625
2020-05-01,71.85737609863281,46.50899887084961,259.2842712402344,84.71476745605469,28.935644149780273,76.94669342041016,129.70933532714844,39.207698822021484,82.36637878417969,29.131235122680664,51.10135269165039
2020-05-04,71.93147277832031,46.54154968261719,259.9994201660156,84.60939025878906,28.96052360534668,76.90321350097656,130.2032470703125,39.23149871826172,82.09150695800781,29.497880935668945,51.108516693115234
2020-05-05,71.86557006835938,46.557796478271484,262.4017639160156,84.82892608642578,29.0351619720459,77.19027709960938,131.41062927246094,39.25531005859375,82.55534362792969,29.631202697753906,51.7015266418457
2020-05-06,71.54460144042969,46.40324401855469,260.6229248046875,83.26580047607422,28.861007690429688,75.6852798461914,130.68801879882812,39.247371673583984,81.33560180664062,29.556211471557617,51.29425811767578
2020-05-07,71.77503967285156,46.49272537231445,263.767822265625,84.7498779296875,29.300556182861328,76.96409606933594,132.3984375,39.32670211791992,81.94546508789062,29.747859954833984,51.8873176574707
2020-05-08,71.56925964355469,46.47645568847656,268.1321716308594,88.20101928710938,29.77327537536621,79.20856475830078,134.8863525390625,39.34257507324219,83.82659912109375,30.41446876525879,52.18026351928711
2020-05-11,71.3470230102539,46.36259841918945,268.1872253417969,86.69058227539062,29.76498794555664,78.02542114257812,134.90464782714844,39.31083679199219,83.29405212402344,30.264490127563477,52.28029251098633
2020-05-12,71.5775146484375,46.47645568847656,262.8419494628906,83.19557189941406,29.366901397705078,75.94625854492188,132.03256225585938,39.30290603637695,81.5589370727539,30.17283058166504,52.19451904296875
2020-05-13,71.6598129272461,46.5252571105957,258.1932067871094,79.87615203857422,29.11810302734375,73.65829467773438,129.3800506591797,39.31083679199219,79.80665588378906,30.081167221069336,51.99449157714844
2020-05-14,71.85737609863281,46.54154968261719,261.2830810546875,80.95629119873047,28.902469635009766,74.93712615966797,130.77035522460938,39.33464050292969,81.01779174804688,30.17283058166504,52.16596603393555
2020-05-15,71.89851379394531,46.48460006713867,262.4842224121094,81.45683288574219,28.910770416259766,75.06761932373047,131.55694580078125,39.34257507324219,81.00061798095703,29.797855377197266,52.23026657104492
2020-05-18,71.76686096191406,46.452056884765625,270.4794006347656,87.18234252929688,30.063547134399414,79.23465728759766,135.91993713378906,39.42984390258789,84.15300750732422,30.922773361206055,53.123382568359375
2020-05-19,71.85737609863281,46.50899887084961,267.7012939453125,85.61923217773438,29.740108489990234,78.19942474365234,134.4747314453125,39.44572067260742,82.72714233398438,30.614463806152344,53.209136962890625
2020-05-20,72.04666900634766,46.5903205871582,272.2490234375,87.96388244628906,30.279178619384766,79.66093444824219,136.9627227783203,39.46950912475586,84.05854797363281,30.997772216796875,54.10942459106445
2020-05-21,72.12078094482422,46.6554069519043,270.3694152832031,88.36782836914062,29.947439193725586,79.39993286132812,136.13946533203125,39.46158218383789,83.46583557128906,30.68111801147461,54.21660232543945
2020-05-22,72.14546203613281,46.6554069519043,270.8828430175781,88.57860565185547,29.864501953125,79.31295013427734,136.5236053466797,39.46950912475586,83.46583557128906,30.09783363342285,54.06655502319336
2020-05-26,72.10430908203125,46.54965591430664,274.2202453613281,92.33706665039062,30.751903533935547,81.9749755859375,138.42611694335938,39.48537826538086,85.54454803466797,30.764453887939453,54.23091506958008
2020-05-27,72.1372299194336,46.63101577758789,278.3003845214844,95.52474212646484,31.07534408569336,83.97586822509766,140.61215209960938,39.477447509765625,87.52877807617188,30.797788619995117,54.309478759765625
2020-05-28,72.1618881225586,46.671669006347656,277.7869567871094,93.4962158203125,31.28267478942871,83.10592651367188,140.12741088867188,39.54091262817383,87.10787963867188,30.59779167175293,54.23091506958008
2020-05-29,72.36769104003906,46.74488830566406,279.0248107910156,92.43366241455078,31.24122428894043,82.91453552246094,140.5939178466797,39.53298568725586,87.09928894042969,31.131093978881836,54.45237731933594
2020-06-01,72.30915832519531,46.62115478515625,280.1524658203125,93.69818115234375,31.921268463134766,84.08895874023438,141.54513549804688,39.572654724121094,87.31402587890625,31.839380264282227,54.72642517089844
2020-06-02,72.36685943603516,46.66999053955078,282.47222900390625,94.68171691894531,32.26958465576172,85.08939361572266,142.6153106689453,39.56471252441406,88.18155670166016,32.58097839355469,55.14964294433594
2020-06-03,72.2019271850586,46.523460388183594,286.2313537597656,98.18550109863281,33.015995025634766,87.42083740234375,144.83798217773438,39.54885482788086,89.94246673583984,33.21427917480469,55.372032165527344
2020-06-04,72.02873229980469,46.45833206176758,285.4796142578125,99.15148162841797,32.83353805541992,87.96890258789062,144.3806610107422,39.54885482788086,90.34619140625,32.797637939453125,55.113773345947266
2020-06-05,72.02049255371094,46.507171630859375,292.79620361328125,102.9538345336914,33.48042297363281,90.77013397216797,148.08502197265625,39.604373931884766,92.98321533203125,33.5559196472168,55.623104095458984
2020-06-08,72.09471893310547,46.6048469543457,296.3354187011719,105.78148651123047,33.87850570678711,93.29296875,150.09732055664062,39.65991973876953,94.62384033203125,33.82257080078125,55.83829116821289
2020-06-09,72.14422607421875,46.61297607421875,294.125732421875,103.05044555664062,33.43895721435547,90.75273132324219,148.72535705566406,39.6678581237793,92.89730072021484,33.639244079589844,55.63743591308594
2020-06-10,72.44932556152344,46.702545166015625,292.4844665527344,99.24807739257812,33.38090133666992,88.27338409423828,147.61859130859375,39.8027229309082,91.16220092773438,33.8058967590332,55.83829116821289
2020-06-11,72.3173828125,46.84093475341797,275.623046875,91.50279998779297,31.548072814941406,82.20985412597656,138.91091918945312,39.70751190185547,85.24391174316406,32.081024169921875,54.42512512207031
2020-06-12,72.39159393310547,46.808372497558594,278.923828125,93.85625457763672,32.087135314941406,83.94975280761719,140.83168029785156,39.691654205322266,86.47222900390625,32.814308166503906,55.085086822509766
2020-06-15,72.5400390625,46.81650161743164,281.52777099609375,95.19103240966797,32.18665313720703,85.04588317871094,142.3408966064453,39.699588775634766,87.15938568115234,32.68098449707031,55.501136779785156
2020-06-16,72.44932556152344,46.84093475341797,286.9465026855469,97.4478759765625,32.617916107177734,86.70748138427734,145.0758056640625,39.755130767822266,88.85157775878906,32.805973052978516,55.601593017578125
2020-06-17,72.46582794189453,46.89793395996094,285.7546691894531,95.69158172607422,32.69255065917969,85.69834899902344,144.37149047851562,39.731319427490234,87.8895263671875,33.10595703125,55.55852127075195
2020-06-18,72.54830169677734,46.922332763671875,285.8645935058594,95.41938018798828,32.543270111083984,85.57654571533203,144.49037170410156,39.755130767822266,87.84656524658203,33.11428451538086,55.4796142578125
2020-06-19,72.57302856445312,46.922332763671875,284.23101806640625,94.43584442138672,32.39399719238281,84.48043060302734,143.67636108398438,39.7789306640625,87.21953582763672,33.172611236572266,55.594398498535156
2020-06-22,72.54830169677734,46.938629150390625,286.0543518066406,94.58512878417969,32.767425537109375,84.71530151367188,144.67332458496094,39.81858825683594,87.15081024169922,33.53245162963867,55.63743591308594
2020-06-23,72.51531219482422,46.89793395996094,287.3712463378906,94.82221984863281,32.92580032348633,84.62832641601562,145.24038696289062,39.85031509399414,87.26248168945312,33.867191314697266,55.74501419067383
2020-06-24,72.52357482910156,46.979312896728516,280.04071044921875,91.28328704833984,32.117252349853516,81.68789672851562,141.29820251464844,39.8027229309082,84.83161163330078,33.35672378540039,55.52982711791992
2020-06-25,72.59780883789062,47.02003479003906,283.04296875,92.56531524658203,32.54236602783203,82.6340103149414,143.00721740722656,39.7868537902832,85.73545837402344,33.49898910522461,55.69484329223633
2020-06-26,72.72974395751953,46.987457275390625,276.3202819824219,90.2271499633789,32.05055236816406,80.79436492919922,139.6810302734375,39.755130767822266,83.91737365722656,33.09729766845703,55.5154914855957
2020-06-29,72.7791976928711,47.01189422607422,280.3814697265625,93.16529846191406,32.34230422973633,82.67778015136719,141.73007202148438,39.826515197753906,85.25064086914062,33.31488037109375,55.63743591308594
2020-06-30,72.85343933105469,46.99561309814453,283.9731140136719,94.33879089355469,32.33396530151367,83.83412170410156,143.82496643066406,39.8027229309082,86.22026824951172,33.14751434326172,55.78090286254883
2020-07-01,72.87163543701172,46.88724136352539,285.96221923828125,93.15647888183594,32.44233703613281,83.3873519897461,144.66111755371094,39.81065368652344,86.18565368652344,33.591033935546875,55.90829849243164
2020-07-02,72.98731231689453,46.96056365966797,287.5370178222656,93.53587341308594,32.767425537109375,83.70272827148438,145.23997497558594,39.842384338378906,86.58389282226562,34.386043548583984,56.23931884765625
2020-07-06,72.96248626708984,46.96872329711914,291.975830078125,94.3564453125,33.317588806152344,84.66631317138672,147.5279083251953,39.921730041503906,87.43232727050781,35.90074157714844,56.52717208862305
2020-07-07,73.07818603515625,47.05834197998047,288.9644775390625,92.282958984375,32.8591194152832,83.22091674804688,146.03018188476562,39.88999557495117,86.37610626220703,35.33168029785156,56.22493362426758
2020-07-08,73.03684997558594,47.02576446533203,291.1746520996094,92.64472198486328,33.1258544921875,83.51874542236328,147.2246551513672,39.87413024902344,86.64450073242188,36.277313232421875,56.4479866027832
2020-07-09,73.23516082763672,47.13980484008789,289.5169677734375,90.40361785888672,32.74242401123047,81.98573303222656,146.3150177001953,39.866180419921875,85.16407012939453,36.30242919921875,56.13137435913086
2020-07-10,73.15251922607422,47.09092330932617,292.4730529785156,92.52119445800781,33.05084991455078,83.65015411376953,147.88621520996094,39.8820686340332,86.73973846435547,36.05136489868164,56.21052551269531
2020-07-13,73.18557739257812,46.97688293457031,289.9406433105469,92.07121276855469,32.87579345703125,83.66768646240234,146.28746032714844,39.905853271484375,87.01678466796875,35.87562561035156,56.10260009765625
2020-07-14,73.27648162841797,47.11537170410156,293.6980285644531,93.35940551757812,33.334251403808594,84.99044799804688,148.20785522460938,39.91379928588867,88.33271026611328,35.892372131347656,56.296871185302734
2020-07-15,73.28472137451172,47.08278274536133,296.396240234375,96.74756622314453,33.70935821533203,86.97898864746094,150.0455322265625,39.921730041503906,89.44955444335938,35.925838470458984,56.498382568359375
2020-07-16,73.33431243896484,47.13980484008789,295.42010498046875,96.44755554199219,33.50095748901367,87.19799041748047,149.37474060058594,39.921730041503906,89.63134002685547,35.41535568237305,56.563167572021484
2020-07-17,73.40864562988281,47.11537170410156,296.2765808105469,96.2710952758789,33.667667388916016,87.41698455810547,149.9444122314453,39.977264404296875,89.78717041015625,35.57435989379883,56.699893951416016
2020-07-20,73.48302459716797,47.16424560546875,298.6708984375,95.168212890625,33.85939025878906,86.57603454589844,151.0929412841797,40.001060485839844,89.07726287841797,36.076473236083984,57.059688568115234
2020-07-21,73.5242919921875,47.204994201660156,299.30633544921875,97.10050201416016,33.992767333984375,87.48706817626953,151.52481079101562,40.056602478027344,90.13347625732422,36.344268798828125,57.40510940551758
2020-07-22,73.62345886230469,47.31905746459961,301.01007080078125,97.80634307861328,34.08446502685547,88.29302215576172,152.3150177001953,40.064537048339844,90.57501983642578,36.21873092651367,57.54185485839844
2020-07-23,73.6895751953125,47.31089782714844,297.4184265136719,97.99163818359375,33.80105209350586,88.49449920654297,150.6519317626953,40.02486801147461,90.51439666748047,35.97605514526367,57.45550537109375
2020-07-24,73.67302703857422,47.286460876464844,295.5028381347656,97.0034408569336,33.63433074951172,87.89879608154297,149.48500061035156,40.016929626464844,89.67462921142578,35.88399887084961,57.59223937988281
2020-07-27,73.62345886230469,47.35163879394531,297.65789794921875,97.4093246459961,34.10112762451172,88.17913055419922,150.7713623046875,40.00899887084961,89.66596984863281,36.3860969543457,57.692989349365234
2020-07-28,73.65652465820312,47.37609100341797,295.76995849609375,96.84463500976562,33.94275665283203,87.60972595214844,149.6687469482422,39.96933364868164,89.64866638183594,35.99277877807617,57.39072799682617
2020-07-29,73.77217102050781,47.37609100341797,299.4076232910156,99.15633392333984,34.30119323730469,89.06391143798828,151.6534423828125,40.040733337402344,90.56634521484375,36.62879943847656,57.75773239135742
2020-07-30,73.81352233886719,47.473846435546875,298.3393249511719,98.09752655029297,33.84272384643555,88.42443084716797,151.3134765625,40.064537048339844,89.71790313720703,36.20199966430664,57.6858024597168
2020-07-31,73.91262817382812,47.44125747680664,300.6968688964844,97.4446029663086,33.184207916259766,88.3455810546875,152.08526611328125,40.10419845581055,89.44087982177734,35.99277877807617,57.88009262084961
2020-08-03,73.88699340820312,47.43147277832031,302.7873229980469,98.52105712890625,33.759368896484375,88.5645751953125,153.40838623046875,40.16767120361328,89.71790313720703,36.268943786621094,58.05192565917969
2020-08-04,74.04422760009766,47.55378723144531,303.9569396972656,98.92691802978516,34.0261116027832,89.03760528564453,154.0148468017578,40.207332611083984,90.14213562011719,36.67900085449219,58.290252685546875
2020-08-05,73.94496154785156,47.44778060913086,305.8447570800781,100.66511535644531,34.209495544433594,89.56322479248047,155.13583374023438,40.26287078857422,90.80876159667969,37.05558395385742,58.51408767700195
2020-08-06,74.060791015625,47.50487518310547,307.88922119140625,100.49748229980469,34.28451919555664,89.33544921875,155.88926696777344,40.28667068481445,90.76548767089844,37.10578918457031,58.687408447265625
2020-08-07,73.97802734375,47.41516876220703,308.1102600097656,102.341552734375,34.1428108215332,90.36917114257812,156.0178680419922,40.247005462646484,91.82169342041016,36.35262680053711,58.499691009521484
2020-08-10,73.8952407836914,47.44778060913086,309.0310363769531,103.73562622070312,34.27617263793945,91.54301452636719,156.44972229003906,40.223209381103516,92.73074340820312,36.344268798828125,58.68018341064453
2020-08-11,73.63868713378906,47.31732940673828,306.4802551269531,103.89444732666016,34.41789245605469,91.12252807617188,155.1909637451172,40.223209381103516,92.6614761352539,36.210365295410156,58.600746154785156
2020-08-12,73.44833374023438,47.309173583984375,310.753173828125,104.01795959472656,35.10141372680664,91.47291564941406,157.26751708984375,40.30253982543945,93.34541320800781,36.653892517089844,58.607994079589844
2020-08-13,73.20830535888672,47.186866760253906,310.1915283203125,103.29446411132812,34.95137023925781,90.96483612060547,157.14804077148438,40.30253982543945,92.60952758789062,36.511634826660156,58.40578842163086
2020-08-14,73.1255111694336,47.12163162231445,310.2007141113281,103.47093200683594,34.73463439941406,91.17509460449219,157.1020965576172,40.30253982543945,92.8519515991211,36.56184005737305,58.124149322509766
2020-08-17,73.2165298461914,47.2520751953125,311.18609619140625,103.33858489990234,35.001380920410156,90.99110412597656,157.7728729248047,40.31840133666992,92.53160858154297,36.95515823364258,58.196372985839844
2020-08-18,73.31588745117188,47.309173583984375,311.8583984375,102.14743041992188,34.993038177490234,90.61443328857422,158.0117645263672,40.365997314453125,92.26322937011719,37.089054107666016,58.1674919128418
2020-08-19,73.19173431396484,47.26838684082031,310.5599060058594,101.91802215576172,34.80133056640625,90.20270538330078,157.3961639404297,40.30253982543945,91.97753143310547,36.662269592285156,58.04469680786133
2020-08-20,73.31588745117188,47.32546615600586,311.52685546875,101.16804504394531,34.692955017089844,89.65081787109375,157.84637451171875,40.31047821044922,91.44940948486328,36.56184005737305,58.13862228393555
2020-08-21,73.47314453125,47.33362579345703,312.6319580078125,100.69157409667969,34.509586334228516,89.38801574707031,158.24147033691406,40.34219741821289,91.52733612060547,36.79616928100586,58.326351165771484
2020-08-24,73.39036560058594,47.349937438964844,315.7999267578125,102.69446563720703,34.926361083984375,91.09623718261719,159.757568359375,40.397735595703125,92.860595703125,37.16436767578125,58.44912338256836
2020-08-25,73.24967193603516,47.186866760253906,316.90496826171875,102.50918579101562,35.001380920410156,90.87725067138672,160.29046630859375,40.40567398071289,92.73938751220703,37.50748825073242,58.15303421020508
2020-08-26,73.20830535888672,47.203163146972656,320.0821228027344,101.76803588867188,35.25978469848633,90.43047332763672,161.7422332763672,40.461212158203125,92.48831939697266,37.54095458984375,58.08082580566406
2020-08-27,72.9433822631836,47.15423583984375,320.78204345703125,102.68565368652344,34.90134811401367,91.07872009277344,162.1281280517578,40.461212158203125,93.25883483886719,37.32337951660156,57.80642318725586
2020-08-28,73.00135803222656,47.11345291137695,322.85406494140625,103.39151763916016,35.143089294433594,91.79705047607422,163.2583465576172,40.524681091308594,93.96875,37.7752685546875,58.33357620239258
2020-08-31,73.2165298461914,47.08085632324219,321.6844482421875,101.95331573486328,34.90134811401367,90.88600158691406,162.89080810546875,40.54848098754883,93.1809310913086,36.98026657104492,58.37690734863281
2020-09-01,73.41804504394531,47.20897674560547,324.71429443359375,102.96797180175781,34.95137023925781,91.3239974975586,164.3333740234375,40.51674270629883,93.16361999511719,37.72505569458008,58.60950469970703
2020-09-02,73.57556915283203,47.34772491455078,329.4110107421875,104.02679443359375,35.376487731933594,92.96215057373047,166.52938842773438,40.492942810058594,94.79122161865234,37.62464141845703,58.80510711669922
2020-09-03,73.58387756347656,47.33137893676758,318.0745544433594,101.84744262695312,34.576255798339844,91.1488037109375,160.74069213867188,40.42154312133789,93.0943374633789,36.963531494140625,58.6312255859375
2020-09-04,73.15272521972656,47.249778747558594,315.4775695800781,101.92682647705078,34.64295196533203,91.22762298583984,159.37164306640625,40.42154312133789,93.08566284179688,36.896575927734375,58.41383361816406
2020-09-08,73.260498046875,47.31507110595703,306.8578186035156,99.58867645263672,34.21782302856445,89.49313354492188,154.8968963623047,40.41360855102539,91.43209075927734,36.210365295410156,58.14577102661133
2020-09-09,73.21075439453125,47.29875183105469,312.9173278808594,100.68276977539062,34.809661865234375,90.57064056396484,157.9291229248047,40.42154312133789,92.49696350097656,36.67900085449219,58.45008850097656
2020-09-10,73.22734069824219,47.30690383911133,307.484130859375,99.323974609375,34.426212310791016,89.2391128540039,155.33795166015625,40.42947769165039,91.15507507324219,36.12668228149414,58.25444412231445
2020-09-11,73.30196380615234,47.38850784301758,307.6405944824219,99.14749908447266,34.74296569824219,89.77346801757812,155.39309692382812,40.43741226196289,91.76974487304688,36.394466400146484,58.326908111572266
2020-09-14,73.30196380615234,47.40483474731445,311.692626953125,101.15921020507812,34.97637939453125,91.26268005371094,157.81883239746094,40.43741226196289,92.89522552490234,36.99700164794922,58.392112731933594
2020-09-15,73.34342193603516,47.396671295166016,313.2673645019531,101.04450225830078,35.1931037902832,91.20137023925781,158.71925354003906,40.453285217285156,92.7220687866211,37.41542434692383,58.471824645996094
2020-09-16,73.32683563232422,47.40483474731445,312.0241394042969,101.87391662597656,35.1931037902832,91.99851989746094,158.1955108642578,40.492942810058594,93.30211639404297,37.28152847290039,58.326908111572266
2020-09-17,73.32683563232422,47.445640563964844,309.2797546386719,101.48566436767578,35.24311447143555,91.70068359375,156.89077758789062,40.508811950683594,92.89522552490234,37.21458053588867,58.10953140258789
2020-09-18,73.24390411376953,47.4293212890625,305.7191467285156,100.39159393310547,34.993038177490234,90.46551513671875,155.36553955078125,40.508811950683594,92.19397735595703,36.921688079833984,57.88493347167969
2020-09-21,73.2853775024414,47.478271484375,302.316650390625,96.97695922851562,34.13914108276367,87.86376953125,153.49110412597656,40.44534683227539,90.18541717529297,36.614112854003906,57.3487548828125
2020-09-22,73.31022644042969,47.461944580078125,305.3955993652344,97.25050354003906,34.13077163696289,88.32804107666016,155.01637268066406,40.43741226196289,90.26333618164062,36.29300308227539,57.21108627319336
2020-09-23,73.14441680908203,47.42116165161133,298.3130798339844,94.99173736572266,33.77882385253906,86.14678192138672,151.27676391601562,40.42154312133789,88.5924301147461,35.72685241699219,56.66041946411133
2020-09-24,73.15272521972656,47.42116165161133,299.1082458496094,95.07113647460938,33.728538513183594,86.36578369140625,151.5983123779297,40.397735595703125,88.7223129272461,35.62544250488281,56.812583923339844
2020-09-25,73.14441680908203,47.494598388671875,303.9439392089844,96.25143432617188,33.85423278808594,87.74474334716797,154.03768920898438,40.42154312133789,89.7040023803711,35.61700439453125,56.921268463134766
2020-09-28,73.21075439453125,47.510929107666016,308.9923095703125,98.6918716430664,34.40729904174805,89.42875671386719,156.83319091796875,40.477073669433594,91.0640869140625,35.97190475463867,57.03719711303711
2020-09-29,73.260498046875,47.5435676574707,307.3094482421875,97.64469146728516,34.357017517089844,88.82923126220703,155.9566650390625,40.500877380371094,90.2968521118164,35.95499801635742,56.979217529296875
2020-09-30,73.14441680908203,47.4864387512207,309.6394958496094,98.17717742919922,34.27323532104492,89.3758316040039,157.12838745117188,40.477073669433594,91.11637878417969,36.538047790527344,57.1676139831543
2020-10-01,73.21916961669922,47.50768280029297,311.6273193359375,99.29534912109375,34.47433853149414,89.63153839111328,158.4384765625,40.47707748413086,91.17742156982422,36.85914993286133,57.32114791870117
2020-10-02,73.16932678222656,47.54033660888672,308.668701171875,100.77735137939453,34.3989143371582,90.66309356689453,157.20217895507812,40.461116790771484,91.26458740234375,36.453556060791016,57.190181732177734
2020-10-05,72.89524841308594,47.434173583984375,314.14227294921875,103.11134338378906,34.93523025512695,92.23249053955078,160.0346221923828,40.4691047668457,92.70314025878906,36.926753997802734,57.30660629272461
2020-10-06,72.99490356445312,47.46683120727539,309.67645263671875,102.6676025390625,34.57489776611328,91.36842346191406,158.06021118164062,40.49302291870117,91.83128356933594,37.03660202026367,57.27021408081055
2020-10-07,72.89524841308594,47.434173583984375,315.0669250488281,104.43358612060547,34.90169906616211,92.97309875488281,160.8187713623047,40.501014709472656,93.2785415649414,37.38304901123047,57.51759719848633
2020-10-08,73.01984405517578,47.515838623046875,317.8592224121094,106.15523529052734,35.16147994995117,94.45430755615234,162.2303924560547,40.56482696533203,94.43809509277344,37.66191101074219,57.95414733886719
2020-10-09,73.03648376464844,47.564849853515625,320.6977844238281,106.11971282958984,35.396121978759766,94.2779769897461,163.59580993652344,40.56482696533203,94.60376739501953,37.92386245727539,58.08513641357422
2020-10-12,73.14442443847656,47.572994232177734,325.85699462890625,106.77645111083984,35.57209014892578,94.74524688720703,166.02227783203125,40.56482696533203,95.29251098632812,38.29567337036133,58.194278717041016
2020-10-13,73.20255279541016,47.63017272949219,323.7303466796875,105.49850463867188,35.1782341003418,93.6520004272461,165.14584350585938,40.516971588134766,94.39453125,38.12666320800781,58.179710388183594
2020-10-14,73.24406433105469,47.679176330566406,321.6961975097656,105.1080322265625,35.10282516479492,93.51091766357422,164.04788208007812,40.52493667602539,93.97602081298828,37.95765686035156,58.10696792602539
2020-10-15,73.20255279541016,47.72001266479492,321.2987060546875,106.28833770751953,34.71736145019531,94.09281921386719,164.10328674316406,40.516971588134766,94.21141815185547,37.653465270996094,57.86684799194336
2020-10-16,73.14442443847656,47.76084899902344,321.1044921875,105.99549102783203,34.826290130615234,93.90767669677734,163.8080291748047,40.532920837402344,94.47297668457031,37.80556106567383,57.9105224609375
2020-10-19,73.07798767089844,47.744510650634766,316.2226257324219,104.74420928955078,34.67545700073242,92.85848236083984,161.46463012695312,40.516971588134766,93.19136047363281,37.6872673034668,57.66311264038086
2020-10-20,72.95338439941406,47.69551086425781,317.4892883300781,105.4630126953125,34.868186950683594,93.46683502197266,162.0274200439453,40.532920837402344,93.40934753417969,38.0675163269043,57.70676803588867
2020-10-21,72.87035369873047,47.60566711425781,316.88836669921875,104.8418197631836,34.75087356567383,93.25523376464844,161.47384643554688,40.5408935546875,93.11289978027344,38.1435661315918,57.46665573120117
2020-10-22,72.74576568603516,47.54033660888672,318.6266174316406,106.81195068359375,34.78438186645508,94.44548797607422,162.6178741455078,40.532920837402344,94.31604766845703,38.152008056640625,57.20472717285156
2020-10-23,72.83712768554688,47.58934783935547,319.7083740234375,107.5218734741211,34.97711944580078,95.08030700683594,163.15301513671875,40.52493667602539,94.41194915771484,38.329471588134766,57.4448356628418
2020-10-26,72.94511413574219,47.63017272949219,313.80023193359375,104.94830322265625,34.32350158691406,92.83201599121094,160.19143676757812,40.50898361206055,92.58980560302734,37.8309211730957,57.277488708496094
2020-10-27,73.1195068359375,47.72001266479492,312.71832275390625,103.4041748046875,34.06373596191406,91.57122802734375,159.5456085205078,40.516971588134766,91.35176086425781,37.96610641479492,57.58308029174805
2020-10-28,73.01984405517578,47.71185302734375,302.0299987792969,100.32476806640625,33.0665397644043,88.89092254638672,154.25912475585938,40.48505783081055,88.71009063720703,37.019710540771484,57.06648254394531
2020-10-29,72.862060546875,47.71185302734375,305.0997314453125,101.718017578125,33.225765228271484,89.96656036376953,155.716796875,40.42123031616211,89.25934600830078,37.408409118652344,57.1537971496582
2020-10-30,72.73746490478516,47.646514892578125,301.9190979003906,101.25656127929688,33.05814743041992,89.82550048828125,154.06533813476562,40.39730453491211,89.45990753173828,37.019710540771484,56.971866607666016
2020-11-02,72.83815002441406,47.69309997558594,305.3030090332031,103.68815612792969,33.46038818359375,92.22367095947266,155.67068481445312,40.42123031616211,91.09024810791016,37.49291229248047,57.02884292602539
2020-11-03,72.82147216796875,47.660404205322266,310.69354248046875,106.06647491455078,34.315128326416016,93.98702239990234,158.65988159179688,40.44516372680664,92.65955352783203,37.59431457519531,57.335487365722656
2020-11-04,73.3207015991211,47.77484130859375,317.63720703125,104.91281127929688,34.66706848144531,93.08772277832031,162.11965942382812,40.43719482421875,92.94727325439453,38.802677154541016,58.3941650390625
2020-11-05,73.39556121826172,47.78302001953125,323.83209228515625,107.45974731445312,35.50505447387695,95.397705078125,165.46871948242188,40.4292106628418,94.47297668457031,39.46177291870117,58.627769470214844
2020-11-06,73.22915649414062,47.75031661987305,323.75811767578125,106.42146301269531,35.580467224121094,94.70999908447266,165.38568115234375,40.38932800292969,94.20271301269531,39.60541534423828,58.36493682861328
2020-11-09,72.88806915283203,47.439720153808594,327.8263854980469,112.50926208496094,36.552520751953125,99.06549072265625,167.35084533691406,40.43719482421875,97.98651885986328,39.90118408203125,58.63507080078125
2020-11-10,72.74662780761719,47.39884567260742,327.3456115722656,114.5770034790039,36.8206787109375,100.11470031738281,167.0740203857422,40.47707748413086,99.43376159667969,39.45332717895508,58.71535873413086
2020-11-11,72.79651641845703,47.50511932373047,329.7773132324219,113.7427978515625,37.13072204589844,99.61216735839844,168.43031311035156,40.49302291870117,99.04143524169922,39.6223258972168,58.82491683959961
2020-11-12,73.03778839111328,47.60319137573242,326.5780944824219,111.51536560058594,36.59440994262695,97.8840560913086,166.76959228515625,40.4691047668457,97.77725982666016,39.32657241821289,58.75921630859375
2020-11-13,73.06275939941406,47.64406967163086,331.09942626953125,114.58585357666016,37.11396408081055,100.14997100830078,169.13143920898438,40.4691047668457,99.61685943603516,39.82512664794922,58.992828369140625
2020-11-16,73.10435485839844,47.63587951660156,335.2324523925781,118.02914428710938,37.591609954833984,102.75092315673828,171.19808959960938,40.4691047668457,101.29951477050781,40.289878845214844,59.13154220581055
2020-11-17,73.22915649414062,47.725791931152344,333.429443359375,118.20660400390625,37.57485580444336,102.23955535888672,170.8105926513672,40.49302291870117,100.82872772216797,40.23073196411133,59.12424087524414
2020-11-18,73.31234741210938,47.71763229370117,329.4166564941406,116.77783966064453,37.37373733520508,100.9434814453125,169.00228881835938,40.48505783081055,99.61685943603516,40.09553527832031,59.00745391845703
2020-11-19,73.46210479736328,47.75848388671875,330.80352783203125,117.48777770996094,37.59999465942383,101.11981201171875,169.94329833984375,40.50898361206055,99.75634002685547,40.19692611694336,59.0804443359375
2020-11-20,73.5286636352539,47.83206558227539,328.5382995605469,117.31031799316406,37.72568130493164,100.66134643554688,169.0484161376953,40.516971588134766,99.28558349609375,40.47578430175781,59.12424087524414
2020-11-23,73.47044372558594,47.79935073852539,330.5077819824219,119.9992446899414,37.750823974609375,102.34536743164062,170.43231201171875,40.52493667602539,100.50614166259766,40.46733474731445,59.051231384277344
2020-11-24,73.39556121826172,47.766666412353516,335.83343505859375,123.05204010009766,38.354164123535156,104.54954528808594,173.07093811035156,40.56482696533203,102.61600494384766,41.00812911987305,59.175357818603516
2020-11-25,73.36228942871094,47.77484130859375,335.31561279296875,121.9870834350586,38.27874755859375,103.85301208496094,173.00640869140625,40.596736907958984,101.97956848144531,40.822235107421875,59.15346908569336
2020-11-27,73.52034759521484,47.85658645629883,336.2495422363281,121.67652130126953,38.546897888183594,103.50035095214844,173.6153106689453,40.62863540649414,101.97083282470703,41.20248794555664,59.284873962402344
2020-11-30,73.62017059326172,47.83206558227539,334.7608642578125,118.89881896972656,37.78434371948242,101.8780517578125,172.24984741210938,40.636619567871094,100.872314453125,40.188480377197266,59.24834442138672
2020-12-01,73.39767456054688,47.67253875732422,338.4223327636719,120.67366790771484,38.597190856933594,103.00660705566406,174.4364471435547,40.61268615722656,101.7790298461914,41.02503967285156,59.37363815307617
2020-12-02,73.27269744873047,47.680728912353516,339.13421630859375,121.03754425048828,38.65584182739258,103.39453887939453,174.583984375,40.652584075927734,102.42420959472656,41.00812911987305,59.380950927734375
2020-12-03,73.41434478759766,47.79524230957031,339.0417175292969,121.95160675048828,38.789913177490234,103.86183166503906,174.9346466064453,40.700443267822266,102.62471771240234,41.413734436035156,59.61537551879883
2020-12-04,73.22268676757812,47.76253128051758,341.9635314941406,124.61392974853516,39.16699981689453,105.41361236572266,176.68756103515625,40.76426315307617,103.88018035888672,41.692596435546875,59.64468002319336
2020-12-07,73.32266998291016,47.84431838989258,341.26080322265625,123.85071563720703,38.882102966308594,104.76114654541016,176.49380493164062,40.78820037841797,103.22628021240234,41.692596435546875,59.5933723449707
2020-12-08,73.34772491455078,47.90977096557617,342.2593078613281,124.55179595947266,38.974273681640625,105.0256576538086,177.2595977783203,40.79617691040039,103.69709777832031,41.81088638305664,59.54212188720703
2020-12-09,73.22268676757812,47.88521194458008,339.18975830078125,124.61392974853516,39.02455520629883,104.74352264404297,175.515869140625,40.78021240234375,103.69709777832031,41.32078552246094,59.402931213378906
2020-12-10,73.37268829345703,47.983375549316406,339.0787658691406,125.27064514160156,39.10834884643555,104.80524444580078,175.7742462158203,40.8121223449707,103.35706329345703,41.87849044799805,59.70331573486328
2020-12-11,73.48937225341797,48.05702209472656,338.68121337890625,124.53407287597656,38.974273681640625,103.9676284790039,175.46047973632812,40.8121223449707,103.10424041748047,41.599639892578125,59.77653884887695
2020-12-14,73.46432495117188,47.97521209716797,337.1648254394531,123.4691390991211,38.9826545715332,103.05950927734375,174.9622802734375,40.82807540893555,101.97956848144531,41.447540283203125,59.79852294921875
2020-12-15,73.49771118164062,47.983375549316406,341.7231140136719,126.42430114746094,39.4100227355957,105.0256576538086,177.36106872558594,40.8599967956543,103.40937805175781,41.836246490478516,59.945037841796875
2020-12-16,73.42268371582031,47.8934211730957,342.2593078613281,125.76754760742188,39.54410171508789,104.66414642333984,177.61016845703125,40.90785598754883,103.24374389648438,42.064395904541016,60.047607421875
2020-12-17,73.43934631347656,47.926124572753906,344.17333984375,126.57514190673828,39.803871154785156,105.31660461425781,179.0033416748047,40.90785598754883,103.69709777832031,42.402400970458984,60.230712890625
2020-12-18,73.41434478759766,47.8934211730957,342.7991027832031,125.669921875,39.56923294067383,104.48784637451172,178.49586486816406,40.93178939819336,103.13910675048828,42.275638580322266,60.120845794677734
2020-12-21,73.42268371582031,47.934295654296875,341.5733642578125,124.95999908447266,39.125389099121094,103.7648696899414,177.97918701171875,40.89987564086914,102.64215087890625,41.706912994384766,59.95967483520508
2020-12-22,73.53935241699219,47.97521209716797,340.9976501464844,124.88899993896484,38.998592376708984,103.37692260742188,178.01608276367188,40.939754486083984,101.8836441040039,41.40087890625,60.09153747558594
2020-12-23,73.45658111572266,47.857154846191406,341.3040771484375,126.71713256835938,39.438194274902344,104.29385375976562,178.32057189941406,40.95823287963867,102.74676513671875,41.825931549072266,60.13709259033203
2020-12-24,73.58201599121094,47.93092346191406,342.6319885253906,126.81182098388672,39.539642333984375,104.55917358398438,178.61886596679688,40.950199127197266,102.95654296875,41.5879020690918,60.3134880065918
2020-12-28,73.55686950683594,47.963741302490234,345.5754089355469,126.78500366210938,39.78482437133789,104.42607879638672,179.74900817871094,40.95823287963867,103.29010009765625,41.672908782958984,60.2767448425293
2020-12-29,73.58201599121094,47.980133056640625,344.91619873046875,125.47244262695312,40.097618103027344,103.85819244384766,178.99867248535156,40.950199127197266,103.17598724365234,42.123470306396484,60.416343688964844
2020-12-30,73.63214111328125,47.98831558227539,345.4082336425781,126.78500366210938,40.18216323852539,104.76323699951172,179.48036193847656,40.974281311035156,103.50953674316406,42.71006393432617,60.48986053466797
2020-12-31,73.73248291015625,48.00471115112305,347.1632080078125,126.98143005371094,39.91162109375,105.55294799804688,180.3048095703125,41.03049850463867,104.41357421875,42.59954071044922,60.482513427734375
2021-01-04,73.63214111328125,48.012916564941406,342.4368591308594,124.90988159179688,40.13988494873047,103.64524841308594,177.73880004882812,41.03852844238281,103.07943725585938,42.795066833496094,60.181217193603516
2021-01-05,73.50672912597656,47.963741302490234,344.7953796386719,127.04395294189453,40.596405029296875,104.71887969970703,179.1746368408203,41.0626106262207,103.85183715820312,43.78970718383789,60.2032470703125
2021-01-06,73.18067169189453,47.89813995361328,346.85675048828125,132.4639434814453,41.03602981567383,108.05511474609375,180.78652954101562,41.070640563964844,106.35334014892578,43.37316131591797,59.835811614990234
2021-01-07,73.03020477294922,47.90633010864258,352.01025390625,133.6336669921875,41.15436935424805,108.64958953857422,183.68594360351562,41.142906188964844,107.1432876586914,43.713191986083984,59.828468322753906
2021-01-08,72.96331787109375,47.87356185913086,354.015869140625,132.9461212158203,41.54326248168945,108.53426361083984,184.57528686523438,41.102752685546875,107.2222671508789,44.597328186035156,59.835811614990234
2021-01-11,72.88806915283203,47.775150299072266,351.6294860839844,133.31222534179688,41.002197265625,108.5608901977539,183.47293090820312,41.070640563964844,107.4065933227539,44.078758239746094,59.39488983154297
2021-01-12,72.8713607788086,47.72594451904297,351.70379638671875,135.464111328125,41.196651458740234,109.66111755371094,184.1213836669922,41.070640563964844,107.85423278808594,44.56330871582031,59.15967559814453
2021-01-13,73.06362915039062,47.9145393371582,352.6509094238281,134.33013916015625,41.12055587768555,109.4570541381836,184.32518005371094,41.070640563964844,107.93321990966797,44.70783996582031,59.42424011230469
2021-01-14,72.97164916992188,47.84074401855469,351.4159851074219,136.19631958007812,41.433353424072266,110.23786163330078,184.14915466308594,41.11881637573242,108.42474365234375,45.149898529052734,59.203765869140625
2021-01-15,73.03020477294922,47.832542419433594,348.8531494140625,134.6158447265625,40.76548385620117,109.55465698242188,182.54656982421875,41.13488006591797,107.37149047851562,44.63133239746094,59.291969299316406
2021-01-19,73.13053894042969,47.832542419433594,351.59234619140625,135.41053771972656,41.052921295166016,109.74097442626953,184.21395874023438,41.175025939941406,107.82791137695312,45.43894577026367,59.32137680053711
2021-01-20,73.12215423583984,47.84074401855469,356.4578857421875,136.16061401367188,41.36571502685547,110.44194030761719,186.53916931152344,41.22320556640625,108.09999084472656,46.22956085205078,59.43159484863281
2021-01-21,73.02178192138672,47.70955276489258,356.7829284667969,134.7498016357422,41.458709716796875,109.55465698242188,186.40020751953125,41.25531768798828,107.57337188720703,46.23805618286133,59.46099853515625
2021-01-22,73.0552749633789,47.734153747558594,355.5200500488281,135.41053771972656,41.1712760925293,109.20861053466797,186.09451293945312,41.23122787475586,106.92384338378906,45.90650177001953,59.453643798828125
2021-01-25,73.22248840332031,47.848934173583984,356.9221496582031,135.08909606933594,41.14592361450195,108.96902465820312,186.62249755859375,41.23122787475586,106.92384338378906,46.13603973388672,59.6520881652832
2021-01-26,73.214111328125,47.81613540649414,356.3650817871094,134.08901977539062,41.16282653808594,108.51651763916016,185.9462890625,41.239261627197266,106.59908294677734,45.84700012207031,59.63737106323242
2021-01-27,73.214111328125,47.807945251464844,347.6553039550781,131.38348388671875,40.199058532714844,106.27165222167969,181.48130798339844,41.21516799926758,104.00105285644531,44.68233871459961,59.35807800292969
2021-01-28,73.15556335449219,47.78335189819336,350.6452941894531,132.04428100585938,40.51186752319336,107.26541900634766,182.9078369140625,41.23122787475586,105.34396362304688,44.89486312866211,59.53448486328125
2021-01-29,73.0970687866211,47.70137405395508,343.6254577636719,129.57086181640625,39.62419509887695,105.27787780761719,179.70269775390625,41.22320556640625,103.58850860595703,43.93423080444336,59.453643798828125
2021-02-01,73.12138366699219,47.746490478515625,349.3453063964844,131.88352966308594,40.18216323852539,106.91048431396484,182.76890563964844,41.21516799926758,104.33456420898438,45.04788589477539,59.67403793334961
2021-02-02,73.02922821044922,47.70547103881836,354.28515625,133.29432678222656,40.63021469116211,107.85104370117188,185.39047241210938,41.25531768798828,105.6687240600586,45.75349426269531,59.7109260559082
2021-02-03,72.90362548828125,47.648033142089844,354.5636901855469,134.11582946777344,40.74011993408203,108.6673583984375,185.66835021972656,41.279415130615234,106.07246398925781,45.92351150512695,59.585601806640625
2021-02-04,72.92037200927734,47.631622314453125,358.59356689453125,136.13381958007812,40.75703048706055,109.94505310058594,188.0212860107422,41.25531768798828,107.20471954345703,45.99152374267578,59.78462219238281
2021-02-05,72.81989288330078,47.60700225830078,360.0050048828125,137.33033752441406,41.06137466430664,110.81461334228516,189.07733154296875,41.287437438964844,107.7664566040039,46.331565856933594,59.769874572753906
2021-02-08,72.90362548828125,47.58238983154297,362.6048278808594,140.04481506347656,41.32345199584961,112.01245880126953,190.77261352539062,41.30350112915039,108.7670669555664,46.569602966308594,59.79198455810547
2021-02-09,72.87010192871094,47.60700225830078,362.36346435546875,140.2591094970703,41.56016540527344,111.95035552978516,190.8466796875,41.30350112915039,108.72317504882812,47.08816909790039,59.63719940185547
2021-02-10,72.98736572265625,47.56597900390625,362.20550537109375,140.36622619628906,41.467166900634766,112.74005889892578,190.76324462890625,41.311527252197266,108.85482025146484,47.190185546875,59.696197509765625
2021-02-11,72.91199493408203,47.60700225830078,362.79052734375,140.5180206298828,41.737701416015625,112.64242553710938,191.2172393798828,41.319557189941406,108.72317504882812,47.683258056640625,59.76251983642578
2021-02-12,72.71942138671875,47.46751022338867,364.5826416015625,141.05381774902344,41.93214416503906,113.31678009033203,192.2084197998047,41.33562088012695,109.24980926513672,47.76826858520508,59.41605758666992
2021-02-16,72.37606048583984,47.213138580322266,364.26690673828125,141.30380249023438,42.18576431274414,113.70719909667969,191.8656463623047,41.287437438964844,109.41656494140625,47.90428924560547,58.752593994140625
2021-02-17,72.52680206298828,47.26238250732422,364.3504943847656,140.5537567138672,41.92368698120117,113.48538970947266,191.4673309326172,41.26335144042969,109.82910919189453,48.023311614990234,59.19489288330078
2021-02-18,72.48491668701172,47.2049446105957,362.7998962402344,138.78579711914062,41.65315246582031,112.85539245605469,190.36495971679688,41.22320556640625,109.24980926513672,47.40272903442383,59.13593673706055
2021-02-19,72.23372650146484,47.08184814453125,362.1592102050781,141.58059692382812,41.84760665893555,114.40816497802734,190.80038452148438,41.21516799926758,109.57455444335938,47.65775680541992,58.78948211669922
2021-02-22,72.03274536132812,47.0572395324707,359.37353515625,142.54493713378906,41.72079086303711,115.01152038574219,188.98472595214844,41.27137756347656,110.3557357788086,46.30607604980469,58.48720932006836
2021-02-23,72.01597595214844,47.024444580078125,359.8099060058594,142.8038787841797,41.737701416015625,115.33982849121094,188.95687866210938,41.319557189941406,110.69805908203125,46.569602966308594,58.50931167602539
2021-02-24,71.97411346435547,46.966976165771484,363.7747802734375,145.7594451904297,41.88986587524414,117.29190063476562,191.0782470703125,41.319557189941406,112.181396484375,46.272064208984375,58.50931167602539
2021-02-25,71.34611511230469,46.58953094482422,355.00933837890625,141.6073760986328,41.17972946166992,114.05323791503906,186.085205078125,41.086700439453125,110.25041961669922,45.2689094543457,57.543636322021484
2021-02-26,71.96573638916016,46.90955352783203,353.1800842285156,140.96449279785156,40.587955474853516,113.18370056152344,185.34417724609375,41.287437438964844,108.7670669555664,44.622833251953125,57.82374954223633
2021-03-01,71.87266540527344,47.110740661621094,361.7413330078125,144.95579528808594,41.37417221069336,115.74800872802734,190.10560607910156,41.319557189941406,111.13693237304688,45.84700012207031,58.139461517333984
2021-03-02,71.86428833007812,47.110740661621094,358.9185485839844,143.45574951171875,41.35726547241211,115.4818115234375,188.31773376464844,41.39984893798828,110.88237762451172,45.4134407043457,58.08772277832031
2021-03-03,71.63782501220703,46.96292495727539,354.1644592285156,143.72360229492188,41.10364532470703,115.42854309082031,185.60354614257812,41.39181137084961,110.88237762451172,45.379425048828125,57.732818603515625
2021-03-04,71.4113998413086,46.89724349975586,349.78167724609375,141.1073455810547,40.68939971923828,113.66283416748047,182.6669921875,41.33562088012695,109.82910919189453,44.40179443359375,57.27436828613281
2021-03-05,71.36943817138672,46.93830108642578,356.2165832519531,145.01834106445312,41.01910400390625,116.40459442138672,185.96485900878906,41.35166931152344,112.2691650390625,44.71633529663086,57.24479293823242
2021-03-08,71.04239654541016,46.85618209838867,354.4429931640625,147.197021484375,40.816200256347656,118.08158111572266,185.05699157714844,41.23122787475586,113.58574676513672,43.55167007446289,56.32054138183594
2021-03-09,71.27722930908203,46.99578094482422,359.5035400390625,147.13450622558594,41.34035873413086,117.56693267822266,187.92864990234375,41.287437438964844,113.17320251464844,44.49531555175781,56.97862243652344
2021-03-10,71.4113998413086,47.02863311767578,361.7413330078125,149.61683654785156,41.517887115478516,119.38593292236328,189.2718963623047,41.37575912475586,114.69168853759766,44.418800354003906,57.4444465637207
2021-03-11,71.41978454589844,47.09431457519531,365.40899658203125,151.304443359375,41.822242736816406,120.20221710205078,191.74525451660156,41.47212219238281,114.63024139404297,45.75349426269531,57.72544479370117
2021-03-12,70.99209594726562,46.913658142089844,365.90118408203125,153.09921264648438,41.92368698120117,121.60417175292969,192.1250457763672,41.43196487426758,115.67469024658203,44.94587707519531,57.12651062011719
2021-03-15,71.07594299316406,47.02863311767578,368.0832824707031,154.22427368164062,42.02513885498047,122.56243133544922,193.46826171875,41.464080810546875,115.94682312011719,44.92036437988281,57.42226028442383
2021-03-16,71.06753540039062,46.97936248779297,367.6190185546875,151.96519470214844,42.09278106689453,121.16050720214844,192.6901092529297,41.5283203125,115.20952606201172,45.11589813232422,57.732818603515625
2021-03-17,71.04239654541016,46.88903045654297,368.8725280761719,152.97418212890625,42.31258010864258,122.18089294433594,193.4219207763672,41.53635025024414,115.70105743408203,45.149898529052734,58.132083892822266
2021-03-18,70.74886322021484,46.79048538208008,363.50555419921875,150.50973510742188,41.90678024291992,121.19599914550781,189.90184020996094,41.39181137084961,115.25342559814453,44.45280075073242,57.31136703491211
2021-03-19,70.80754089355469,46.87260055541992,362.83294677734375,150.6079559326172,42.050498962402344,120.9475326538086,190.14263916015625,41.3837890625,114.75312805175781,44.89486312866211,57.52577209472656
2021-03-22,71.00882720947266,46.913658142089844,365.7301330566406,148.99180603027344,42.06833267211914,120.63697814941406,191.17092895507812,41.41591262817383,114.87600708007812,44.79952621459961,57.65148162841797
2021-03-23,71.16816711425781,47.03685760498047,362.8515319824219,144.22361755371094,41.43132400512695,118.205810546875,188.99398803710938,41.39984893798828,113.48040008544922,44.06748962402344,57.42226028442383
2021-03-24,71.27722930908203,47.1025276184082,361.0069580078125,142.8664093017578,41.252960205078125,117.7266616821289,187.42843627929688,41.50422668457031,113.56818389892578,43.03750991821289,57.54796600341797
2021-03-25,71.22689819335938,47.13538360595703,363.0379638671875,146.35011291503906,41.51626968383789,119.72520446777344,188.8151397705078,41.5074462890625,114.91494750976562,43.10560607910156,57.43705368041992
2021-03-26,71.10108947753906,47.04505920410156,368.8882751464844,149.22784423828125,42.08531188964844,121.04389190673828,191.90084838867188,41.53961944580078,116.76826477050781,44.178138732910156,57.45183181762695
2021-03-29,71.00882720947266,46.93830108642578,368.701904296875,146.51145935058594,41.88148498535156,120.08161163330078,190.9993133544922,41.49940872192383,116.59176635742188,43.9312858581543,57.17085647583008
2021-03-30,71.08432006835938,46.89724349975586,367.72369384765625,148.6182098388672,41.83052062988281,120.86569213867188,190.94358825683594,41.45917892456055,116.54761505126953,44.11004638671875,57.19303512573242
2021-03-31,71.0507583618164,46.90544509887695,369.2142639160156,148.46580505371094,41.71160888671875,120.17071533203125,192.10537719726562,41.45917892456055,116.01810455322266,44.30582046508789,57.30397033691406
2021-04-01,71.27940368652344,46.96379089355469,373.2014465332031,150.27670288085938,42.25518798828125,121.34683227539062,194.51260375976562,41.49940872192383,116.6005859375,44.705902099609375,57.705379486083984
2021-04-05,71.17013549804688,46.90627670288086,378.5580139160156,150.8862762451172,42.89220428466797,122.27351379394531,196.78041076660156,41.45917892456055,117.54491424560547,44.79952621459961,57.63119125366211
2021-04-06,71.42231750488281,47.021305084228516,378.3345031738281,150.81455993652344,42.518489837646484,122.55863189697266,196.85479736328125,41.467227935791016,117.43017578125,45.01233673095703,57.816688537597656
2021-04-07,71.3382339477539,47.01311111450195,378.77227783203125,149.88223266601562,42.594940185546875,122.11312866210938,196.68746948242188,41.51549530029297,117.39486694335938,44.35689163208008,57.72021484375
2021-04-08,71.49795532226562,47.07063674926758,380.5702209472656,150.1332550048828,42.841243743896484,121.81908416748047,197.8306884765625,41.55570983886719,117.24484252929688,44.81654739379883,57.86863327026367
2021-04-09,71.40547180175781,46.980228424072266,383.33709716796875,150.68006896972656,42.943172454833984,122.22000885009766,199.0296630859375,41.547672271728516,117.92437744140625,44.433509826660156,57.79441833496094
2021-04-12,71.388671875,46.947364807128906,383.4768371582031,151.14625549316406,42.71384048461914,122.57645416259766,199.08543395996094,41.53961944580078,118.00381469726562,44.144100189208984,57.88345718383789
2021-04-13,71.5736083984375,46.99665832519531,384.6133728027344,150.03465270996094,43.002628326416016,122.11312866210938,199.64312744140625,41.59593200683594,117.62432098388672,44.15260696411133,58.17285919189453
2021-04-14,71.52314758300781,46.930931091308594,383.2998046875,151.468994140625,43.04509353637695,122.79920196533203,199.1969451904297,41.60397720336914,118.08323669433594,44.39094924926758,58.0986213684082
2021-04-15,71.82577514648438,47.037757873535156,387.41741943359375,152.0248565673828,43.376338958740234,123.22687530517578,201.31610107421875,41.64419937133789,118.7627944946289,44.782508850097656,58.721927642822266
2021-04-16,71.63246154785156,46.96379089355469,388.7122497558594,152.93922424316406,43.63113784790039,123.8772964477539,201.82730102539062,41.62006759643555,119.45118713378906,44.92721176147461,58.52900695800781
2021-04-19,71.59042358398438,46.898040771484375,386.80255126953125,152.08758544921875,43.50373840332031,123.30705261230469,200.50747680664062,41.62006759643555,119.1599349975586,44.83358383178711,58.48446273803711
2021-04-20,71.70806121826172,46.980228424072266,383.9705505371094,149.22784423828125,42.78178787231445,122.13984680175781,198.66720581054688,41.62810516357422,118.25090026855469,44.49309158325195,58.40286636352539
2021-04-21,71.78377532958984,47.029541015625,387.603759765625,152.1144561767578,43.17249298095703,123.9485855102539,201.03724670410156,41.62006759643555,119.48648071289062,44.84209442138672,58.543827056884766
2021-04-22,71.8173828125,47.037757873535156,384.0637512207031,151.244873046875,42.99413299560547,122.86153411865234,199.46652221679688,41.62810516357422,118.49801635742188,44.765480041503906,58.595787048339844
2021-04-23,71.82577514648438,46.98843765258789,388.22784423828125,153.87156677246094,43.486751556396484,124.21590423583984,201.88308715820312,41.63615417480469,119.40707397460938,45.378360748291016,58.73677444458008
2021-04-26,71.77532958984375,46.972015380859375,389.038330078125,154.6873779296875,43.55470657348633,124.87525939941406,202.6173553466797,41.62006759643555,119.2481689453125,45.43794250488281,58.417694091796875
2021-04-27,71.59042358398438,46.90627670288086,388.9544372558594,155.42247009277344,43.418800354003906,125.1247329711914,202.52435302734375,41.67637634277344,119.47764587402344,45.50604248046875,58.16542053222656
2021-04-28,71.62403106689453,46.91448211669922,388.84283447265625,155.7721405029297,43.537715911865234,125.25838470458984,202.49647521972656,41.78899002075195,119.69830322265625,45.872066497802734,58.31380844116211
2021-04-29,71.5651626586914,46.78301239013672,391.3207092285156,156.39068603515625,43.58018112182617,126.27411651611328,203.26788330078125,41.81312942504883,120.74850463867188,45.769920349121094,58.380592346191406
2021-04-30,71.66606903076172,46.81587219238281,388.74951171875,154.41839599609375,42.98563003540039,125.57914733886719,201.7808380126953,41.82117462158203,120.0071792602539,45.09745788574219,58.499305725097656
2021-05-03,71.68374633789062,46.79860305786133,389.5880126953125,155.95138549804688,43.43578338623047,126.4701919555664,202.13401794433594,41.89356994628906,121.18094635009766,45.08042526245117,58.45240783691406
2021-05-04,71.77635192871094,46.872615814208984,387.1845397949219,155.9154815673828,42.90918731689453,126.53252410888672,200.6190185546875,41.95792007446289,121.525146484375,44.527137756347656,58.51942443847656
2021-05-05,71.81842041015625,46.872615814208984,387.3056640625,156.2293243408203,43.418800354003906,126.75526428222656,200.58181762695312,42.04640579223633,122.14288330078125,44.697383880615234,58.601348876953125
2021-05-06,71.85208892822266,46.8643798828125,390.3985290527344,157.28717041015625,43.77553176879883,127.49479675292969,201.60423278808594,42.006187438964844,123.20196533203125,45.1400146484375,58.79489517211914
2021-05-07,71.86053466796875,46.80682373046875,393.2398376464844,159.0263214111328,44.28514099121094,129.0718994140625,203.31439208984375,42.04640579223633,124.09329223632812,45.54008865356445,58.98102569580078
2021-05-10,71.69217681884766,46.79860305786133,389.3457946777344,157.31402587890625,44.05581283569336,129.00064086914062,200.9257354736328,42.07857894897461,124.26981353759766,44.688865661621094,58.84699249267578
2021-05-11,71.54904174804688,46.69171905517578,385.87103271484375,155.67349243164062,43.52922058105469,127.19189453125,199.30850219726562,42.03031539916992,122.593017578125,44.56969451904297,58.69808578491211
2021-05-12,71.29650115966797,46.56012725830078,377.6730041503906,151.056640625,42.76479721069336,124.03770446777344,194.81932067871094,42.07052993774414,120.61609649658203,43.429073333740234,58.258811950683594
2021-05-13,71.43958282470703,46.576576232910156,382.2099304199219,154.20327758789062,43.06208038330078,126.1226577758789,196.96633911132812,42.02227020263672,122.33704376220703,43.37799835205078,58.50453567504883
2021-05-14,71.60797119140625,46.634151458740234,388.0788269042969,157.1796112060547,43.75004577636719,128.09176635742188,200.33090209960938,42.11075973510742,123.69617462158203,44.093021392822266,58.75766372680664
2021-05-17,71.54061889648438,46.56835174560547,387.0914001464844,157.70849609375,43.68210983276367,128.2788848876953,199.90335083007812,42.18315124511719,123.80207824707031,44.118560791015625,58.80978775024414
2021-05-18,71.4648666381836,46.56835174560547,383.7563171386719,155.8617401123047,43.83498001098633,127.12947082519531,198.34188842773438,42.18315124511719,122.61946105957031,44.75696563720703,58.79489517211914
2021-05-19,71.38909912109375,46.519020080566406,382.7502136230469,154.22120666503906,43.44428634643555,126.1048812866211,197.765625,42.02227020263672,121.90463256835938,44.63780212402344,58.586429595947266
2021-05-20,71.62479400634766,46.60124206542969,386.8677978515625,154.2929229736328,44.047325134277344,126.76419067382812,199.91265869140625,42.02227020263672,122.5047378540039,44.79952621459961,58.89912796020508
2021-05-21,71.64163970947266,46.65057373046875,386.55108642578125,154.90252685546875,44.03883743286133,126.96023559570312,199.80111694335938,42.07857894897461,122.94600677490234,44.32284164428711,58.80234909057617
2021-05-24,71.72587585449219,46.675270080566406,390.4916687011719,155.61073303222656,44.31061935424805,127.75320434570312,201.81800842285156,42.142940521240234,123.44908142089844,44.73994827270508,58.86933517456055
2021-05-25,71.9110336303711,46.79860305786133,389.6252136230469,154.04190063476562,44.31061935424805,126.62164306640625,201.2603302001953,42.167057037353516,122.68123626708984,45.20811462402344,59.100154876708984
2021-05-26,71.88579559326172,46.89728546142578,390.3985290527344,156.22035217285156,44.31061935424805,127.47701263427734,201.98529052734375,42.12684631347656,122.91069793701172,45.54008865356445,59.174591064453125
2021-05-27,71.7847671508789,46.78215408325195,390.6034851074219,157.8878173828125,44.39555358886719,128.22544860839844,202.35708618164062,42.12684631347656,123.33433532714844,45.625205993652344,59.040592193603516
2021-05-28,71.77635192871094,46.8150520324707,391.3021545410156,157.8699188232422,44.52295684814453,128.37692260742188,202.70095825195312,42.142940521240234,123.51081848144531,45.863548278808594,59.16716003417969
2021-06-01,71.77129364013672,46.80763244628906,390.95745849609375,159.93173217773438,44.76078796386719,129.41937255859375,202.78460693359375,42.18315124511719,123.63438415527344,46.8254280090332,59.22171401977539
2021-06-02,71.84713745117188,46.857032775878906,391.5722961425781,160.3531036376953,44.888179779052734,129.63327026367188,203.05410766601562,42.18315124511719,123.94332122802734,46.93608093261719,59.281410217285156
2021-06-03,71.71226501464844,46.7829475402832,390.1189880371094,159.36700439453125,44.650360107421875,129.33921813964844,202.15260314941406,42.11880111694336,124.19039154052734,46.408329010009766,59.027503967285156
2021-06-04,71.99891662597656,46.898155212402344,393.6869812011719,159.65382385253906,45.07502746582031,129.64218139648438,203.9091796875,42.175106048583984,124.5875473022461,46.8254280090332,59.39344024658203
2021-06-07,71.94837951660156,46.857032775878906,393.3050537109375,160.33518981933594,45.17695999145508,129.41050720214844,204.0765380859375,42.142940521240234,124.4110107421875,46.63814926147461,59.281410217285156
2021-06-08,72.08325958251953,46.922847747802734,393.3888244628906,162.0474395751953,45.15148162841797,129.8292694091797,204.49481201171875,42.11880111694336,124.2433090209961,46.442378997802734,59.512916564941406
2021-06-09,72.22660827636719,47.01338195800781,392.8018798828125,160.63099670410156,44.97311782836914,129.06300354003906,203.91851806640625,42.054443359375,123.83737182617188,46.408329010009766,59.72203063964844
2021-06-10,72.37837219238281,47.05451583862305,394.62786865234375,159.34010314941406,45.11750411987305,128.6264190673828,204.82009887695312,42.15097427368164,123.79326629638672,46.73178482055664,59.80416488647461
2021-06-11,72.36148834228516,47.14505386352539,395.27996826171875,160.81033325195312,45.19395065307617,129.1610107421875,205.42420959472656,42.08662033081055,123.8814926147461,46.52749252319336,59.90873718261719
2021-06-14,72.176025390625,47.038063049316406,396.16497802734375,159.06216430664062,45.26190185546875,128.15415954589844,205.74020385742188,42.07052993774414,123.27256774902344,46.71476745605469,59.5651969909668
2021-06-15,72.176025390625,46.98046112060547,395.4383239746094,159.34010314941406,45.270389556884766,128.35910034179688,205.2011260986328,42.12684631347656,123.4225845336914,46.39981460571289,59.67718505859375
2021-06-16,71.97361755371094,46.906402587890625,393.2305603027344,158.71255493164062,44.97311782836914,127.3790054321289,204.1787872314453,41.917701721191406,122.56652069091797,45.769920349121094,59.19181442260742
2021-06-17,72.21817016601562,46.955787658691406,393.10003662109375,155.1356201171875,44.64187240600586,125.16926574707031,203.98358154296875,41.990089416503906,121.05738067626953,46.033790588378906,59.35609817504883
2021-06-18,72.44581604003906,46.972232818603516,387.79705810546875,151.6213836669922,43.79251480102539,122.62095642089844,201.4555206298828,41.93379211425781,118.71866607666016,45.67628479003906,59.64736557006836
2021-06-21,72.19287109375,46.93931198120117,393.3487243652344,155.45834350585938,44.39530944824219,125.24051666259766,204.23455810546875,41.96595764160156,120.97796630859375,45.89875411987305,59.557735443115234
2021-06-22,72.29407501220703,46.947540283203125,395.45166015625,155.4941864013672,44.4381103515625,125.27622985839844,205.3963165283203,42.07857894897461,121.05738067626953,45.70195388793945,59.5203971862793
2021-06-23,72.24346923828125,46.914615631103516,394.9750061035156,155.57485961914062,44.1983757019043,125.09803009033203,205.31268310546875,42.08662033081055,120.65142822265625,45.96721649169922,59.58759689331055
2021-06-24,72.27717590332031,46.93931198120117,397.31158447265625,157.26751708984375,44.566551208496094,125.83223724365234,206.7064208984375,42.0625,121.55827331542969,46.309486389160156,59.6398811340332
2021-06-25,72.14229583740234,46.865257263183594,398.7227478027344,158.455322265625,44.71210861206055,126.82612609863281,207.4802703857422,42.08662033081055,122.33028411865234,46.68598937988281,59.490535736083984
2021-06-28,72.33623504638672,46.9640007019043,399.52667236328125,156.16966247558594,44.420989990234375,125.98446655273438,207.7133331298828,42.094669342041016,121.78900909423828,46.79722595214844,59.632415771484375
2021-06-29,72.36995697021484,46.922847747802734,399.7415466308594,155.54879760742188,44.41242218017578,125.70684051513672,207.72264099121094,42.12684631347656,121.49620056152344,46.76299285888672,59.512916564941406
2021-06-30,72.42054748535156,46.98869705200195,400.07806396484375,156.26864624023438,44.11274719238281,125.80537414550781,207.73194885253906,42.15900802612305,121.97537994384766,46.472068786621094,59.61747360229492
2021-07-01,72.4137954711914,47.023284912109375,402.29302978515625,157.77142333984375,44.241180419921875,126.94256591796875,208.86001586914062,42.151710510253906,122.80059814453125,46.22392654418945,59.589752197265625
2021-07-02,72.54044342041016,47.1138801574707,405.3680114746094,156.98854064941406,44.40386962890625,126.82612609863281,210.01605224609375,42.25725173950195,123.18215942382812,46.17257308959961,59.64967727661133
2021-07-06,72.8022232055664,47.21269607543945,404.629638671875,154.14500427246094,44.138431549072266,125.3666000366211,209.5592803955078,42.2328987121582,121.90435791015625,45.34256362915039,59.672210693359375
2021-07-07,72.9542465209961,47.30328369140625,406.0597229003906,153.92906188964844,44.29255294799805,125.73372650146484,209.8388671875,42.216651916503906,122.3746566772461,45.385353088378906,59.80706024169922
2021-07-08,73.02178955078125,47.29502868652344,402.7510986328125,151.9673614501953,43.65038299560547,124.16675567626953,208.0675506591797,42.22477722167969,121.15010070800781,44.52111053466797,59.73963165283203
2021-07-09,72.7938003540039,47.20445251464844,407.05035400390625,155.7647247314453,44.40386962890625,126.59333801269531,210.5847625732422,42.25725173950195,122.90707397460938,45.33401107788086,59.672210693359375
2021-07-12,72.76844024658203,47.27032470703125,408.5083923339844,156.4396209716797,44.566551208496094,126.9515151977539,211.17208862304688,42.28972244262695,123.43060302734375,45.35968017578125,59.627227783203125
2021-07-13,72.54044342041016,47.229148864746094,407.1158142089844,153.506103515625,44.3182373046875,124.93681335449219,209.99740600585938,42.38715362548828,122.53437042236328,45.385353088378906,59.49233627319336
2021-07-14,72.78534698486328,47.311500549316406,407.72332763671875,152.5432586669922,44.42955017089844,124.82938385009766,209.7084197998047,42.403385162353516,122.47222900390625,45.60783004760742,59.709651947021484
2021-07-15,72.96268463134766,47.39384841918945,406.3307189941406,152.0393524169922,44.06993103027344,124.74880981445312,208.97189331054688,42.43586349487305,122.48998260498047,45.650611877441406,59.934478759765625
2021-07-16,72.8951187133789,47.45151901245117,403.14361572265625,149.69973754882812,43.72745132446289,123.71907806396484,207.3311004638672,42.44397735595703,121.55827331542969,45.34256362915039,59.83704376220703
2021-07-19,73.30889129638672,47.56679916381836,397.1899719238281,146.37026977539062,42.871219635009766,121.0328369140625,204.3850860595703,42.354671478271484,119.3487777709961,44.675132751464844,59.82953643798828
2021-07-20,73.2329330444336,47.56679916381836,402.88189697265625,150.6085968017578,43.25652313232422,123.88020324707031,207.9183807373047,42.38715362548828,121.27432250976562,44.70936584472656,59.99441146850586
2021-07-21,72.9964828491211,47.5256233215332,406.14373779296875,153.02919006347656,43.881568908691406,125.12486267089844,209.78302001953125,42.4115104675293,122.43677520751953,45.094425201416016,59.79207229614258
2021-07-22,73.15692901611328,47.575035095214844,406.9942321777344,150.95053100585938,43.941505432128906,124.3010482788086,209.96014404296875,42.45210647583008,122.0374755859375,45.162872314453125,59.919490814208984
2021-07-23,73.07243347167969,47.60797882080078,411.1815185546875,151.92233276367188,44.206932067871094,125.14276123046875,212.05776977539062,42.55763244628906,122.62310028076172,44.461212158203125,59.964439392089844
2021-07-26,73.0302505493164,47.56679916381836,412.1908264160156,152.7772216796875,44.25830078125,125.83223724365234,212.48660278320312,42.646942138671875,123.0046615600586,43.61408615112305,59.80706024169922
2021-07-27,73.21601867675781,47.63268280029297,410.312255859375,152.01231384277344,44.095619201660156,125.82330322265625,211.33993530273438,42.630706787109375,123.10228729248047,42.67283630371094,59.582252502441406
2021-07-28,73.28357696533203,47.64915466308594,410.14398193359375,152.8942413330078,44.29255294799805,125.662109375,211.66619873046875,42.703765869140625,122.8094253540039,43.87934875488281,59.83704376220703
2021-07-29,73.15692901611328,47.64091873168945,411.8450012207031,154.44195556640625,44.62648010253906,127.02312469482422,212.5984649658203,42.679412841796875,123.77667999267578,44.03337478637695,59.88949203491211
2021-07-30,73.26671600341797,47.69033432006836,409.8448791503906,153.695068359375,44.33537292480469,126.29788970947266,211.33993530273438,42.7119026184082,123.20880889892578,43.73388671875,60.00189971923828
2021-08-02,73.44093322753906,47.748836517333984,408.98504638671875,152.82223510742188,44.54941940307617,126.3067855834961,211.0415802001953,42.67131042480469,123.07563781738281,44.08470916748047,60.050777435302734
2021-08-03,73.45785522460938,47.79829406738281,412.3123779296875,154.12701416015625,44.86623001098633,127.318603515625,212.55186462402344,42.69565963745117,124.37120056152344,44.19595718383789,60.09590530395508
2021-08-04,73.45785522460938,47.82300567626953,410.2842102050781,151.78736877441406,44.737796783447266,125.64421081542969,211.6009521484375,42.622589111328125,123.0401840209961,44.307193756103516,60.09590530395508
2021-08-05,73.28866577148438,47.84771728515625,412.88250732421875,153.98301696777344,44.968971252441406,126.8798599243164,213.11122131347656,42.549522399902344,123.61692810058594,44.170284271240234,60.04326248168945
2021-08-06,72.94194030761719,47.68290710449219,413.5647888183594,155.1168212890625,44.78916549682617,127.88272857666016,213.37229919433594,42.533294677734375,124.38892364501953,43.870792388916016,59.74250793457031
2021-08-09,72.80657958984375,47.699405670166016,413.2283020019531,154.34298706054688,44.737796783447266,127.56932830810547,213.28839111328125,42.50081253051758,124.30906677246094,44.024818420410156,59.562068939208984
2021-08-10,72.69661712646484,47.70762634277344,413.7423400878906,155.85472106933594,44.83197784423828,128.61697387695312,213.42820739746094,42.5251579284668,125.28517150878906,44.18739700317383,59.562068939208984
2021-08-11,72.74737548828125,47.71586608886719,414.7704772949219,157.56446838378906,45.11452865600586,129.83473205566406,213.84776306152344,42.58199691772461,126.06605529785156,44.349979400634766,59.5921516418457
2021-08-12,72.75584411621094,47.72410583496094,416.013427734375,157.23147583007812,45.01178741455078,129.76309204101562,214.4444580078125,42.56575393676758,126.1902847290039,44.059043884277344,59.727474212646484
2021-08-13,73.04338836669922,47.748836517333984,416.7705993652344,156.61061096191406,45.24296951293945,129.6376953125,214.56561279296875,42.58199691772461,126.16362762451172,43.973480224609375,59.98312759399414
2021-08-16,73.11109161376953,47.748836517333984,417.751953125,155.61178588867188,44.98610305786133,129.46759033203125,214.64952087402344,42.614479064941406,126.42988586425781,43.62263488769531,59.9605598449707
2021-08-17,73.03494262695312,47.765323638916016,415.0134582519531,153.5421142578125,44.4894905090332,128.28564453125,213.05531311035156,42.58199691772461,125.95955657958984,42.83542251586914,59.90792465209961
2021-08-18,73.01803588867188,47.757080078125,410.4710693359375,151.98533630371094,44.378173828125,127.13951873779297,210.92967224121094,42.533294677734375,124.41558837890625,42.886756896972656,59.8703498840332
2021-08-19,73.1787109375,47.81477355957031,411.10662841796875,150.18565368652344,43.8901252746582,126.31578826904297,210.77120971679688,42.50893020629883,124.03399658203125,42.22788619995117,59.9605598449707
2021-08-20,73.16180419921875,47.79829406738281,414.37786865234375,151.9943389892578,44.035682678222656,127.3096694946289,212.66372680664062,42.43586349487305,124.6285171508789,42.22788619995117,59.862796783447266
2021-08-23,73.1787109375,47.748836517333984,418.0229797363281,153.84803771972656,44.498046875,128.07077026367188,214.72412109375,42.51704788208008,125.2585678100586,42.83542251586914,60.0282096862793
2021-08-24,73.03494262695312,47.757080078125,418.6866149902344,155.3958282470703,44.71210861206055,129.09152221679688,215.48855590820312,42.55763244628906,125.53363037109375,43.793785095214844,60.088356018066406
2021-08-25,72.91654968261719,47.56754684448242,419.5650634765625,156.34066772460938,44.746360778808594,130.0944061279297,216.10389709472656,42.614479064941406,126.06605529785156,43.836570739746094,60.05830383300781
2021-08-26,72.92500305175781,47.584022521972656,417.08837890625,154.7388916015625,44.46379852294922,128.930419921875,214.6588592529297,42.60635757446289,125.32066345214844,43.4771842956543,59.9605598449707
2021-08-27,73.13644409179688,47.64996337890625,420.8174743652344,158.06838989257812,44.92616653442383,130.61375427246094,216.9709014892578,42.73624801635742,126.2168960571289,44.024818420410156,60.32145690917969
2021-08-30,73.2210464477539,47.699405670166016,422.6680908203125,156.91656494140625,44.917598724365234,129.91531372070312,217.79132080078125,42.752498626708984,125.8974380493164,44.153167724609375,60.516937255859375
2021-08-31,73.12799835205078,47.48512268066406,422.0419006347656,156.89854431152344,44.917598724365234,130.4525146484375,217.3811492919922,42.7119026184082,125.78207397460938,44.6922492980957,60.479312896728516
2021-09-01,73.14068603515625,47.501617431640625,422.26617431640625,157.20452880859375,45.31146240234375,130.34510803222656,217.76336669921875,42.72000503540039,125.4892578125,45.231319427490234,60.56606674194336
2021-09-02,73.24236297607422,47.600589752197266,423.5652770996094,158.13136291503906,45.52552032470703,131.28529357910156,218.4998321533203,42.752498626708984,126.39436340332031,45.05162811279297,60.716957092285156
2021-09-03,73.0898666381836,47.509883880615234,423.46246337890625,157.40248107910156,45.748138427734375,130.59584045410156,218.42526245117188,42.76872634887695,125.8974380493164,45.25699996948242,60.59626007080078
2021-09-07,72.87808990478516,47.36143112182617,421.94842529296875,155.91770935058594,45.636837005615234,129.2705841064453,217.48367309570312,42.752498626708984,124.6551742553711,45.63349533081055,60.452911376953125
2021-09-08,72.9966812133789,47.410911560058594,421.43438720703125,155.02685546875,45.302894592285156,129.09152221679688,216.9709014892578,42.817440032958984,124.57527923583984,44.95750045776367,60.54345703125
2021-09-09,73.25931549072266,47.55110549926758,419.6305236816406,154.7569122314453,45.251522064208984,128.930419921875,216.2157745361328,42.86614990234375,123.9629898071289,45.01741027832031,60.6188850402832
2021-09-10,73.08138275146484,47.43565368652344,416.32183837890625,153.07420349121094,45.12309646606445,127.89168548583984,214.5003662109375,42.83366775512695,123.16438293457031,44.948944091796875,60.3548698425293
2021-09-13,73.1915054321289,47.4521484375,417.3874206542969,154.5319366455078,45.465576171875,128.66175842285156,214.9851531982422,42.82555389404297,123.98075103759766,45.094425201416016,60.54345703125
2021-09-14,73.3694076538086,47.509883880615234,415.1349792480469,152.5252685546875,45.26866149902344,127.40814208984375,213.68923950195312,42.80119705200195,122.59650421142578,44.675132751464844,60.649070739746094
2021-09-15,73.30162048339844,47.410911560058594,418.6024169921875,154.51393127441406,45.448463439941406,128.4737091064453,215.45132446289062,42.82555389404297,123.83876037597656,44.658016204833984,60.68678283691406
2021-09-16,73.16612243652344,47.33668518066406,417.9388732910156,153.99203491210938,45.320030212402344,128.23194885253906,215.25552368164062,42.80931091308594,123.3152847290039,44.19595718383789,60.43031311035156
2021-09-17,73.07289123535156,47.28721237182617,413.8676452636719,153.0382080078125,44.75491714477539,126.85296630859375,213.5308074951172,42.752498626708984,122.48112487792969,44.024818420410156,60.27940368652344
2021-09-20,73.2762222290039,47.419151306152344,406.96673583984375,150.3115997314453,43.903995513916016,124.81146240234375,209.82958984375,42.7281379699707,120.6532211303711,42.82697296142578,59.977699279785156
2021-09-21,73.25931549072266,47.3944206237793,406.58233642578125,149.84371948242188,44.28218078613281,124.3458480834961,209.81094360351562,42.72000503540039,120.34260559082031,43.172428131103516,60.068241119384766
2021-09-22,73.33555603027344,47.42740249633789,410.5484619140625,152.0393524169922,44.5228385925293,125.84117126464844,211.92726135253906,42.63882064819336,121.35419464111328,43.79423141479492,60.1285514831543
2021-09-23,72.94586181640625,47.23772048950195,415.53668212890625,154.8828887939453,45.0643424987793,127.6767807006836,214.5096435546875,42.646942138671875,123.0046615600586,44.00149917602539,59.73631286621094
2021-09-24,72.79337310791016,47.12225341796875,416.22113037109375,154.90274047851562,44.651771545410156,127.770263671875,214.7659149169922,42.63882064819336,123.16175842285156,43.51787185668945,59.38932418823242
2021-09-27,72.70867156982422,47.097530364990234,415.0303039550781,157.41403198242188,44.651771545410156,128.67832946777344,214.29832458496094,42.67131042480469,123.68838500976562,43.75104522705078,59.276180267333984
2021-09-28,72.39521026611328,46.998573303222656,406.6666564941406,155.4447479248047,43.663333892822266,127.2398910522461,209.80923461914062,42.679412841796875,122.33171081542969,43.241519927978516,58.95933532714844
2021-09-29,72.40369415283203,47.031551361083984,407.3511657714844,155.68865966796875,43.52580642700195,127.7433090209961,209.94952392578125,42.69565963745117,122.8315200805664,42.896060943603516,59.01966857910156
2021-09-30,72.38675689697266,46.97382354736328,402.3724365234375,152.8973846435547,43.396888732910156,125.51371765136719,207.6768798828125,42.68754196166992,120.82329559326172,43.189693450927734,59.0649528503418
2021-10-01,72.63278198242188,47.054691314697266,407.1542053222656,155.76992797851562,43.52580642700195,127.30278778076172,210.53871154785156,42.76514434814453,122.24246215820312,43.21560287475586,59.02256774902344
2021-10-04,72.58189392089844,46.9969482421875,401.9035949707031,155.55316162109375,43.1218376159668,127.11396789550781,207.36830139160156,42.781654357910156,121.7694091796875,42.619712829589844,58.734893798828125
2021-10-05,72.4037094116211,46.848388671875,406.0853576660156,156.0500030517578,43.371089935302734,127.89610290527344,209.30418395996094,42.84770584106445,122.76011657714844,43.025604248046875,58.840885162353516
2021-10-06,72.43762969970703,46.91440200805664,407.7731018066406,155.4447479248047,43.05307388305664,127.9051284790039,210.1739501953125,42.806419372558594,122.98326873779297,42.861515045166016,58.70464324951172
2021-10-07,72.23402404785156,46.831878662109375,411.2985534667969,157.3326873779297,43.4140739440918,128.903076171875,212.19403076171875,42.8311882019043,123.97396850585938,43.6992301940918,58.77276611328125
2021-10-08,72.0558853149414,46.75763702392578,410.5484619140625,156.9984893798828,43.42266845703125,128.65135192871094,211.7264404296875,42.8311882019043,124.09893035888672,43.86332321166992,58.56837463378906
2021-10-11,71.9455795288086,46.69984817504883,407.57623291015625,156.1945343017578,43.293739318847656,128.11192321777344,210.2020263671875,42.8311882019043,123.16175842285156,43.74241638183594,58.409400939941406
2021-10-12,72.2086181640625,46.683353424072266,406.57293701171875,156.73651123046875,43.27654266357422,128.30967712402344,210.05239868164062,42.79817199707031,122.79580688476562,43.62150192260742,58.5078010559082
2021-10-13,72.4037094116211,46.85665512084961,408.0356140136719,156.8720245361328,43.75787353515625,128.39060974121094,211.00631713867188,42.84770584106445,122.9296875,44.191497802734375,58.961997985839844
2021-10-14,72.531005859375,47.005191802978516,414.89910888671875,159.22972106933594,44.23061752319336,130.61119079589844,214.51341247558594,42.880733489990234,124.88436126708984,44.260581970214844,59.143672943115234
2021-10-15,72.3528060913086,46.90616989135742,418.058837890625,159.28390502929688,44.583011627197266,130.7010955810547,215.78533935546875,42.86421585083008,125.74120330810547,44.73558044433594,59.07552719116211
2021-10-18,72.3104248046875,46.78236770629883,419.2965087890625,159.57290649414062,44.419708251953125,130.76405334472656,216.5709228515625,42.79817199707031,125.2949447631836,44.67512512207031,58.93928146362305
2021-10-19,72.10675811767578,46.741119384765625,422.5312805175781,159.7626953125,44.72913360595703,131.3214569091797,218.15145874023438,42.8311882019043,126.4106216430664,45.18465805053711,58.91657638549805
2021-10-20,72.02191162109375,46.73286437988281,424.19097900390625,161.44284057617188,44.88384246826172,132.80487060546875,219.00250244140625,42.91374969482422,127.68694305419922,45.19330596923828,58.92414474487305
2021-10-21,71.92013549804688,46.65858459472656,425.2973327636719,161.17184448242188,44.66036605834961,132.22048950195312,219.60107421875,42.96329116821289,127.40135192871094,44.8305778503418,58.68947219848633
2021-10-22,72.07280731201172,46.75763702392578,424.8565979003906,161.56930541992188,44.86665344238281,132.5980682373047,219.18019104003906,42.979793548583984,127.8832778930664,44.71830749511719,58.88630676269531
2021-10-25,72.10675811767578,46.78236770629883,427.1350402832031,162.71656799316406,44.83226013183594,132.74192810058594,220.52696228027344,43.070613861083984,128.08856201171875,44.88239669799805,58.96958923339844
2021-10-26,72.25101470947266,46.80712127685547,427.51953125,161.38868713378906,44.9182243347168,132.14857482910156,220.44277954101562,43.08711242675781,128.1332244873047,44.58012390136719,59.090675354003906
2021-10-27,72.5140380859375,47.02167510986328,425.62548828125,157.9740753173828,44.677555084228516,130.13473510742188,218.93702697753906,43.1036376953125,126.43739318847656,44.346946716308594,59.363216400146484
2021-10-28,72.42068481445312,46.91440200805664,429.7322692871094,160.48536682128906,45.13310241699219,131.73500061035156,221.27513122558594,42.979793548583984,127.59766387939453,44.30377197265625,59.26478576660156
2021-10-29,72.43762969970703,46.76586151123047,430.6042785644531,159.86203002929688,44.797889709472656,130.98876953125,221.56504821777344,42.9880485534668,127.40135192871094,43.75104522705078,59.045265197753906
2021-11-01,72.381591796875,46.756771087646484,431.3449401855469,163.276611328125,45.219051361083984,132.17556762695312,222.66860961914062,42.930259704589844,127.86549377441406,44.174224853515625,58.93360900878906
2021-11-02,72.51753234863281,46.93020248413086,433.0889587402344,163.62892150878906,45.115909576416016,132.60708618164062,223.36070251464844,42.97154235839844,128.47239685058594,43.707862854003906,59.01716232299805
2021-11-03,72.39008331298828,46.880672454833984,435.7331848144531,166.06787109375,45.42533493041992,133.57803344726562,224.9412078857422,42.979793548583984,129.15963745117188,44.027400970458984,58.87285232543945
2021-11-04,72.72148895263672,47.062320709228516,437.7864990234375,165.10133361816406,45.390953063964844,132.72396850585938,225.79226684570312,43.070613861083984,128.64195251464844,43.932411193847656,59.282981872558594
2021-11-05,72.94245147705078,47.25226974487305,439.3053894042969,167.67579650878906,45.48550796508789,134.23431396484375,226.6620330810547,43.08711242675781,129.31141662597656,43.949684143066406,59.7387580871582
2021-11-08,72.78096771240234,47.10363006591797,439.68048095703125,167.76612854003906,45.51128387451172,134.41412353515625,227.03614807128906,43.11189270019531,129.55235290527344,44.40739822387695,59.75393295288086
2021-11-09,72.98491668701172,47.31832504272461,438.2271728515625,167.41384887695312,45.3995475769043,134.67486572265625,226.3814239501953,43.1944465637207,129.4899139404297,44.30377197265625,59.79949951171875
2021-11-10,72.49201965332031,47.07061004638672,434.7016906738281,165.73365783691406,44.82368087768555,134.03652954101562,224.1555938720703,43.210960388183594,129.27569580078125,44.182857513427734,59.03235626220703
2021-11-11,72.373046875,47.0045166015625,434.84234619140625,166.87185668945312,44.97838592529297,134.728759765625,224.42681884765625,43.210960388183594,129.36492919921875,44.942848205566406,58.94123840332031
2021-11-12,72.381591796875,47.078857421875,438.12408447265625,167.08865356445312,45.28781509399414,135.08839416503906,226.09153747558594,43.26874542236328,129.70408630371094,44.977394104003906,59.03235626220703
2021-11-15,72.08415985107422,47.021060943603516,438.2740783691406,167.60354614257812,45.21045684814453,135.4749755859375,226.09153747558594,43.34305191040039,129.7755126953125,44.89102554321289,58.964012145996094
2021-11-16,72.03316497802734,46.95497512817383,440.00860595703125,167.35968017578125,45.10731887817383,135.4749755859375,227.064208984375,43.39259338378906,129.561279296875,44.87376022338867,58.84247970581055
2021-11-17,72.18611145019531,47.02931213378906,438.93975830078125,165.85108947753906,44.99557113647461,134.6658477783203,226.12893676757812,43.433868408203125,128.98114013671875,44.70967483520508,58.93360900878906
2021-11-18,72.2711181640625,47.07061004638672,440.4305419921875,165.69752502441406,45.029964447021484,134.117431640625,226.48435974121094,43.34305191040039,128.4991455078125,44.174224853515625,59.07788848876953
2021-11-19,72.42405700683594,47.25226974487305,439.6429443359375,164.017333984375,44.6861457824707,133.2723388671875,225.83901977539062,43.235721588134766,127.26741790771484,44.09649658203125,59.07788848876953
2021-11-22,72.06718444824219,47.10363006591797,438.40533447265625,165.1826629638672,44.445491790771484,134.09947204589844,224.7541961669922,43.11189270019531,128.0350341796875,43.63877868652344,58.56142807006836
2021-11-23,71.77825927734375,46.85588455200195,438.9866638183594,165.7156219482422,44.36813735961914,134.98951721191406,224.8289794921875,43.1449089050293,129.1328887939453,43.68196105957031,58.15129089355469
2021-11-24,71.94820404052734,46.9136962890625,440.1586608886719,165.39944458007812,44.13605880737305,135.07940673828125,225.5865020751953,43.20269775390625,129.0703887939453,43.6301383972168,58.265201568603516
2021-11-26,72.45806884765625,47.194461822509766,430.3417663574219,159.57290649414062,42.932743072509766,131.29449462890625,220.70465087890625,43.1944465637207,126.35706329345703,42.35198211669922,57.61958312988281
2021-11-29,72.44957733154297,47.12015151977539,435.6205749511719,159.4013671875,43.1390266418457,131.82489013671875,222.78085327148438,43.1944465637207,126.63375091552734,42.41244125366211,58.090511322021484
2021-11-30,72.58551025390625,47.26052474975586,427.1444396972656,155.02919006347656,42.717857360839844,128.04898071289062,218.32911682128906,43.029327392578125,123.52767181396484,42.48152542114258,58.128475189208984
2021-12-01,72.63231658935547,47.305137634277344,422.40008544921875,152.4095458984375,42.49439239501953,126.28690338134766,215.2522430419922,42.95502471923828,122.78687286376953,42.455623626708984,58.5218391418457
2021-12-02,72.64081573486328,47.32993698120117,428.86962890625,157.03457641601562,43.08745574951172,129.83804321289062,218.75001525878906,42.979793548583984,125.17890930175781,42.956520080566406,58.8648567199707
2021-12-03,72.92168426513672,47.404296875,425.1379089355469,155.21893310546875,42.872581481933594,129.514404296875,216.21556091308594,43.037593841552734,125.1164321899414,42.360618591308594,58.90298080444336
2021-12-06,72.72594451904297,47.37950897216797,430.1730041503906,158.498046875,43.28514862060547,131.4922637939453,218.9931640625,43.037593841552734,126.80332946777344,42.63698196411133,59.05546188354492
2021-12-07,72.56427001953125,47.272090911865234,439.0710144042969,160.9912109375,44.21342086791992,133.3892364501953,223.67868041992188,43.095375061035156,128.20465087890625,43.258792877197266,59.26888656616211
2021-12-08,72.34296417236328,47.222530364990234,440.2336730957031,161.50607299804688,44.27357864379883,133.67689514160156,224.64193725585938,43.13665771484375,128.01718139648438,43.51787185668945,59.16215133666992
2021-12-09,72.37699127197266,47.3547248840332,437.26141357421875,159.4013671875,43.88680648803711,132.70599365234375,222.5002899169922,43.02107620239258,127.79402160644531,43.30195236206055,59.15456771850586
2021-12-10,72.40254211425781,47.3547248840332,441.3775329589844,159.64523315429688,43.94696807861328,133.28131103515625,224.01535034179688,43.02107620239258,128.8651123046875,43.37968826293945,59.16215133666992
2021-12-13,72.6493148803711,47.4621467590332,437.4676513671875,157.2152862548828,43.50001907348633,132.0676727294922,221.97654724121094,42.99631118774414,128.32958984375,42.7147102355957,59.42133712768555
2021-12-14,72.53018188476562,47.44561004638672,434.4579162597656,156.85397338867188,43.27654266357422,131.4922637939453,220.31185913085938,42.91374969482422,128.3741912841797,42.619712829589844,59.31462478637695
2021-12-15,72.43659973144531,47.37125778198242,441.2463684082031,158.14573669433594,43.809452056884766,132.60708618164062,223.70675659179688,42.979793548583984,129.57913208007812,42.4642448425293,59.093536376953125
2021-12-16,72.53018188476562,47.296878814697266,437.35516357421875,156.9442596435547,43.81804275512695,132.81385803222656,221.2003173828125,43.04585266113281,130.48062133789062,42.57651901245117,59.16215133666992
2021-12-17,72.6578598022461,47.42909240722656,432.700439453125,156.2577667236328,43.310935974121094,131.4563446044922,220.19027709960938,42.99631118774414,128.55270385742188,42.28289031982422,59.0859489440918
2021-12-20,72.53871154785156,47.38777160644531,428.099365234375,153.3128662109375,43.100582122802734,129.47845458984375,217.09463500976562,43.00456237792969,127.29419708251953,41.69681930541992,58.85725021362305
2021-12-21,72.46207427978516,47.14815902709961,435.70196533203125,157.69407653808594,43.6417350769043,131.7439727783203,221.34996032714844,42.99631118774414,128.7758331298828,42.40324783325195,58.941104888916016
2021-12-22,72.53871154785156,47.18120193481445,440.0584411621094,159.25682067871094,44.08688735961914,132.46319580078125,223.53839111328125,43.06235122680664,129.5166473388672,42.638729095458984,59.03258514404297
2021-12-23,72.42855072021484,47.077449798583984,442.7966003417969,160.44015502929688,44.357460021972656,133.20042419433594,225.08152770996094,43.043846130371094,130.2842559814453,42.891639709472656,59.12663269042969
2021-12-27,72.46270751953125,47.06895446777344,449.0630187988281,162.34259033203125,44.69786071777344,134.8516082763672,228.03709411621094,43.08590316772461,131.6340789794922,43.031192779541016,59.25666046142578
2021-12-28,72.45417785644531,47.051937103271484,448.6961364746094,162.4699249267578,44.69786071777344,135.28565979003906,227.56781005859375,43.11112976074219,131.9663848876953,42.882911682128906,59.31784439086914
2021-12-29,72.2151107788086,46.86486053466797,449.2700500488281,163.00643920898438,44.68914031982422,135.8553009033203,227.69920349121094,43.18682098388672,132.23577880859375,42.69977569580078,59.287235260009766
2021-12-30,72.37732696533203,46.90736389160156,448.02801513671875,162.49720764160156,44.58439636230469,135.7377471923828,227.33316040039062,43.22887420654297,132.06517028808594,43.24921417236328,59.531986236572266
2021-12-31,72.36024475097656,46.90736389160156,446.89892578125,162.64266967773438,44.56694030761719,135.9366912841797,226.61044311523438,43.22887420654297,132.1190643310547,43.13584899902344,59.394325256347656
2022-01-03,71.87358093261719,46.76280212402344,449.4864807128906,163.94308471679688,44.83750915527344,135.9457244873047,228.0464630126953,43.20364761352539,132.6668701171875,43.44109344482422,58.805423736572266
2022-01-04,71.86504364013672,46.771305084228516,449.3359375,166.03468322753906,45.003360748291016,137.8989715576172,227.61476135253906,43.18682098388672,134.18466186523438,43.266658782958984,58.86661148071289
2022-01-05,71.617431640625,46.67776870727539,440.7077941894531,162.7790985107422,44.61057662963867,136.22605895996094,222.67779541015625,43.0606689453125,133.3494415283203,42.621280670166016,58.1706428527832
2022-01-06,71.54061889648438,46.57572937011719,440.2937316894531,164.11587524414062,44.36618423461914,136.8680877685547,222.62149047851562,42.95975112915039,133.5829620361328,42.86548614501953,58.124778747558594
2022-01-07,71.34423065185547,46.584224700927734,438.552978515625,163.63392639160156,44.54948043823242,137.21170043945312,221.60781860351562,42.94293212890625,134.19366455078125,43.08351135253906,57.96415710449219
2022-01-10,71.28443908691406,46.541709899902344,438.0072021484375,162.80638122558594,44.13925552368164,136.52444458007812,221.2229766845703,42.95133972167969,134.07687377929688,43.170719146728516,57.880008697509766
2022-01-11,71.42960357666016,46.558712005615234,441.9967346191406,164.37957763671875,44.6629524230957,137.6276397705078,223.4286651611328,43.10272216796875,134.99293518066406,44.00798034667969,57.918251037597656
2022-01-12,71.40398406982422,46.61824035644531,443.191650390625,164.05223083496094,45.14301681518555,137.91700744628906,223.77593994140625,42.99339294433594,135.01092529296875,44.679527282714844,57.87237548828125
2022-01-13,71.52352142333984,46.69477844238281,437.0851745605469,164.34323120117188,44.82006072998047,137.9893798828125,220.50027465820312,43.001800537109375,134.73251342773438,44.12135696411133,57.7499885559082
2022-01-14,71.13077545166016,46.57572937011719,437.2639465332031,164.4523468017578,44.715328216552734,137.79949951171875,220.5847625732422,42.95133972167969,134.54391479492188,44.20857238769531,57.29876708984375
2022-01-18,70.68679809570312,46.346107482910156,429.5200500488281,161.19677734375,44.060691833496094,135.6745147705078,216.2954559326172,42.858829498291016,132.72076416015625,43.55447769165039,56.786354064941406
2022-01-19,70.85755157470703,46.346107482910156,425.0602111816406,158.78692626953125,44.05195999145508,133.74839782714844,214.02410888671875,42.83359146118164,131.55325317382812,43.72888946533203,57.061668395996094
2022-01-20,70.93437957763672,46.47366714477539,420.3556213378906,155.6949920654297,43.772666931152344,131.84042358398438,211.5274658203125,42.84200668334961,130.40367126464844,43.9992561340332,57.35231399536133
2022-01-21,71.19905090332031,46.56721496582031,412.1037292480469,153.19422912597656,43.17040252685547,130.23085021972656,207.34144592285156,42.89246368408203,128.88589477539062,43.31026840209961,57.54348373413086
2022-01-24,71.08808898925781,46.57572937011719,413.8538818359375,155.46768188476562,42.690338134765625,131.0265655517578,208.67420959472656,42.9765625,128.99365234375,42.73466491699219,57.16876220703125
2022-01-25,70.9941177368164,46.45667266845703,408.8011169433594,154.38551330566406,42.463409423828125,130.29417419433594,205.75523376464844,42.95975112915039,128.87693786621094,42.72594451904297,57.275821685791016
2022-01-26,70.60140991210938,46.29508972167969,407.7755432128906,152.76681518554688,42.262657165527344,129.34466552734375,204.9574432373047,42.84200668334961,128.23028564453125,42.281150817871094,56.93167495727539
2022-01-27,70.83195495605469,46.39712905883789,405.7619323730469,150.611572265625,41.98334884643555,128.8111572265625,203.43695068359375,42.81678009033203,128.01475524902344,41.906131744384766,57.26818084716797
2022-01-28,70.91730499267578,46.431156158447266,415.8392028808594,152.70314025878906,42.175376892089844,130.6016082763672,208.4489288330078,42.900875091552734,129.5863800048828,41.975894927978516,57.40583038330078
2022-01-31,70.86609649658203,46.261077880859375,423.328857421875,155.46768188476562,42.84746170043945,132.2654266357422,212.8790283203125,42.94293212890625,130.7000274658203,43.31898880004883,57.42113494873047
2022-02-01,70.837890625,46.22447204589844,426.1893310546875,157.17730712890625,43.275142669677734,133.30532836914062,214.50274658203125,42.84200668334961,131.58018493652344,43.5719108581543,57.57691955566406
2022-02-02,70.94047546386719,46.25852584838867,430.3293762207031,157.27735900878906,43.6242790222168,134.23670959472656,215.92002868652344,42.89246368408203,132.7567138671875,43.4934196472168,57.82253646850586
2022-02-03,70.64116668701172,45.960628509521484,420.2144775390625,155.10391235351562,42.92601013183594,132.68136596679688,210.7860107421875,42.78312301635742,131.61614990234375,43.12712097167969,57.47713851928711
2022-02-04,70.20499420166016,45.79042434692383,422.1904296875,155.04026794433594,43.03947448730469,132.34681701660156,212.18447875976562,42.70743942260742,131.45443725585938,43.15328598022461,57.12413024902344
2022-02-07,70.26484680175781,45.6712646484375,420.83544921875,155.31307983398438,43.118038177490234,132.90744018554688,211.64952087402344,42.68220901489258,131.70591735839844,43.15328598022461,57.039695739746094
2022-02-08,70.03395080566406,45.53507614135742,424.2980651855469,157.84115600585938,43.3275146484375,134.2457733154297,213.5923309326172,42.63174819946289,132.5770721435547,43.545745849609375,56.84016036987305
2022-02-09,70.08527374267578,45.65423583984375,430.5080871582031,160.20555114746094,44.01705551147461,136.28936767578125,217.0651092529297,42.656978607177734,133.86134338378906,44.19112014770508,57.09341812133789
2022-02-10,69.44386291503906,45.3307991027832,422.77374267578125,158.3322296142578,43.50208282470703,134.1914825439453,213.3858642578125,42.55605697631836,131.95741271972656,43.946929931640625,56.37198257446289
2022-02-11,69.89712524414062,45.53507614135742,414.4372253417969,156.96812438964844,42.89982986450195,133.01597595214844,209.2467041015625,42.79153823852539,130.65518188476562,43.266658782958984,56.04963302612305
2022-02-14,69.50372314453125,45.305259704589844,413.082275390625,155.8223114013672,42.64670944213867,131.6414794921875,208.47711181640625,42.82518005371094,129.57742309570312,42.9439697265625,56.2798957824707
2022-02-15,69.35834503173828,45.29676055908203,419.7440185546875,159.3143310546875,43.35368728637695,133.63084411621094,212.18447875976562,42.74108123779297,130.88868713378906,43.9207649230957,56.39498519897461
2022-02-16,69.45243835449219,45.39037322998047,420.2144775390625,160.3419647216797,43.5369987487793,134.0648651123047,212.381591796875,42.78312301635742,131.20297241210938,44.252166748046875,56.5792121887207
2022-02-17,69.6063461303711,45.46698760986328,411.238037109375,157.26824951171875,42.87364196777344,131.81329345703125,207.55731201171875,42.87565231323242,129.41574096679688,43.676570892333984,56.35662841796875
2022-02-18,69.72608184814453,45.61167907714844,408.5753479003906,156.75897216796875,42.64670944213867,131.4606170654297,205.89601135253906,42.900875091552734,128.9218292236328,43.33643341064453,56.433380126953125
2022-02-22,69.68333435058594,45.415916442871094,404.1906433105469,154.4127960205078,42.20155715942383,130.24891662597656,203.5308074951172,42.95975112915039,127.96984100341797,42.66489028930664,55.7349739074707
2022-02-23,69.33265686035156,45.39888000488281,397.0207824707031,152.14842224121094,41.80878829956055,128.0515594482422,199.7858428955078,43.0606689453125,126.52391052246094,42.27243423461914,54.92911911010742
2022-02-24,69.48665618896484,45.43294143676758,402.9956359863281,153.4215545654297,41.26762771606445,128.42234802246094,203.28675842285156,43.19524002075195,126.14672088623047,41.4177360534668,54.50699234008789
2022-02-25,69.54644775390625,45.37336730957031,411.8873596191406,157.88661193847656,42.30630111694336,132.29254150390625,207.8107452392578,43.127960205078125,129.90972900390625,42.18521499633789,55.06724548339844
2022-02-28,70.05960845947266,45.679744720458984,410.83349609375,157.9957275390625,41.7127685546875,131.46969604492188,207.58546447753906,43.39708709716797,129.19126892089844,41.705535888671875,54.60676193237305
2022-03-01,70.42708587646484,46.18651580810547,404.5763854980469,154.52191162109375,40.89229965209961,128.5850830078125,204.3473358154297,43.64098358154297,127.25135803222656,41.13865280151367,53.69766616821289
2022-03-02,69.56197357177734,45.811767578125,412.01910400390625,158.92333984375,41.389827728271484,131.68675231933594,208.22372436523438,43.540061950683594,129.8648223876953,41.26947021484375,53.69766616821289
2022-03-03,69.87033081054688,45.67551040649414,409.9679260253906,158.23219299316406,40.73519515991211,132.01223754882812,206.63748168945312,43.43072509765625,130.19712829589844,40.6938591003418,53.58982467651367
2022-03-04,70.11872100830078,46.04170608520508,406.6369934082031,155.94961547851562,39.68778991699219,131.34304809570312,204.5725860595703,43.59052658081055,130.1611785888672,39.9263801574707,52.495849609375
2022-03-07,69.77610778808594,45.888427734375,394.649658203125,150.8025360107422,38.5181999206543,127.68990325927734,198.265380859375,43.7082633972168,127.57469177246094,38.513519287109375,52.28012466430664
2022-03-08,69.45059204101562,45.43703079223633,391.65753173828125,151.22084045410156,38.75387191772461,127.24684143066406,197.14846801757812,43.79236602783203,126.31731414794922,38.67922592163086,52.626800537109375
2022-03-09,69.26215362548828,45.27522277832031,402.158203125,154.85836791992188,40.2376823425293,129.4712677001953,202.62037658691406,43.59052658081055,128.20338439941406,39.65602493286133,53.16608810424805
2022-03-10,68.89381408691406,45.07933044433594,400.34222412109375,155.4949493408203,39.7838134765625,129.61595153808594,201.7099609375,43.68303680419922,128.1853790283203,39.0455207824707,53.142974853515625
2022-03-11,68.84244537353516,45.155975341796875,395.25189208984375,154.13088989257812,39.40848922729492,128.67556762695312,198.9692840576172,43.82600784301758,127.26931762695312,38.251888275146484,52.69614791870117
2022-03-14,68.20858764648438,44.8153076171875,392.36328125,153.15785217285156,39.66161346435547,128.53988647460938,197.00765991210938,43.62416076660156,127.44895935058594,37.33613967895508,52.47272872924805
2022-03-15,68.3199234008789,44.849369049072266,400.9914855957031,154.94932556152344,40.0107421875,130.11331176757812,201.11863708496094,43.52323532104492,128.93980407714844,37.318702697753906,52.81940460205078
2022-03-16,68.42271423339844,44.85788345336914,409.8831481933594,158.46864318847656,41.3636360168457,131.98509216308594,206.14939880371094,43.32979965209961,130.421630859375,40.2229118347168,53.68228530883789
2022-03-17,68.48268127441406,44.926025390625,415.0111389160156,160.06004333496094,41.738948822021484,133.5223388671875,208.90887451171875,43.66621780395508,132.07418823242188,39.9263801574707,53.92108917236328
2022-03-18,68.67970275878906,44.9941520690918,419.55670166015625,160.8784637451172,42.09681701660156,134.00161743164062,211.34915161132812,43.58210372924805,132.3076629638672,40.5543212890625,53.78242111206055
2022-03-21,67.97727966308594,44.79827117919922,419.4340515136719,160.7147979736328,41.872108459472656,134.1734161376953,211.15208435058594,43.472782135009766,132.8105926513672,40.041770935058594,52.88103485107422
2022-03-22,67.80598449707031,44.64497375488281,424.3419494628906,161.5332489013672,42.25680923461914,134.83352661132812,213.74253845214844,43.38867950439453,133.5380401611328,40.662784576416016,52.84251022338867
2022-03-23,68.11434936523438,44.721622467041016,418.8771667480469,159.3758544921875,41.723472595214844,133.74884033203125,210.83139038085938,43.62416076660156,132.28477478027344,40.382877349853516,52.942657470703125
2022-03-24,68.0286865234375,44.65350341796875,425.19134521484375,160.8360137939453,42.055721282958984,135.0479278564453,213.83477783203125,43.540061950683594,133.5488739013672,40.62779235839844,53.050533294677734
2022-03-25,67.42909240722656,44.483158111572266,427.26788330078125,162.5881805419922,42.116920471191406,136.64674377441406,214.748046875,43.38867950439453,134.93934631347656,40.31291580200195,52.911865234375
2022-03-28,67.62610626220703,44.45759963989258,430.3070983886719,161.95852661132812,41.985774993896484,136.59226989746094,216.14146423339844,43.270931243896484,134.76779174804688,40.444114685058594,53.50508117675781
2022-03-29,67.9258804321289,44.38947677612305,435.63031005859375,165.0704803466797,42.80765151977539,138.41818237304688,219.41793823242188,43.127960205078125,135.61654663085938,41.065128326416016,54.02895736694336
2022-03-30,68.08007049560547,44.37244415283203,432.9404296875,162.67947387695312,42.6502685546875,137.70960998535156,217.6384735107422,43.22046661376953,135.4088592529297,41.01264190673828,53.82095718383789
2022-03-31,68.13148498535156,44.66200637817383,426.2768859863281,160.56224060058594,41.99451446533203,135.96542358398438,214.3526153564453,43.06907653808594,133.43150329589844,40.347900390625,53.82095718383789
2022-04-01,67.9837875366211,44.59209442138672,427.4849853515625,161.58433532714844,42.361732482910156,136.5831756591797,215.20938110351562,42.913700103759766,133.9552001953125,41.117591857910156,54.08156204223633
2022-04-04,68.03531646728516,44.694393157958984,431.14715576171875,160.97291564941406,42.54535675048828,136.14707946777344,217.03590393066406,42.92219161987305,133.60304260253906,41.83481979370117,54.22849655151367
2022-04-05,67.34833526611328,44.310855865478516,425.701171875,158.12559509277344,42.03824234008789,135.20233154296875,213.86302185058594,42.837284088134766,132.91685485839844,41.10011291503906,53.40098571777344
2022-04-06,67.14226531982422,44.20858383178711,421.4444580078125,156.8206024169922,41.49614715576172,134.99342346191406,211.4056854248047,42.786338806152344,133.38633728027344,40.64528274536133,53.2927360534668
2022-04-07,67.0048599243164,44.14040756225586,423.5680847167969,156.40992736816406,41.53984832763672,134.9842987060547,212.2059783935547,42.837284088134766,134.09967041015625,40.347900390625,53.0529670715332
2022-04-08,66.64420318603516,44.05517578125,422.43548583984375,156.70193481445312,41.53112030029297,135.90187072753906,211.5469512939453,42.90520477294922,135.04769897460938,40.4266242980957,52.534847259521484
2022-04-11,66.33506774902344,43.782432556152344,415.2150573730469,156.20004272460938,41.093955993652344,134.95706176757812,208.2422332763672,42.93916320800781,133.8197479248047,39.919315338134766,51.99348831176758
2022-04-12,66.54974365234375,43.89323806762695,413.67657470703125,156.3916778564453,40.822898864746094,134.84805297851562,207.60202026367188,42.99860763549805,133.4947052001953,39.761878967285156,52.12495040893555
2022-04-13,66.62702178955078,43.90174102783203,418.4147033691406,158.99256896972656,41.30378341674805,136.19253540039062,210.32298278808594,42.9901237487793,134.162841796875,40.19046401977539,52.264156341552734
2022-04-14,66.17193603515625,43.765380859375,413.20465087890625,158.4085235595703,41.102691650390625,135.65658569335938,207.76205444335938,43.015586853027344,133.67529296875,39.753135681152344,51.81560134887695
2022-04-18,65.95722961425781,43.74833679199219,413.37457275390625,158.2259979248047,40.927825927734375,135.7655487060547,207.40432739257812,43.007102966308594,133.62109375,39.586944580078125,51.77693176269531
2022-04-19,65.54505157470703,43.663108825683594,420.0474853515625,161.38360595703125,41.1114387512207,137.76412963867188,211.0573272705078,42.913700103759766,135.0386505126953,39.38578414916992,51.62997817993164
2022-04-20,65.95722961425781,43.73131561279297,419.7360534667969,162.66122436523438,41.41745376586914,139.1449432373047,210.78433227539062,42.99860763549805,136.15826416015625,39.13213348388672,51.90066909790039
2022-04-21,65.60517883300781,43.569366455078125,413.4595642089844,159.74090576171875,40.927825927734375,137.6914825439453,207.33839416503906,43.100494384765625,134.71360778808594,38.42366027832031,51.43666076660156
2022-04-22,65.51929473876953,43.492652893066406,402.114501953125,155.5155792236328,40.17588806152344,134.0486297607422,201.68939208984375,43.058040618896484,131.19229125976562,38.11753463745117,50.949440002441406
2022-04-25,65.93147277832031,43.663108825683594,404.44580078125,155.8715057373047,39.93982696533203,133.57626342773438,202.79092407226562,43.032569885253906,131.1742401123047,37.72393035888672,51.46757125854492
2022-04-26,66.10323333740234,43.73983383178711,392.73272705078125,151.81044006347656,38.85563659667969,131.13255310058594,197.0101318359375,43.08351516723633,128.88990783691406,36.96297836303711,51.2587776184082
2022-04-27,65.89714813232422,43.611976623535156,393.8370056152344,151.78306579589844,39.03050994873047,131.5322723388672,197.3960723876953,43.100494384765625,129.0885009765625,37.47903060913086,51.00355911254883
2022-04-28,65.87138366699219,43.509708404541016,403.7851257324219,154.64859008789062,39.64255142211914,133.21287536621094,202.20721435546875,43.202388763427734,130.97561645507812,37.968833923339844,51.142765045166016
2022-04-29,65.42486572265625,43.32220458984375,388.8629150390625,150.3867950439453,39.144168853759766,129.26116943359375,194.77870178222656,43.024078369140625,127.0389175415039,37.995079040527344,50.31526565551758
2022-05-02,65.0902099609375,43.20961380004883,391.2037048339844,150.9617156982422,39.01302719116211,129.3247528076172,196.24746704101562,42.811798095703125,127.09310913085938,37.91635513305664,50.02328109741211
2022-05-03,65.2450180053711,43.269317626953125,392.9970397949219,153.29794311523438,39.32778549194336,130.76011657714844,197.1795654296875,42.837284088134766,128.1765899658203,38.20499038696289,50.279537200927734
2022-05-04,65.66658020019531,43.3546142578125,404.96490478515625,157.41378784179688,40.00101852416992,134.3574676513672,202.96041870117188,43.015586853027344,131.59860229492188,38.58110046386719,51.05607223510742
2022-05-05,65.01274108886719,43.12432098388672,390.5712890625,152.38539123535156,38.7244873046875,130.63294982910156,195.4754180908203,42.84577560424805,128.72731018066406,37.181640625,50.388267517089844
2022-05-06,64.73746490478516,42.87696075439453,388.2400207519531,150.79747009277344,38.37474822998047,130.18777465820312,193.90309143066406,42.90520477294922,128.66415405273438,36.67434310913086,49.75151824951172
2022-05-09,65.02997589111328,42.96227264404297,375.8097229003906,145.81468200683594,37.185646057128906,126.57221984863281,187.03013610839844,42.80331039428711,125.63040924072266,35.68598556518555,49.324440002441406
2022-05-10,65.2192153930664,43.20961380004883,376.677978515625,144.6830596923828,37.369266510009766,125.89995574951172,187.40667724609375,42.65896987915039,125.25118255615234,35.83466720581055,49.53410339355469
2022-05-11,65.4428939819336,43.3546142578125,370.6940002441406,142.428955078125,37.176910400390625,124.99153900146484,184.0172882080078,42.837284088134766,124.610107421875,35.581024169921875,49.69716262817383
2022-05-12,65.57197570800781,43.499610900878906,370.3070373535156,143.4419403076172,37.03702163696289,125.20956420898438,184.2150421142578,42.8203010559082,124.82679748535156,35.40609359741211,49.72821807861328
2022-05-13,65.33104705810547,43.36314010620117,379.1602783203125,146.95542907714844,38.077476501464844,127.74406433105469,189.14849853515625,42.97313690185547,126.48815155029297,36.28075408935547,49.774810791015625
2022-05-16,65.43431854248047,43.42283630371094,377.62176513671875,146.89154052734375,38.129940032958984,127.73499298095703,188.21646118164062,43.058040618896484,126.90350341796875,36.202030181884766,49.464202880859375
2022-05-17,65.04718017578125,43.166961669921875,385.3896789550781,151.35414123535156,38.864383697509766,130.51480102539062,192.2366485595703,42.956153869628906,128.91697692871094,37.03295135498047,49.720455169677734
2022-05-18,65.32244110107422,43.25224685668945,369.85400390625,145.9789581298828,37.937583923339844,125.75459289550781,184.7140350341797,43.04106140136719,124.62816619873047,36.22826385498047,49.40208435058594
2022-05-19,65.46009063720703,43.24372100830078,367.5887756347656,145.31272888183594,38.33102798461914,125.27311706542969,183.89491271972656,43.04106140136719,123.52661895751953,36.75306701660156,49.603965759277344
2022-05-20,65.65797424316406,43.26079177856445,367.749267578125,144.71043395996094,38.549625396728516,125.01876831054688,183.89491271972656,43.058040618896484,123.77041625976562,36.893009185791016,49.930118560791016
2022-05-23,65.42570495605469,43.15842819213867,374.62982177734375,146.78204345703125,39.21411895751953,126.98098754882812,187.03956604003906,43.024078369140625,125.99156951904297,37.15541076660156,50.03105926513672
2022-05-24,65.9590835571289,43.23520278930664,371.77001953125,145.4040069580078,39.074222564697266,126.53585052490234,185.16590881347656,43.10899353027344,126.51522827148438,36.490665435791016,50.44261932373047
2022-05-25,66.22579956054688,43.36314010620117,375.05462646484375,148.31520080566406,39.05674743652344,128.1529083251953,187.2278289794922,43.159942626953125,127.39105987548828,36.691829681396484,50.78428268432617
2022-05-26,66.15697479248047,43.27785110473633,382.54864501953125,151.5731658935547,39.485172271728516,130.60568237304688,191.05975341796875,43.29580307006836,129.0885009765625,37.24287414550781,50.9240608215332
2022-05-27,66.3462142944336,43.3546142578125,391.93994140625,154.71246337890625,39.974788665771484,133.2310333251953,195.8991241455078,43.35523223876953,131.1471405029297,37.64521408081055,51.13371658325195
2022-05-31,65.96769714355469,43.03049850463867,389.7408142089844,153.18846130371094,39.79117965698242,132.1045684814453,194.2891387939453,43.25334167480469,130.0997772216797,38.170005798339844,50.86969757080078
2022-06-01,65.67288970947266,42.92123031616211,386.5882873535156,152.33062744140625,39.43270492553711,130.91452026367188,193.0086669921875,43.11747741699219,129.07948303222656,37.91635513305664,50.75041961669922
2022-06-02,65.73324584960938,42.818782806396484,393.95025634765625,154.9954071044922,40.26332092285156,132.27720642089844,196.94415283203125,43.210880279541016,130.1719970703125,38.598594665527344,51.15581512451172
2022-06-03,65.6384048461914,42.69926834106445,387.48492431640625,153.65386962890625,39.64255142211914,130.9326934814453,193.79954528808594,43.26183319091797,129.0975341796875,37.995079040527344,50.820594787597656
2022-06-06,65.25054931640625,42.58830261230469,388.66473388671875,154.80374145507812,39.79117965698242,131.2324676513672,194.37388610839844,43.19389724731445,129.34133911132812,38.20499038696289,50.196922302246094
2022-06-07,65.4746322631836,42.66512680053711,392.3929443359375,156.59242248535156,39.887367248535156,132.785888671875,196.48284912109375,43.21937942504883,130.80406188964844,38.39741897583008,50.4931640625
2022-06-08,65.20744323730469,42.47732162475586,388.1268005371094,153.79075622558594,39.38898849487305,130.6692352294922,194.2797088623047,43.22785949707031,129.0975341796875,38.537357330322266,49.99423599243164
2022-06-09,65.12122344970703,42.22976303100586,378.89599609375,150.4597930908203,38.56711196899414,127.67140197753906,189.62867736816406,43.24484634399414,126.33464050292969,37.70643615722656,49.62004089355469
2022-06-10,64.56958770751953,41.990745544433594,367.9096984863281,146.4261016845703,37.6752815246582,124.31017303466797,183.9984893798828,43.202388763427734,123.64398956298828,37.409061431884766,48.84047317504883
2022-06-13,63.52661895751953,41.376136779785156,353.9407653808594,139.55426025390625,36.38999938964844,119.01403045654297,176.48524475097656,42.92219161987305,119.55381774902344,36.19328689575195,47.460609436035156
2022-06-14,63.181846618652344,41.2736930847168,352.874267578125,139.02493286132812,36.0577507019043,118.37812805175781,175.9862823486328,42.49763107299805,118.714111328125,36.718074798583984,47.382652282714844
2022-06-15,63.9058837890625,41.75172805786133,357.90496826171875,140.51248168945312,36.69602966308594,118.98678588867188,178.54718017578125,42.77783966064453,119.3281021118164,37.26036071777344,48.76250457763672
2022-06-16,64.0438003540039,41.487091064453125,346.0596923828125,133.85055541992188,35.81293869018555,114.64445495605469,172.3143768310547,42.709903717041016,116.09571075439453,36.09706497192383,47.76464080810547
2022-06-17,64.0782699584961,41.674896240234375,346.8057861328125,134.56234741210938,35.690528869628906,114.73531341552734,172.9640655517578,42.64198684692383,115.58104705810547,36.25450134277344,47.998512268066406
2022-06-21,63.785213470458984,41.376136779785156,355.5361022949219,136.6065673828125,36.2397575378418,116.66119384765625,177.15374755859375,42.59104537963867,118.39811706542969,36.832550048828125,47.90496826171875
2022-06-22,64.31101989746094,41.64929962158203,354.8915100097656,136.01333618164062,35.90312576293945,116.55216979980469,177.12547302246094,42.667449951171875,118.11822509765625,36.224544525146484,47.951744079589844
2022-06-23,64.62129974365234,42.059059143066406,358.3703308105469,136.19859313964844,35.770259857177734,116.76390075683594,178.7314910888672,42.73539352416992,118.46806335449219,36.40078353881836,48.25578689575195
2022-06-24,64.50064849853516,42.01636505126953,369.76434326171875,140.8568572998047,36.833274841308594,120.42333984375,184.507080078125,42.837284088134766,121.52129364013672,37.17620086669922,48.33374786376953
2022-06-27,64.19033813476562,41.768802642822266,368.3519287109375,141.50790405273438,36.76240539550781,120.84309387207031,183.93992614746094,42.68444061279297,121.82119750976562,37.20264434814453,47.834808349609375
2022-06-28,64.22481536865234,41.717586517333984,360.8254699707031,139.96737670898438,36.56751251220703,119.63851928710938,180.14938354492188,42.63349151611328,120.7125473022461,36.95591354370117,47.57754898071289
2022-06-29,64.59544372558594,42.00782012939453,360.5316467285156,138.4176788330078,36.34606170654297,118.92669677734375,179.84689331054688,42.574058532714844,120.25822448730469,36.85898971557617,47.6555061340332
2022-06-30,64.87128448486328,42.289520263671875,357.6025390625,137.3815155029297,36.142311096191406,118.1966552734375,178.29666137695312,42.557071685791016,119.84022521972656,36.700374603271484,47.78803634643555
2022-07-01,65.3886489868164,42.55695343017578,361.3847351074219,139.3254852294922,36.2220344543457,119.75714111328125,180.177734375,42.905723571777344,121.04881286621094,36.48008346557617,48.40425491333008
2022-07-05,65.5008773803711,42.497154235839844,362.06719970703125,138.5735626220703,35.44249725341797,118.72593688964844,180.82052612304688,42.73355484008789,119.7129898071289,36.18929672241211,48.059715270996094
2022-07-06,65.10360717773438,42.505699157714844,363.2900390625,137.48236083984375,35.44249725341797,118.70767974853516,181.1797332763672,42.535552978515625,119.822021484375,35.94257354736328,47.72304916381836
2022-07-07,64.92222595214844,42.394615173339844,368.7310791015625,140.15078735351562,36.01829528808594,120.14043426513672,184.16677856445312,42.51832962036133,121.04881286621094,36.69156265258789,47.88747024536133
2022-07-08,64.7063217163086,42.36045455932617,368.42779541015625,139.59141540527344,36.106876373291016,119.68412780761719,183.9777374267578,42.56998062133789,120.93974304199219,36.60344314575195,47.74654006958008
2022-07-11,64.9481430053711,42.48005676269531,364.21905517578125,138.1976318359375,35.5045166015625,118.9905776977539,181.65235900878906,42.56998062133789,120.24913024902344,35.69584655761719,47.3785285949707
2022-07-12,65.06043243408203,42.62531280517578,360.9961242675781,138.2342987060547,35.469085693359375,119.03620147705078,180.08322143554688,42.44947052001953,119.6584701538086,35.56367492675781,47.174949645996094
2022-07-13,65.2676773071289,42.66801834106445,359.1002197265625,137.7024383544922,35.42477798461914,118.31526184082031,179.2986602783203,42.458072662353516,118.83155059814453,35.457942962646484,47.1044921875
2022-07-14,65.06043243408203,42.744903564453125,358.2281494140625,136.00607299804688,34.902137756347656,117.02854919433594,178.50460815429688,42.4666862487793,117.81378936767578,35.22002029418945,46.43894577026367
2022-07-15,65.29360961914062,42.82182312011719,365.0721435546875,138.6927947998047,35.433631896972656,119.21869659423828,181.97373962402344,42.58720779418945,120.18550872802734,35.343387603759766,46.86175537109375
2022-07-18,65.09495544433594,42.64238357543945,362.0578308105469,138.83035278320312,35.65509796142578,118.87193298339844,180.71653747558594,42.6646842956543,119.26771545410156,35.51080322265625,46.88526153564453
2022-07-19,65.04315948486328,42.616764068603516,371.8403015136719,143.39691162109375,36.57637023925781,122.01119232177734,185.76429748535156,42.65607452392578,121.9574966430664,36.0130729675293,47.48031997680664
2022-07-20,64.98267364501953,42.633846282958984,374.2100830078125,144.64398193359375,36.399208068847656,122.26673126220703,187.2672576904297,42.63025665283203,121.75758361816406,35.8632698059082,47.848323822021484
2022-07-21,65.5181655883789,42.71928405761719,378.0207214355469,145.0657958984375,36.806678771972656,122.70475769042969,189.1199951171875,42.750770568847656,122.24828338623047,36.3038444519043,48.07539749145508
2022-07-22,66.05364990234375,43.078128814697266,374.5134582519531,144.03880310058594,36.68267822265625,122.26673126220703,187.0687713623047,42.888511657714844,122.00291442871094,35.93376541137695,48.513858795166016
2022-07-25,65.81181335449219,43.120849609375,374.9684143066406,145.38673400878906,36.983856201171875,122.99674224853516,187.32398986816406,42.905723571777344,122.93891906738281,36.10118103027344,48.59217071533203
2022-07-26,65.82909393310547,43.1977424621582,370.53216552734375,144.5614471435547,36.47892761230469,122.39449310302734,185.00808715820312,42.879905700683594,122.411865234375,35.75753402709961,48.18501281738281
2022-07-27,66.01046752929688,43.18064880371094,380.1535339355469,146.9456024169922,37.31162643432617,124.374755859375,189.8667449951172,43.026248931884766,123.82032775878906,36.46247100830078,48.9210090637207
2022-07-28,66.46821594238281,43.54802703857422,384.92156982421875,149.21054077148438,37.550804138183594,125.88964080810547,192.34335327148438,43.23286056518555,124.92896270751953,36.5770149230957,49.6335334777832
2022-07-29,66.41639709472656,43.65056228637695,390.5332336425781,150.87940979003906,38.05572509765625,127.18547058105469,194.9617462158203,43.33616638183594,125.90127563476562,36.40959167480469,49.83711242675781
2022-08-01,66.70457458496094,43.854957580566406,389.3768615722656,150.79689025878906,38.05572509765625,126.72010040283203,194.50802612304688,43.29311752319336,125.49239349365234,36.18929672241211,50.00224304199219
2022-08-02,66.02953338623047,43.61549758911133,386.8078918457031,149.10049438476562,37.462215423583984,125.57025909423828,193.45880126953125,43.06068420410156,124.51095581054688,35.97781753540039,49.31813049316406
2022-08-03,66.35843658447266,43.68391036987305,392.86517333984375,150.12750244140625,37.72797393798828,126.4280776977539,196.56875610351562,43.08650588989258,125.39240264892578,36.17168045043945,50.1673583984375
2022-08-04,66.5228271484375,43.914833068847656,392.59979248046875,149.15553283691406,37.91399383544922,125.8348617553711,196.37969970703125,43.12093734741211,124.62908935546875,36.47126770019531,50.1673583984375
2022-08-05,65.76993560791016,43.589839935302734,391.9361267089844,149.8799285888672,37.64823913574219,126.21817016601562,196.31350708007812,42.87129592895508,124.9471435546875,36.46247100830078,49.98652267456055
2022-08-08,66.06416320800781,43.62405014038086,391.4811096191406,151.0994873046875,37.76340103149414,127.10333251953125,196.49307250976562,42.97459411621094,125.09252166748047,36.541770935058594,50.772830963134766
2022-08-09,65.91703796386719,43.606937408447266,389.92657470703125,150.15501403808594,37.5330810546875,127.05773162841797,195.2548065185547,42.931549072265625,125.3015365600586,36.46247100830078,49.90787124633789
2022-08-10,66.09878540039062,43.61549758911133,398.1166687011719,153.40109252929688,38.42778396606445,129.3939208984375,199.70701599121094,42.94017028808594,127.06440734863281,36.92067337036133,50.725650787353516
2022-08-11,65.7266616821289,43.41025161743164,398.1166687011719,154.88662719726562,38.42778396606445,130.42514038085938,199.71644592285156,42.94017028808594,127.727783203125,37.096900939941406,50.47403335571289
2022-08-12,66.02953338623047,43.50431823730469,404.8563537597656,157.21572875976562,38.74668502807617,132.42367553710938,203.1761474609375,43.034854888916016,129.5724334716797,37.48461151123047,50.93010330200195
2022-08-15,66.09878540039062,43.701019287109375,406.52459716796875,157.28907775878906,38.47207260131836,132.3871612548828,203.97018432617188,43.026248931884766,129.78146362304688,37.343624114990234,50.85933303833008
2022-08-16,66.01225280761719,43.52143478393555,407.3209533691406,158.5178680419922,38.507511138916016,133.0533447265625,204.40501403808594,42.97459411621094,130.33575439453125,37.361244201660156,50.44257736206055
2022-08-17,65.62281799316406,43.264869689941406,404.4297790527344,156.55551147460938,38.17974090576172,131.98561096191406,202.57119750976562,42.94017028808594,129.6542205810547,37.27313232421875,49.876434326171875
2022-08-18,65.74400329589844,43.17079162597656,405.6051940917969,157.64671325683594,38.05572509765625,132.42367553710938,203.10055541992188,43.017642974853516,130.09951782226562,37.03522491455078,49.83711242675781
2022-08-19,65.32858276367188,42.88002014160156,400.15460205078125,155.17083740234375,37.488792419433594,130.93618774414062,200.19854736328125,43.034854888916016,129.21807861328125,36.62106704711914,49.160865783691406
2022-08-22,65.03433990478516,42.70897674560547,391.8224792480469,151.91558837890625,36.88642120361328,128.3170928955078,195.91647338867188,42.98320388793945,127.10076904296875,36.36553955078125,48.696937561035156
2022-08-23,65.0083999633789,42.589263916015625,390.87457275390625,152.03482055664062,36.957275390625,128.24407958984375,195.54786682128906,43.08650588989258,126.87357330322266,36.59463119506836,49.215919494628906
2022-08-24,64.843994140625,42.418209075927734,392.125732421875,152.64920043945312,37.0015754699707,128.7459716796875,196.37020874023438,43.13816452026367,127.24617004394531,36.62106704711914,49.24736404418945
2022-08-25,65.19876098632812,42.68333053588867,397.66168212890625,155.1800537109375,37.435638427734375,130.60763549804688,199.21546936035156,43.13816452026367,128.800048828125,37.29956817626953,49.73488235473633
2022-08-26,65.06897735595703,42.46952819824219,384.2011413574219,150.83358764648438,36.443504333496094,126.84783935546875,192.61749267578125,43.04347229003906,125.33787536621094,36.80611801147461,49.1058349609375
2022-08-29,64.77474975585938,42.24717330932617,381.6607666015625,149.989990234375,36.35491180419922,126.25463104248047,191.20904541015625,42.97459411621094,124.90170288085938,36.629878997802734,48.84634017944336
2022-08-30,64.82666015625,42.28137969970703,377.47088623046875,147.79837036132812,36.053733825683594,124.73979949951172,189.08218383789062,42.879905700683594,123.52046203613281,36.18929672241211,48.85419845581055
2022-08-31,64.55839538574219,42.07613754272461,374.5987548828125,146.73471069335938,35.841121673583984,123.9275894165039,187.69265747070312,42.67329025268555,122.52999114990234,36.2421760559082,48.45317077636719
2022-09-01,64.20803833007812,41.9631233215332,375.774169921875,145.5884552001953,35.362770080566406,123.94584655761719,187.8060760498047,42.57859802246094,123.08427429199219,36.07474899291992,48.37342834472656
2022-09-02,64.37281799316406,42.19426727294922,371.81182861328125,144.992431640625,35.14131546020508,123.33441925048828,185.94390869140625,42.6818962097168,122.05742645263672,35.78396987915039,48.46818161010742
2022-09-06,63.791770935058594,41.91176986694336,370.4089660644531,143.69947814941406,34.990718841552734,122.87812805175781,185.1876983642578,42.56998062133789,121.70306396484375,35.475563049316406,47.97062301635742
2022-09-07,64.25141143798828,42.06585693359375,377.0633239746094,146.45045471191406,35.291900634765625,125.53374481201172,188.60955810546875,42.58720779418945,123.52954864501953,35.7751579284668,48.72880935668945
2022-09-08,64.05194854736328,41.7576904296875,379.5279235839844,147.72503662109375,35.345054626464844,126.29116821289062,190.10304260253906,42.47528839111328,124.43827819824219,35.66941452026367,48.839378356933594
2022-09-09,64.02590942382812,41.69775390625,385.4239807128906,150.37510681152344,36.257476806640625,127.94293212890625,193.26025390625,42.509727478027344,125.88311767578125,36.14524459838867,49.02891540527344
2022-09-12,63.947853088378906,41.88608169555664,389.5663757324219,151.97979736328125,36.718109130859375,129.22052001953125,195.33985900878906,42.526947021484375,126.98261260986328,36.700374603271484,49.005226135253906
2022-09-13,63.62700653076172,41.791927337646484,372.6271057128906,146.32205200195312,35.460208892822266,124.60293579101562,186.9459228515625,42.458072662353516,122.63904571533203,35.5372428894043,48.294437408447266
2022-09-14,63.70505905151367,41.86896896362305,374.0489501953125,146.2028350830078,35.619659423828125,124.1192626953125,187.6737060546875,42.47528839111328,122.8207778930664,35.713470458984375,48.22336196899414
2022-09-15,63.51426315307617,41.774810791015625,369.8022766113281,145.3408660888672,35.27418899536133,123.13365173339844,185.66976928710938,42.346153259277344,122.15742492675781,35.405067443847656,48.19965744018555
2022-09-16,63.44490051269531,41.78335952758789,366.9810485839844,143.48861694335938,35.04387664794922,121.8469467163086,183.9777374267578,42.30311584472656,121.32137298583984,34.955684661865234,47.95484161376953
2022-09-19,63.401546478271484,41.7063102722168,369.8269958496094,145.28587341308594,35.177146911621094,123.13365173339844,185.28224182128906,42.19981384277344,122.09379577636719,35.09767150878906,48.08910369873047
2022-09-20,63.08932876586914,41.44950866699219,365.5819091796875,143.0759735107422,34.59070587158203,120.96174621582031,183.12698364257812,42.148162841796875,120.52173614501953,34.97263717651367,47.71791458129883
2022-09-21,63.26274871826172,41.51799011230469,359.20477294921875,141.0310821533203,34.146446228027344,118.91755676269531,179.99813842773438,42.15677261352539,118.64070892333984,34.39215087890625,47.63893127441406
2022-09-22,62.61235046386719,41.34677505493164,356.1875,138.2342987060547,33.986507415771484,117.4757080078125,177.98472595214844,41.941551208496094,118.05914306640625,34.293914794921875,47.1966552734375
2022-09-23,62.43891906738281,41.14131546020508,350.2196350097656,135.00006103515625,32.87583541870117,115.4239501953125,174.9147491455078,41.77798843383789,115.94964599609375,33.50801086425781,46.71489715576172
2022-09-26,61.641090393066406,40.687625885009766,346.7550354003906,132.62213134765625,32.35160827636719,113.17587280273438,172.99722290039062,41.51972961425781,114.3121566772461,33.043609619140625,45.71189498901367
2022-09-27,61.37226867675781,40.50785446166992,345.8699035644531,132.50230407714844,32.1561279296875,112.60696411132812,172.7409210205078,41.476680755615234,113.79989624023438,33.025753021240234,44.93792724609375
2022-09-28,62.32618713378906,40.96157455444336,352.67535400390625,135.94021606445312,32.87583541870117,115.09362030029297,176.37664794921875,41.8210334777832,116.15089416503906,33.28474044799805,46.0198860168457
2022-09-29,62.005313873291016,40.73044204711914,345.3083190917969,133.07376098632812,32.46711349487305,112.50602722167969,172.71241760253906,41.54555892944336,114.339599609375,32.63279724121094,45.43547439575195
2022-09-30,61.857906341552734,40.85884094238281,339.9685974121094,132.17050170898438,32.30717468261719,111.7352294921875,170.36770629882812,41.41643142700195,112.9582748413086,32.58815002441406,45.40388488769531
2022-10-03,62.37590789794922,41.20161437988281,348.94415283203125,135.84805297851562,33.026893615722656,114.9376449584961,174.6964569091797,41.70068359375,115.97708892822266,33.088260650634766,46.06880569458008
2022-10-04,62.53230285644531,41.321598052978516,359.7568664550781,141.4519500732422,34.34192657470703,118.66305541992188,180.30667114257812,41.84983444213867,119.35264587402344,34.017051696777344,46.878150939941406
2022-10-05,62.202091217041016,41.03022384643555,358.91925048828125,140.70535278320312,33.933189392089844,117.8555908203125,179.96495056152344,41.77088165283203,119.00503540039062,34.07957077026367,46.275108337402344
2022-10-06,61.96741485595703,40.93596649169922,355.2166442871094,139.39657592773438,33.364532470703125,116.14886474609375,178.24673461914062,41.72700500488281,117.5230941772461,33.838443756103516,46.06880569458008
2022-10-07,61.64583969116211,40.67888259887695,345.3083190917969,136.41029357910156,32.84029769897461,113.5612564086914,173.14907836914062,41.74455642700195,115.22693634033203,33.16864013671875,45.48163986206055
2022-10-10,61.36772918701172,40.52463150024414,342.6717224121094,136.1983184814453,32.618167877197266,113.21255493164062,171.77259826660156,41.6392707824707,114.64148712158203,32.71316909790039,45.42609786987305
2022-10-11,61.385108947753906,40.353248596191406,340.50164794921875,136.38265991210938,32.23609161376953,113.26763153076172,170.6714630126953,41.718223571777344,114.52256774902344,32.204124450683594,45.37055587768555
2022-10-12,61.454627990722656,40.387516021728516,339.3785095214844,135.71902465820312,32.1561279296875,112.41426849365234,170.206298828125,41.718223571777344,114.06517028808594,32.1951904296875,45.23566436767578
2022-10-13,61.23735809326172,40.4903678894043,348.3350524902344,139.07395935058594,32.822513580322266,115.37808990478516,174.4306182861328,41.70068359375,117.35840606689453,32.320220947265625,45.092838287353516
2022-10-14,60.941871643066406,40.361820220947266,340.3969421386719,136.1429901123047,32.26275634765625,112.75377655029297,170.32022094726562,41.67436218261719,115.54713439941406,31.846891403198242,44.799259185791016
2022-10-17,61.07221984863281,40.50749588012695,349.1441345214844,139.42420959472656,33.11574172973633,115.07527160644531,174.86727905273438,41.75333023071289,117.54138946533203,32.65959167480469,44.997615814208984
2022-10-18,61.211299896240234,40.58461380004883,353.2464294433594,141.5257110595703,33.3378791809082,116.79118347167969,177.0032196044922,41.74455642700195,119.12397003173828,32.66852951049805,45.41022872924805
2022-10-19,60.70722961425781,40.37895965576172,350.7431640625,139.59010314941406,32.955806732177734,115.15786743164062,175.4938201904297,41.665592193603516,118.21832275390625,32.096954345703125,44.84687423706055
2022-10-20,60.29872512817383,40.25898361206055,347.80206298828125,137.43333435058594,32.86696243286133,113.75395202636719,173.97496032714844,41.63050079345703,117.23035430908203,32.347023010253906,44.33904266357422
2022-10-21,60.40304183959961,40.34467315673828,356.2541198730469,140.20765686035156,33.48004150390625,116.45167541503906,177.98092651367188,41.841060638427734,120.12108612060547,32.82034683227539,44.83893585205078
2022-10-24,60.31610870361328,40.533199310302734,360.61346435546875,141.2768096923828,33.42673110961914,117.59866333007812,179.8984832763672,41.841060638427734,121.71280670166016,31.543256759643555,44.815128326416016
2022-10-25,60.88974380493164,40.84170150756836,366.3719482421875,144.4842987060547,34.173095703125,120.02110290527344,183.15455627441406,41.86738204956055,122.9660873413086,31.802244186401367,45.57685089111328
2022-10-26,61.133060455322266,40.961666107177734,363.6116638183594,144.77926635742188,34.51963424682617,120.15874481201172,182.02490234375,41.841060638427734,123.73450469970703,32.230918884277344,45.75141525268555
2022-10-27,61.454627990722656,41.33015823364258,361.66998291015625,145.41519165039062,34.288612365722656,120.89280700683594,181.17054748535156,41.99020767211914,124.2101821899414,31.998714447021484,45.92598342895508
2022-10-28,61.33293533325195,41.13307571411133,370.2742919921875,147.94061279296875,34.555171966552734,123.48042297363281,185.38531494140625,41.911251068115234,126.74414825439453,31.775453567504883,45.98945999145508
2022-10-31,61.1417350769043,41.081634521484375,367.5997314453125,148.0327911376953,34.270843505859375,122.95738983154297,184.18923950195312,41.89370346069336,126.21357727050781,31.659347534179688,45.41022872924805
2022-11-01,61.20535659790039,41.10221862792969,365.9911804199219,148.58583068847656,34.564064025878906,123.68230438232422,183.61965942382812,41.858612060546875,126.46973419189453,32.1862678527832,46.10647964477539
2022-11-02,61.10952377319336,41.05075454711914,356.8063049316406,144.47509765625,34.039817810058594,121.1222152709961,178.78781127929688,41.83228302001953,124.53036499023438,31.945131301879883,45.78746795654297
2022-11-03,60.87433624267578,40.92206954956055,353.1322021484375,143.93128967285156,33.76437759399414,121.02127838134766,177.07908630371094,41.648040771484375,124.27423095703125,32.204124450683594,45.72367858886719
2022-11-04,60.8917350769043,40.896339416503906,358.2149353027344,146.5028076171875,35.052757263183594,122.73717498779297,179.35739135742188,41.718223571777344,125.92085266113281,33.51694107055664,46.31385040283203
2022-11-07,60.65653991699219,40.75906753540039,361.6414489746094,147.96827697753906,35.20380783081055,123.50796508789062,180.99014282226562,41.77088165283203,127.00943756103516,33.454429626464844,46.36171340942383
2022-11-08,60.92660903930664,40.90492248535156,363.5926208496094,148.0420379638672,35.630306243896484,124.00345611572266,181.939453125,41.78843307495117,127.75958251953125,33.597312927246094,46.65679168701172
2022-11-09,61.01373291015625,41.145118713378906,356.1018981933594,144.92672729492188,35.13272476196289,121.99391174316406,178.0189208984375,41.74455642700195,125.62812805175781,32.98109817504883,46.04268264770508
2022-11-10,62.27682876586914,41.69418716430664,375.67120361328125,152.73341369628906,37.087501525878906,127.80225372314453,188.09080505371094,41.946353912353516,130.03738403320312,34.08850860595703,47.99668502807617
2022-11-11,62.27682876586914,41.46254348754883,379.30706787109375,153.71041870117188,37.780555725097656,128.26107788085938,190.0083465576172,41.963890075683594,130.110595703125,34.77616500854492,47.92491149902344
2022-11-14,62.07648849487305,41.3338623046875,376.0804443359375,152.0145263671875,37.34518051147461,126.8663330078125,188.29017639160156,41.83228302001953,129.36962890625,34.66006851196289,47.56601333618164
2022-11-15,62.51205062866211,41.574073791503906,379.2880554199219,153.8486785888672,37.57619857788086,127.64630126953125,190.1981964111328,41.911251068115234,129.8636016845703,35.42811965942383,48.55497741699219
2022-11-16,62.86918640136719,41.77997589111328,376.3945007324219,151.62742614746094,37.43402862548828,126.50849151611328,188.26170349121094,41.89370346069336,129.1134796142578,34.865478515625,48.475223541259766
2022-11-17,62.60786819458008,41.762821197509766,375.2428283691406,151.0006866455078,37.38960647583008,125.85700988769531,187.4737548828125,41.76210021972656,129.12261962890625,35.05302429199219,48.0206184387207
2022-11-18,62.50333023071289,41.60838317871094,376.94659423828125,152.17123413085938,37.45180130004883,127.26091003417969,188.35659790039062,41.648040771484375,130.24781799316406,34.802955627441406,48.02859878540039
2022-11-21,62.50333023071289,41.65987014770508,375.5759582519531,152.0329132080078,37.14970397949219,127.44442749023438,187.55921936035156,41.75333023071289,130.385009765625,34.4814567565918,48.10835266113281
2022-11-22,62.825660705566406,41.75424575805664,380.6301574707031,154.4846649169922,37.700592041015625,129.01351928710938,190.01783752441406,41.77964782714844,131.9859161376953,34.57075881958008,48.61079406738281
2022-11-23,63.20893096923828,42.04593276977539,383.0285949707031,154.53994750976562,38.1359748840332,129.42645263671875,191.17593383789062,41.86738204956055,132.36094665527344,34.75830841064453,48.826148986816406
2022-11-25,63.20893096923828,42.003028869628906,382.9430236816406,155.36949157714844,38.29590606689453,129.9861602783203,191.31834411621094,41.841060638427734,132.7268829345703,34.633277893066406,49.041473388671875
2022-11-28,63.13053894042969,41.8486213684082,376.8324279785156,152.291015625,37.76279067993164,127.77474212646484,188.21421813964844,41.84983444213867,130.9156036376953,34.55289840698242,48.85804748535156
2022-11-29,62.89531326293945,41.968727111816406,376.18511962890625,153.21270751953125,37.86052703857422,128.40789794921875,187.91990661621094,41.79719543457031,131.32725524902344,35.23163604736328,49.16908264160156
2022-11-30,63.383140563964844,42.08025360107422,388.03521728515625,156.2634735107422,38.57135009765625,130.9863739013672,193.71055603027344,42.11304473876953,133.77891540527344,36.18722152709961,49.71941375732422
2022-12-01,63.9113883972168,42.32075881958008,387.7496337890625,155.8395233154297,38.900115966796875,130.83950805664062,193.82443237304688,42.24464416503906,133.59591674804688,36.09790802001953,50.582054138183594
2022-12-02,64.17333221435547,42.3551025390625,387.3023681640625,156.1068115234375,38.86457061767578,130.82115173339844,193.6440887451172,42.30606460571289,133.559326171875,36.32118225097656,50.30170440673828
2022-12-05,63.666927337646484,42.21767044067383,380.33502197265625,151.94078063964844,38.27813720703125,128.38955688476562,189.8374481201172,42.08672332763672,131.32725524902344,35.955020904541016,49.652915954589844
2022-12-06,63.876468658447266,42.3551025390625,374.8525695800781,150.65965270996094,38.02046585083008,127.44442749023438,186.98960876464844,42.04285430908203,130.17459106445312,35.9818115234375,49.4366455078125
2022-12-07,64.43527221679688,42.47537612915039,374.21484375,150.060546875,38.02046585083008,127.3067855834961,186.6858367919922,42.11304473876953,130.18377685546875,35.76748275756836,50.07743835449219
2022-12-08,64.25192260742188,42.32075881958008,377.146484375,150.63197326660156,38.23371124267578,127.77474212646484,188.29962158203125,42.08672332763672,130.833251953125,36.17828369140625,50.05342102050781
2022-12-09,63.876468658447266,42.14896774291992,374.3291015625,149.30474853515625,38.2603645324707,127.05902862548828,186.72381591796875,42.00775146484375,129.77212524414062,35.874637603759766,49.829139709472656
2022-12-12,63.876468658447266,42.1403694152832,379.72589111328125,151.07440185546875,38.35811233520508,128.7382049560547,189.41030883789062,42.01652908325195,131.6016845703125,35.77640914916992,49.93327331542969
2022-12-13,64.31302642822266,42.14896774291992,382.600341796875,151.66427612304688,38.85568618774414,129.19703674316406,190.82472229003906,42.121822357177734,131.9859161376953,35.96395492553711,50.36579895019531
2022-12-14,64.47016906738281,42.1403694152832,380.1542053222656,150.89004516601562,38.83791732788086,128.41708374023438,189.76150512695312,42.07794952392578,131.50106811523438,36.026466369628906,50.3177375793457
2022-12-15,64.505126953125,41.882694244384766,370.85498046875,147.71022033691406,37.824989318847656,125.99464416503906,185.03407287597656,42.060401916503906,129.0768585205078,35.329872131347656,50.15753936767578
2022-12-16,64.33921813964844,41.831153869628906,366.4766845703125,146.18023681640625,37.531776428222656,124.4897689819336,182.9171905517578,41.99020767211914,127.75958251953125,35.28521728515625,49.86117172241211
2022-12-19,63.955055236816406,41.667938232421875,363.36895751953125,145.08340454101562,37.45085144042969,123.47124481201172,181.07559204101562,41.97266387939453,127.33875274658203,35.35329055786133,49.59684753417969
2022-12-20,63.53593444824219,41.35872268676758,363.8662414550781,145.52581787109375,37.630653381347656,123.7281723022461,181.45530700683594,41.99020767211914,127.63151550292969,35.235294342041016,49.36457443237305
2022-12-21,63.68437576293945,41.35872268676758,369.3069152832031,148.1342010498047,38.00822448730469,125.47158813476562,184.19871520996094,42.08672332763672,129.351318359375,35.56206130981445,50.0213737487793
2022-12-22,63.6756477355957,41.26424789428711,364.0383605957031,146.4626007080078,37.67560577392578,124.40131378173828,181.58609008789062,42.025306701660156,128.36611938476562,35.244380950927734,49.66093063354492
2022-12-23,63.476097106933594,41.173641204833984,366.1324157714844,147.85484313964844,37.86438751220703,125.37262725830078,182.587646484375,42.04057312011719,129.24163818359375,35.1717529296875,49.43563461303711
2022-12-27,62.986019134521484,41.018341064453125,364.6885681152344,148.02186584472656,37.9362907409668,125.75189971923828,181.8245849609375,41.968711853027344,129.54576110839844,35.72542953491211,49.2344856262207
2022-12-28,62.89853286743164,41.00108337402344,360.1562805175781,145.24667358398438,37.50479507446289,123.8832778930664,179.5353240966797,41.9597282409668,128.20948791503906,35.20806121826172,48.96092224121094
2022-12-29,63.13479995727539,41.0787467956543,366.63916015625,148.08685302734375,38.098121643066406,125.77965545654297,182.8356475830078,41.9866828918457,129.64710998535156,35.81619644165039,49.36322021484375
2022-12-30,62.872257232666016,40.923431396484375,365.67340087890625,147.3907470703125,37.72954559326172,125.10433959960938,182.36830139160156,41.9597282409668,129.3614501953125,35.38052749633789,49.06550979614258
2023-01-03,63.2048225402832,41.28580093383789,364.13397216796875,146.9545135498047,37.9362907409668,124.93781280517578,181.62423706054688,41.95074462890625,129.14027404785156,35.76173782348633,49.31494903564453
2023-01-04,63.56365203857422,41.4583740234375,366.94512939453125,149.12637329101562,38.50265121459961,126.84345245361328,183.2362823486328,41.90583419799805,130.2646026611328,36.68754959106445,49.82991027832031
2023-01-05,63.49361801147461,41.4066047668457,362.757080078125,147.71559143066406,38.07114791870117,125.77039337158203,181.0901336669922,41.87887954711914,129.4075469970703,36.57862854003906,49.49196243286133
2023-01-06,64.19377899169922,41.674076080322266,371.07586669921875,151.3446502685547,39.1229362487793,129.0450897216797,185.08677673339844,42.049560546875,132.15379333496094,37.20491409301758,50.2563362121582
2023-01-09,64.36878967285156,41.57052230834961,370.865478515625,151.19613647460938,39.293739318847656,128.9525604248047,185.16310119628906,42.05854415893555,131.16773986816406,37.40460205078125,50.224151611328125
2023-01-10,64.11499786376953,41.5101318359375,373.46630859375,152.56056213378906,39.39262771606445,129.76661682128906,186.62246704101562,42.031593322753906,131.83126831054688,37.667816162109375,49.91840362548828
2023-01-11,64.45628356933594,41.82939147949219,378.18988037109375,154.47251892089844,39.68928527832031,131.31149291992188,189.0834503173828,42.07651901245117,132.6606903076172,37.82211685180664,50.320716857910156
2023-01-12,64.9551773071289,41.967445373535156,379.5667419433594,156.2453155517578,40.26462173461914,131.7277374267578,189.99911499023438,42.238197326660156,132.94638061523438,37.99457931518555,50.90003967285156
2023-01-13,64.73638153076172,41.86391067504883,381.039306640625,156.6536865234375,40.47138977050781,131.74623107910156,190.80990600585938,42.148372650146484,133.19520568847656,38.248722076416016,50.75519943237305
2023-01-17,64.64884948730469,42.027835845947266,380.3412780761719,156.2453155517578,40.58824920654297,131.45948791503906,190.55239868164062,42.13040542602539,132.43954467773438,38.049034118652344,50.859806060791016
2023-01-18,65.24396514892578,42.26942825317383,374.33642578125,153.8970947265625,40.40845489501953,129.07284545898438,187.54774475097656,42.202266693115234,129.95123291015625,37.82211685180664,51.4793586730957
2023-01-19,65.1126708984375,42.226280212402344,371.611328125,152.43991088867188,40.363502502441406,127.78703308105469,186.02159118652344,42.319053649902344,129.06651306152344,38.12165069580078,51.33452606201172
2023-01-20,64.82386779785156,42.027835845947266,378.5341491699219,154.94590759277344,40.777034759521484,129.859130859375,189.5889892578125,42.256168365478516,130.51341247558594,38.566410064697266,51.22188186645508
2023-01-23,64.66632843017578,41.924285888671875,383.0759582519531,156.5052032470703,40.94783401489258,131.12646484375,191.9927215576172,42.24718475341797,131.42578125,38.8477783203125,51.189701080322266
2023-01-24,64.9551773071289,42.10547637939453,382.664794921875,156.08753967285156,40.93885040283203,131.21897888183594,191.67796325683594,42.31006622314453,131.462646484375,38.88407897949219,51.519588470458984
2023-01-25,65.033935546875,42.13999557495117,382.8082580566406,156.60728454589844,41.14561080932617,131.73699951171875,191.77333068847656,42.32802963256836,131.87734985351562,38.893165588378906,51.415000915527344
2023-01-26,64.91138458251953,42.027835845947266,387.01544189453125,158.04592895507812,41.27146530151367,132.81005859375,193.74781799316406,42.319053649902344,132.67910766601562,39.19268798828125,51.44717788696289
2023-01-27,64.84139251708984,41.94154739379883,387.9046936035156,158.6121063232422,41.226505279541016,133.1338348388672,194.52996826171875,42.319053649902344,132.2920684814453,38.929466247558594,51.31843948364258
2023-01-30,64.65760040283203,41.76898193359375,383.0376892089844,157.00640869140625,40.884910583496094,131.94979858398438,191.92596435546875,42.238197326660156,131.315185546875,38.230567932128906,50.7391242980957
2023-01-31,64.9551773071289,41.88977813720703,388.6696472167969,160.76544189453125,41.13661575317383,134.06813049316406,194.99734497070312,42.2921028137207,132.96481323242188,38.33041000366211,51.04486846923828
2023-02-01,65.37273406982422,42.02196502685547,392.80035400390625,162.80735778808594,41.50518798828125,134.8822021484375,197.3724822998047,42.42684555053711,133.3150177001953,38.720699310302734,51.86674499511719
2023-02-02,65.41661834716797,42.410736083984375,398.518310546875,164.923583984375,41.49620056152344,136.093994140625,200.31993103027344,42.408878326416016,133.3334197998047,38.44840621948242,52.02029800415039
2023-02-03,64.83760833740234,42.14291000366211,394.2824401855469,163.92117309570312,41.02873992919922,134.78042602539062,198.2500457763672,42.19328689575195,132.59617614746094,37.840274810791016,51.398040771484375
2023-02-06,64.43408966064453,41.97012710571289,391.87286376953125,162.00917053222656,40.58824920654297,133.82760620117188,196.76199340820312,42.07651901245117,132.23675537109375,37.44997787475586,50.70302200317383
2023-02-07,64.34634399414062,41.866451263427734,396.998046875,162.99298095703125,40.965816497802734,134.66018676757812,199.24205017089844,42.19328689575195,133.1767578125,37.5225944519043,50.75151443481445
2023-02-08,64.46037292480469,41.95284652709961,392.6568603515625,160.99749755859375,40.72309494018555,133.68885803222656,197.11492919921875,42.2921028137207,132.2920684814453,37.44997787475586,50.694942474365234
2023-02-09,64.19722747802734,41.87510681152344,389.2529296875,158.88125610351562,40.759056091308594,132.04229736328125,195.19766235351562,42.22023391723633,131.18617248535156,37.59520721435547,50.39592742919922
2023-02-10,63.92526626586914,41.77141189575195,390.1612854003906,159.57736206054688,40.64218521118164,132.96731567382812,195.55059814453125,42.184303283691406,132.4763946533203,37.277530670166016,49.98377227783203
2023-02-13,64.10071563720703,41.840538024902344,394.74139404296875,161.39659118652344,40.99277877807617,134.33641052246094,197.87802124023438,42.19328689575195,133.59149169921875,37.61335754394531,50.12116241455078
2023-02-14,63.88138961791992,41.71958923339844,394.5597839355469,161.16452026367188,41.02873992919922,133.73509216308594,197.954345703125,42.13938522338867,133.03854370117188,37.50444412231445,50.12924575805664
2023-02-15,63.74103546142578,41.64183807373047,395.8410339355469,162.1112823486328,40.82197570800781,134.4751739501953,198.84146118164062,42.184303283691406,132.99244689941406,37.32291030883789,49.95952606201172
2023-02-16,63.49541091918945,41.555423736572266,390.3907470703125,161.0346221923828,40.63319396972656,133.42059326171875,196.18968200683594,42.148372650146484,131.895751953125,37.25029754638672,49.68476104736328
2023-02-17,63.63577651977539,41.64183807373047,389.41546630859375,161.18313598632812,40.69612503051758,133.23561096191406,195.61737060546875,42.16633987426758,132.15379333496094,36.95077133178711,49.66051483154297
2023-02-21,63.083091735839844,41.304893493652344,381.603515625,157.0342559814453,40.18372344970703,130.275390625,191.5634765625,42.12141799926758,130.0342254638672,36.54232406616211,48.900856018066406
2023-02-22,63.22346878051758,41.36537170410156,381.0775451660156,157.3034210205078,39.94998550415039,130.0996551513672,191.40135192871094,42.08549499511719,129.7024383544922,36.38802719116211,49.22412109375
2023-02-23,63.4515495300293,41.50360107421875,383.1047058105469,157.96240234375,40.18372344970703,130.4049072265625,192.42196655273438,42.12141799926758,129.95123291015625,36.51509475708008,49.91911697387695
2023-02-24,63.10065460205078,41.374019622802734,379.01220703125,157.19204711914062,39.55443572998047,129.76661682128906,190.2757568359375,42.00464630126953,129.30612182617188,35.81619644165039,49.5877799987793
2023-02-27,63.20594024658203,41.27897644042969,380.30303955078125,157.41482543945312,39.994930267333984,129.8406524658203,190.9530487060547,42.07651901245117,129.2969512939453,35.99773025512695,49.84638977050781
2023-02-28,63.22346878051758,41.261688232421875,378.89739990234375,157.13632202148438,39.70726013183594,129.29489135742188,190.3139190673828,42.12141799926758,128.6610565185547,35.77988815307617,49.65243148803711
2023-03-01,62.848915100097656,41.122432708740234,377.4440612792969,157.4797821044922,39.9589729309082,128.86932373046875,190.7717742919922,42.094478607177734,128.51361083984375,36.496944427490234,49.29764938354492
2023-03-02,62.71704864501953,41.105133056640625,380.3795471191406,157.99951171875,40.02190017700195,129.58163452148438,191.0674591064453,42.13938522338867,129.1679229736328,36.66032028198242,49.19210433959961
2023-03-03,63.200592041015625,41.23487854003906,386.4799499511719,159.83726501464844,40.60622787475586,131.07093811035156,194.1770477294922,42.30108642578125,130.7253875732422,36.932613372802734,49.760414123535156
2023-03-06,63.051116943359375,41.21759033203125,386.7477111816406,157.7582244873047,40.5073356628418,130.5529022216797,193.91952514648438,42.256168365478516,130.73458862304688,36.80554962158203,49.60615158081055
2023-03-07,62.98081588745117,41.26084518432617,380.81939697265625,155.7069854736328,39.77019500732422,128.30503845214844,191.02931213378906,42.049560546875,128.5688934326172,36.260955810546875,49.557437896728516
2023-03-08,62.92802429199219,41.330039978027344,381.4408264160156,155.77195739746094,39.976951599121094,128.49932861328125,191.2772979736328,41.94175720214844,128.35694885253906,36.451560974121094,49.313880920410156
2023-03-09,63.13906478881836,41.37328338623047,374.4033508300781,151.4188995361328,39.58140563964844,125.5020980834961,187.50006103515625,42.04057312011719,125.90555572509766,35.70728302001953,49.289520263671875
2023-03-10,63.89522171020508,41.77983856201172,369.0009460449219,147.16798400878906,39.19485092163086,122.37544250488281,184.34275817871094,42.22023391723633,124.31122589111328,35.507591247558594,49.71169662475586
2023-03-13,64.40519714355469,42.316139221191406,368.4749755859375,143.14906311035156,38.97011184692383,120.4143295288086,183.57968139648438,42.498714447021484,123.26983642578125,35.471290588378906,49.541221618652344
2023-03-14,64.00070190429688,42.06528854370117,374.5660095214844,145.54371643066406,39.428585052490234,121.88517761230469,186.85142517089844,42.4448127746582,124.73513793945312,35.48944091796875,49.64674377441406
2023-03-15,64.6601791381836,42.36805725097656,372.2232971191406,142.28590393066406,38.25094223022461,119.6650390625,185.4110565185547,42.75023651123047,123.11317443847656,34.89945602416992,49.703590393066406
2023-03-16,64.35242462158203,42.16044616699219,378.7539978027344,144.1329345703125,38.84425354003906,120.9416275024414,188.61607360839844,42.4897346496582,124.43101501464844,35.344215393066406,49.52497863769531
2023-03-17,64.81842041015625,42.46318817138672,374.3253173828125,140.42030334472656,38.394779205322266,118.58272552490234,186.1837158203125,42.59751510620117,122.33904266357422,35.16268539428711,49.549320220947266
2023-03-20,64.53706359863281,42.428585052490234,377.9246826171875,142.7035675048828,38.98130416870117,120.3310775756836,187.8052978515625,42.61548614501953,124.0439682006836,35.22444152832031,49.40319061279297
2023-03-21,64.36121368408203,42.22098922729492,382.88702392578125,145.3859405517578,39.48661422729492,121.77413940429688,190.48558044433594,42.51668167114258,125.41712188720703,35.596866607666016,49.76853561401367
2023-03-22,64.9327392578125,42.33342742919922,376.36016845703125,141.40414428710938,39.333213806152344,118.73072814941406,187.08033752441406,42.7951545715332,123.08551025390625,35.70585632324219,50.21506881713867
2023-03-23,65.08221435546875,42.575653076171875,377.37762451171875,140.24832153320312,39.36028289794922,117.87876892089844,187.42127990722656,42.9658317565918,122.52174377441406,36.14185333251953,50.312503814697266
2023-03-24,65.21409606933594,42.584293365478516,379.8539733886719,141.7981414794922,39.22492980957031,119.20879364013672,188.59922790527344,42.867008209228516,123.57884979248047,36.06918716430664,50.05269241333008
2023-03-27,64.53706359863281,42.29018783569336,380.5643005371094,143.42262268066406,39.56782150268555,120.157470703125,189.0780792236328,42.75023651123047,124.65448760986328,35.896602630615234,49.85783386230469
2023-03-28,64.4227523803711,42.26423263549805,379.7100524902344,143.98281860351562,39.621971130371094,120.44580078125,188.80995178222656,42.75921630859375,124.7379379272461,36.323516845703125,49.671112060546875
2023-03-29,64.49311065673828,42.2469482421875,385.22900390625,145.57931518554688,40.07313537597656,122.25947570800781,191.5298309326172,42.804134368896484,126.22158813476562,36.4506721496582,49.88219451904297
2023-03-30,64.5810317993164,42.20368576049805,387.48468017578125,145.80337524414062,40.569427490234375,122.87332916259766,192.5641326904297,42.82209777832031,126.69451141357422,36.80491638183594,50.23130798339844
2023-03-31,64.91512298583984,42.316139221191406,392.94610595703125,148.22145080566406,40.75891876220703,124.6963119506836,195.46592712402344,42.95684814453125,128.06689453125,36.6959114074707,50.58853530883789
2023-04-03,65.19104766845703,42.38717269897461,394.4434509277344,148.3148193359375,41.0927848815918,124.54747772216797,195.98309326171875,43.000892639160156,129.1054229736328,36.8503303527832,50.741886138916016
2023-04-04,65.45545959472656,42.404502868652344,392.2550354003906,145.45794677734375,41.08375549316406,122.98493957519531,194.6710662841797,43.081783294677734,128.0019989013672,36.88666534423828,50.78266525268555
2023-04-05,65.63175201416016,42.49112319946289,391.2279968261719,144.67369079589844,40.76793670654297,123.15235137939453,193.9623565673828,43.099769592285156,128.73451232910156,36.55967330932617,50.72556686401367
2023-04-06,65.61412048339844,42.45647430419922,392.7541198730469,144.63632202148438,40.90329360961914,123.31046295166016,194.60398864746094,43.12672805786133,128.84579467773438,36.77766799926758,50.676639556884766
2023-04-10,65.17341613769531,42.30055236816406,393.15728759765625,146.21417236328125,40.93938446044922,124.18475341796875,195.04454040527344,42.99190139770508,129.25379943847656,36.6959114074707,50.44824981689453
2023-04-11,65.19984436035156,42.24858093261719,393.2628479003906,147.5399169921875,41.11985397338867,125.28223419189453,195.2456512451172,43.0098876953125,129.82870483398438,36.968406677246094,50.48904037475586
2023-04-12,65.27035522460938,42.257240295410156,391.6598815917969,146.46624755859375,41.354461669921875,124.74279022216797,194.42201232910156,42.97392654418945,129.61544799804688,36.68684005737305,50.65215301513672
2023-04-13,65.23511505126953,42.24858093261719,396.86224365234375,147.50259399414062,41.95903778076172,125.14273834228516,196.9503631591797,42.93796920776367,130.4036102294922,37.13191604614258,50.70110321044922
2023-04-14,64.94425201416016,42.0579948425293,395.89276123046875,146.55960083007812,41.75150680541992,124.51959228515625,196.40444946289062,42.91100311279297,130.20892333984375,36.93207550048828,50.6276969909668
2023-04-17,64.59166717529297,41.954036712646484,397.3133850097656,147.988037109375,41.71540832519531,125.56126403808594,197.18978881835938,42.82112121582031,130.8765411376953,37.13191604614258,50.28512191772461
2023-04-18,64.68860626220703,42.00600814819336,397.572509765625,147.6706085205078,41.87782669067383,125.66357421875,197.2855682373047,42.83910369873047,130.9507293701172,37.059242248535156,50.30958557128906
2023-04-19,64.60047149658203,41.954036712646484,397.5052795410156,148.18409729003906,41.71540832519531,125.756591796875,197.38133239746094,42.8121337890625,130.8023681640625,36.67775344848633,50.15461349487305
2023-04-20,64.88252258300781,42.10129928588867,395.33612060546875,147.40921020507812,41.733455657958984,125.32875061035156,196.15550231933594,42.88404083251953,130.05126953125,36.6323356628418,50.13013458251953
2023-04-21,64.76792907714844,42.014671325683594,395.643310546875,147.12911987304688,41.868804931640625,125.2357177734375,196.3278350830078,42.91100311279297,130.09764099121094,36.28718566894531,50.07305908203125
2023-04-24,65.02357482910156,41.98002624511719,396.0559997558594,146.9984130859375,41.950008392333984,125.45896911621094,196.40444946289062,43.000892639160156,130.4871063232422,36.241764068603516,50.16276550292969
2023-04-25,65.44664764404297,42.3092155456543,389.7690124511719,143.83340454101562,41.291297912597656,123.70109558105469,193.12916564941406,43.099769592285156,129.04977416992188,35.624107360839844,50.41563034057617
2023-04-26,65.21746826171875,42.170616149902344,388.11810302734375,142.5356903076172,41.30032730102539,122.30596160888672,192.2576446533203,43.05482482910156,127.38996124267578,35.869354248046875,50.2688102722168
2023-04-27,64.9354248046875,42.066654205322266,395.8448791503906,145.1871795654297,41.82368087768555,124.3893814086914,195.8681640625,42.964935302734375,129.1981658935547,36.33259582519531,50.2688102722168
2023-04-28,65.29682922363281,42.404502868652344,399.223388671875,146.8023681640625,41.832706451416016,125.55196380615234,197.57286071777344,43.000892639160156,130.33872985839844,36.55058670043945,50.70924758911133
2023-05-01,64.62529754638672,42.213645935058594,398.8202819824219,146.56895446777344,41.79661178588867,125.3194351196289,197.47706604003906,42.87504959106445,130.4407196044922,36.43251419067383,50.18479537963867
2023-05-02,65.26144409179688,42.5693244934082,394.3379211425781,143.8240966796875,41.354461669921875,123.37556457519531,195.06369018554688,43.02785873413086,128.53054809570312,36.05101776123047,50.47160339355469
2023-05-03,65.5353775024414,42.534629821777344,391.63116455078125,143.30126953125,41.43567657470703,122.79891204833984,193.92404174804688,43.12672805786133,127.47344207763672,36.04193115234375,50.635498046875
2023-05-04,65.44700622558594,42.543296813964844,388.8572692871094,140.73382568359375,41.37251281738281,121.50611114501953,192.47792053222656,43.14470672607422,126.35140228271484,36.35076141357422,50.36506652832031
2023-05-05,65.20845031738281,42.37847137451172,396.0559997558594,144.12283325195312,42.04024887084961,123.80340576171875,196.03099060058594,43.099769592285156,128.33578491210938,36.74134063720703,50.504390716552734
2023-05-08,64.89920806884766,42.28304672241211,396.1615295410156,143.78672790527344,42.05829620361328,123.4871826171875,196.24168395996094,43.05482482910156,128.21527099609375,36.750423431396484,50.32408905029297
2023-05-09,64.82849884033203,42.25703430175781,394.42425537109375,143.2358856201172,41.895870208740234,123.00353240966797,195.43722534179688,43.02785873413086,127.72380065917969,36.523345947265625,50.23395538330078
2023-05-10,65.22612762451172,42.413185119628906,396.2672119140625,143.16123962402344,41.832706451416016,122.7245101928711,196.2991485595703,43.063804626464844,127.50123596191406,36.53242492675781,50.561737060546875
2023-05-11,65.43818664550781,42.58668899536133,395.5760498046875,142.3396453857422,41.64321517944336,122.01763916015625,196.04054260253906,43.072792053222656,126.96343994140625,36.387088775634766,50.80759811401367
2023-05-12,65.09358978271484,42.430545806884766,395.0577697753906,142.37696838378906,41.552978515625,122.00833129882812,195.58087158203125,42.964935302734375,126.93560791015625,35.97835159301758,50.422428131103516
2023-05-15,64.92566680908203,42.42185974121094,396.42071533203125,143.70272827148438,41.91392517089844,122.53852081298828,196.41403198242188,42.97392654418945,127.35286712646484,36.60508728027344,50.11922073364258
2023-05-16,64.76663970947266,42.352455139160156,393.7716064453125,141.5647430419922,41.48079299926758,120.53882598876953,194.8912811279297,42.91999053955078,125.76721954345703,36.35076141357422,49.947147369384766
2023-05-17,64.65177917480469,42.343780517578125,398.55157470703125,144.66436767578125,41.697357177734375,122.05484008789062,197.4196319580078,42.90201187133789,127.22306060791016,36.47793197631836,49.897972106933594
2023-05-18,64.38671112060547,42.144256591796875,402.3908996582031,145.9527587890625,41.61614990234375,122.65010070800781,199.38291931152344,42.83910369873047,127.63103485107422,36.2508430480957,49.70948791503906
2023-05-19,64.20999145507812,42.13557815551758,401.8053283691406,144.6270294189453,41.868804931640625,122.25019073486328,198.90406799316406,42.785160064697266,127.63103485107422,36.2326774597168,49.742286682128906
2023-05-22,64.19230651855469,42.144256591796875,401.9685974121094,145.55130004882812,41.9048957824707,122.40829467773438,199.2488555908203,42.785160064697266,127.41780090332031,36.46884536743164,49.70948791503906
2023-05-23,64.23649597167969,42.10956573486328,397.4573059082031,144.75772094726562,41.3183708190918,121.48749542236328,197.1419219970703,42.8121337890625,126.70377349853516,35.923851013183594,49.766849517822266
2023-05-24,64.0597915649414,42.040138244628906,394.5777893066406,142.93716430664062,40.731849670410156,119.85055541992188,195.6191864013672,42.73123550415039,125.48906707763672,35.669517517089844,49.66033172607422
2023-05-25,63.82120132446289,41.88398361206055,397.9948425292969,142.64773559570312,40.64161682128906,119.48782348632812,196.9503631591797,42.60539627075195,124.94194030761719,35.60593795776367,49.52101516723633
2023-05-26,63.90074920654297,41.97074508666992,403.1491394042969,144.0574951171875,41.02059555053711,120.38067626953125,199.54574584960938,42.57843017578125,125.88777160644531,36.19634246826172,49.70948791503906
2023-05-30,64.32487487792969,42.30039978027344,403.3027038574219,143.8147430419922,40.66868591308594,120.25978088378906,199.6127471923828,42.67729949951172,125.50757598876953,35.72402572631836,50.08645248413086
2023-05-31,64.53691864013672,42.465232849121094,401.0663757324219,141.7794647216797,40.27165222167969,118.97626495361328,198.4156494140625,42.72224044799805,124.96978759765625,35.46969223022461,50.08645248413086
2023-06-01,64.71144104003906,42.51128387451172,404.8768310546875,142.8811492919922,40.89426803588867,119.85986328125,200.39808654785156,42.77617645263672,125.7950439453125,36.078269958496094,50.3524284362793
2023-06-02,64.34825134277344,42.3462028503418,410.73187255859375,148.26812744140625,41.49884033203125,122.9012222290039,203.7117156982422,42.67729949951172,128.27088928222656,36.650508880615234,50.294795989990234
2023-06-05,64.35708618164062,42.259315490722656,409.9447937011719,146.45692443847656,41.23716354370117,122.49199676513672,203.1753692626953,42.7402229309082,127.90924072265625,36.61417770385742,50.55003356933594
2023-06-06,64.44568634033203,42.3375129699707,410.8374328613281,149.80860900878906,41.59809875488281,123.72901153564453,204.10435485839844,42.713260650634766,128.32650756835938,36.895748138427734,50.624141693115234
2023-06-07,64.08248138427734,42.15506362915039,409.41680908203125,152.97357177734375,41.20106506347656,125.43106079101562,203.7021484375,42.66831588745117,129.4299774169922,36.814002990722656,50.303001403808594
2023-06-08,64.4013900756836,42.259315490722656,411.8932800292969,152.22671508789062,41.62516784667969,125.17992401123047,204.65980529785156,42.7402229309082,129.6710662841797,37.013824462890625,50.58297348022461
2023-06-09,64.26851654052734,42.30276107788086,412.63232421875,151.2556915283203,41.60712432861328,124.96601104736328,204.88009643554688,42.65932083129883,129.65252685546875,37.113739013671875,50.4594612121582
2023-06-12,64.4013900756836,42.363590240478516,416.3756408691406,151.77854919433594,41.79661178588867,125.34735107421875,206.7188720703125,42.695281982421875,130.02346801757812,37.20457077026367,50.73942565917969
2023-06-13,64.11795043945312,42.19850158691406,419.1207275390625,153.5524139404297,42.202667236328125,126.7703857421875,208.24163818359375,42.596397399902344,130.9507293701172,37.513397216796875,50.681793212890625
2023-06-14,64.17106628417969,42.181121826171875,419.6198425292969,152.38540649414062,42.310951232910156,126.342529296875,208.24163818359375,42.614383697509766,130.47784423828125,37.867645263671875,50.83823776245117
2023-06-15,64.5697021484375,42.21586990356445,424.8221740722656,153.8138427734375,42.70798873901367,127.81205749511719,210.7794952392578,42.75819778442383,132.0634765625,38.2309684753418,51.027618408203125
2023-06-16,64.42797088623047,42.259315490722656,423.3751220703125,153.291015625,42.581661224365234,127.9422836303711,209.98463439941406,42.695281982421875,132.02639770507812,38.0947151184082,50.92058563232422
2023-06-20,64.51654052734375,42.363590240478516,421.1785888671875,152.10533142089844,42.00974655151367,126.6122817993164,208.9502716064453,42.695281982421875,130.9136199951172,37.41617202758789,50.88763427734375
2023-06-21,64.62285614013672,42.37226486206055,419.02056884765625,151.97459411621094,42.0734977722168,126.8075942993164,207.80104064941406,42.695281982421875,130.90435791015625,37.35224914550781,51.13465881347656
2023-06-22,64.31281280517578,42.20719528198242,420.5331115722656,150.53683471679688,41.818504333496094,126.01702880859375,208.3565216064453,42.66831588745117,130.4407196044922,37.1878662109375,50.96175003051758
2023-06-23,64.49884033203125,42.42440414428711,417.35394287109375,148.65643310546875,41.144596099853516,124.93573760986328,206.6328125,42.695281982421875,129.49891662597656,36.66730499267578,51.019386291503906
2023-06-26,64.57856750488281,42.53733825683594,415.648681640625,150.22421264648438,41.2720947265625,125.94590759277344,205.91184997558594,42.70426940917969,130.0029754638672,36.7860221862793,51.192298889160156
2023-06-27,64.45454406738281,42.48522186279297,420.2055969238281,152.58056640625,41.60904312133789,127.61083984375,208.42095947265625,42.65932083129883,130.82435607910156,37.13306427001953,51.13465881347656
2023-06-28,64.65829467773438,42.580780029296875,420.41754150390625,152.63687133789062,41.61815643310547,127.25540924072266,208.5939483642578,42.70426940917969,130.52565002441406,36.98694610595703,51.217002868652344
2023-06-29,64.17106628417969,42.40701675415039,422.0745544433594,154.65524291992188,41.563514709472656,128.3778533935547,209.5938262939453,42.57843017578125,131.51504516601562,36.83169174194336,50.92058563232422
2023-06-30,64.39254760742188,42.467838287353516,427.05535888671875,155.27487182617188,42.0552864074707,129.43479919433594,211.7664337158203,42.623374938964844,132.6351318359375,37.151336669921875,51.274654388427734
2023-07-03,64.20957946777344,42.352962493896484,427.5466613769531,156.1854705810547,42.128135681152344,130.20179748535156,212.40093994140625,42.62246322631836,133.14849853515625,37.516632080078125,51.334224700927734
2023-07-05,63.943138122558594,42.25724411010742,426.9107971191406,154.56137084960938,41.67279052734375,129.75282287597656,211.75682067871094,42.56813430786133,132.57911682128906,37.333980560302734,51.21013641357422
2023-07-06,63.534645080566406,42.039695739746094,423.5677795410156,152.78709411621094,40.935142517089844,128.8735809326172,209.87257385253906,42.46853256225586,131.2816925048828,36.62163162231445,50.424190521240234
2023-07-07,63.49911880493164,41.97007369995117,422.4984436035156,154.40179443359375,41.28120422363281,129.44415283203125,209.6129913330078,42.49569320678711,131.0763702392578,37.06000518798828,50.349727630615234
2023-07-10,63.721134185791016,41.943973541259766,423.5677795410156,156.0728302001953,41.39048385620117,130.35145568847656,210.52630615234375,42.55002975463867,131.85108947753906,37.06913375854492,50.57310485839844
2023-07-11,63.854339599609375,41.97007369995117,426.2652893066406,157.94100952148438,41.79118728637695,132.13796997070312,212.17984008789062,42.5138053894043,133.12045288085938,37.397911071777344,50.91228485107422
2023-07-12,64.36055755615234,42.16151809692383,429.695068359375,159.0581512451172,42.59258270263672,132.5963134765625,213.80450439453125,42.722076416015625,133.4564971923828,38.11024856567383,51.392120361328125
2023-07-13,64.75130462646484,42.396484375,433.10546875,159.95941162109375,43.24828338623047,133.08270263671875,215.61180114746094,42.85790252685547,133.745849609375,38.53035354614258,51.987796783447266
2023-07-14,64.44937133789062,42.30075454711914,432.835693359375,158.3540496826172,42.98417663574219,132.04446411132812,215.2946014404297,42.713016510009766,133.31649780273438,38.29290008544922,51.59895706176758
2023-07-17,64.52043151855469,42.34425735473633,434.338623046875,159.3585662841797,42.96596908569336,132.23150634765625,216.11175537109375,42.74923324584961,133.36318969726562,38.338558197021484,51.7644157409668
2023-07-18,64.6003189086914,42.52702331542969,437.56597900390625,161.37693786621094,43.27560043334961,133.11077880859375,217.8325653076172,42.722076416015625,134.31521606445312,38.0645866394043,51.847145080566406
2023-07-19,64.75130462646484,42.553123474121094,438.5390625,162.4283905029297,43.266483306884766,133.9338836669922,218.39976501464844,42.76734924316406,135.07127380371094,38.009788513183594,51.83887481689453
2023-07-20,64.44937133789062,42.37907409667969,435.6295166015625,162.02471923828125,43.011497497558594,134.27059936523438,216.8231658935547,42.74923324584961,136.2566680908203,37.772342681884766,51.5079460144043
2023-07-21,64.49376678466797,42.48349380493164,435.6295166015625,161.1516571044922,43.06614303588867,134.39218139648438,216.80393981933594,42.7582893371582,136.67669677734375,37.75408172607422,51.57413101196289
2023-07-24,64.38721466064453,42.474788665771484,437.57562255859375,162.02471923828125,43.02061080932617,134.73828125,217.572998046875,42.79450988769531,137.37673950195312,38.25636672973633,51.6982307434082
2023-07-25,64.31616973876953,42.474788665771484,438.7702331542969,161.94021606445312,43.148101806640625,134.6540985107422,218.12098693847656,42.7582893371582,137.19007873535156,38.54861831665039,51.70649719238281
2023-07-26,64.52931213378906,42.50089645385742,438.83770751953125,163.05738830566406,43.20274353027344,134.916015625,218.28440856933594,42.812625885009766,137.3487548828125,38.78606414794922,51.77269744873047
2023-07-27,63.97865676879883,42.36167526245117,435.9282531738281,161.29244995117188,43.02061080932617,133.3820343017578,216.60203552246094,42.722076416015625,136.49002075195312,38.35683059692383,51.392120361328125
2023-07-28,64.2006607055664,42.44868469238281,440.1960754394531,162.83206176757812,43.37577438354492,133.81227111816406,218.86122131347656,42.79450988769531,136.93809509277344,39.288352966308594,51.9464225769043
2023-07-31,64.31616973876953,42.41389083862305,441.03424072265625,163.71456909179688,43.37577438354492,134.28932189941406,219.52455139160156,42.83073425292969,137.2180938720703,39.33401107788086,52.02914810180664
2023-08-01,63.91811752319336,42.25872802734375,439.772216796875,163.4329071044922,42.89310836791992,133.69068908691406,218.92852783203125,42.7582893371582,136.90072631835938,38.78606414794922,51.59022903442383
2023-08-02,63.713321685791016,42.25872802734375,433.6546630859375,161.93084716796875,42.06438446044922,133.0359344482422,215.8233184814453,42.74018859863281,136.07933044433594,37.94586181640625,51.216156005859375
2023-08-03,63.321510314941406,42.14540100097656,432.4118347167969,161.3018341064453,41.9368896484375,132.45599365234375,215.198486328125,42.69491958618164,135.69664001464844,38.11024856567383,50.79219055175781
2023-08-04,63.84685134887695,42.27615737915039,430.4561462402344,161.36756896972656,42.0552864074707,131.9883270263672,214.28518676757812,42.86695861816406,135.0899658203125,38.15591049194336,51.40735626220703
2023-08-07,63.74892807006836,42.18899154663086,434.2134094238281,162.75694274902344,42.392234802246094,133.12945556640625,215.9290771484375,42.903175354003906,136.46202087402344,38.091983795166016,51.33252716064453
2023-08-08,63.980438232421875,42.424339294433594,432.32513427734375,161.64918518066406,42.0734977722168,132.3063507080078,214.92930603027344,42.903175354003906,135.8459930419922,37.69928741455078,51.40735626220703
2023-08-09,63.99827575683594,42.38947677612305,429.43499755859375,160.6728515625,42.109928131103516,131.80125427246094,213.39112854003906,42.89411926269531,135.4259490966797,37.76321029663086,51.44059371948242
2023-08-10,63.64206314086914,42.25872802734375,429.58905029296875,160.1659393310547,42.237422943115234,131.4364471435547,213.42958068847656,42.83073425292969,135.2112579345703,37.83626937866211,51.28265380859375
2023-08-11,63.43727111816406,42.17155838012695,429.33856201171875,160.31613159179688,42.00064468383789,131.5861053466797,213.22769165039062,42.80356979370117,135.78067016601562,37.288326263427734,51.2493896484375
2023-08-14,63.35712814331055,42.08439254760742,431.70855712890625,159.81858825683594,41.82761764526367,131.17453002929688,214.28518676757812,42.74018859863281,135.64999389648438,37.11479568481445,50.75061798095703
2023-08-15,63.21463394165039,41.97978591918945,426.6797180175781,157.49038696289062,41.24477005004883,129.22901916503906,211.8529510498047,42.69491958618164,133.90452575683594,36.72209548950195,50.41810989379883
2023-08-16,63.03656005859375,41.9710807800293,423.548583984375,156.1573028564453,40.91693115234375,128.40589904785156,210.10333251953125,42.65869140625,133.1578369140625,36.47551727294922,50.301719665527344
2023-08-17,62.97420120239258,41.910057067871094,420.3211669921875,154.73037719726562,40.64372634887695,127.41441345214844,208.38246154785156,42.69491958618164,132.59780883789062,36.594242095947266,50.18533706665039
2023-08-18,63.10780715942383,42.049530029296875,420.5234680175781,155.1997833251953,40.64372634887695,127.62018585205078,208.622802734375,42.722076416015625,132.91513061523438,36.36593246459961,50.210269927978516
2023-08-21,62.80503463745117,41.89262008666992,423.259521484375,154.73037719726562,40.77122116088867,127.21798706054688,209.8245086669922,42.676795959472656,132.700439453125,36.448123931884766,49.90270233154297
2023-08-22,62.88518142700195,42.005943298339844,422.11309814453125,153.678955078125,40.680152893066406,126.73162841796875,209.26693725585938,42.685855865478516,131.9071044921875,36.38418960571289,50.05232238769531
2023-08-23,63.455074310302734,42.32846450805664,426.814453125,155.11526489257812,41.117286682128906,127.71376037597656,211.55491638183594,42.812625885009766,132.7284698486328,36.92301940917969,50.78386688232422
2023-08-24,63.30369567871094,42.30231475830078,420.899169921875,154.16708374023438,40.59819412231445,126.8438720703125,208.71897888183594,42.74923324584961,131.77639770507812,36.76776123046875,50.54279708862305
2023-08-25,63.30369567871094,42.2674446105957,423.86651611328125,154.5050506591797,40.853179931640625,127.19931030273438,210.14175415039062,42.74018859863281,132.4857940673828,36.740360260009766,50.700740814208984
2023-08-28,63.41944885253906,42.27615737915039,426.5543518066406,155.96018981933594,41.28120422363281,128.12530517578125,211.48765563964844,42.7582893371582,133.1764678955078,37.10567092895508,50.78386688232422
2023-08-29,63.81124496459961,42.37204360961914,432.7201232910156,157.8565216064453,41.80939483642578,129.44415283203125,214.56398010253906,42.86695861816406,134.32455444335938,37.59883117675781,51.307594299316406
2023-08-30,63.78453826904297,42.30231475830078,434.5023498535156,158.27896118164062,41.800289154052734,129.62188720703125,215.51568603515625,42.83979034423828,134.51126098632812,37.461830139160156,51.1579475402832
2023-08-31,63.891395568847656,42.502803802490234,433.86651611328125,158.13816833496094,41.6636962890625,129.07937622070312,215.28497314453125,42.903175354003906,133.95120239257812,37.01433563232422,51.1579475402832
2023-09-01,63.584224700927734,42.405879974365234,434.6758117675781,159.9218292236328,41.727439880371094,129.5189971923828,215.99636840820312,42.876014709472656,134.42726135253906,37.41617202758789,51.0142822265625
2023-09-05,63.236000061035156,42.143978118896484,432.7971496582031,156.1948699951172,41.354061126708984,127.51734924316406,214.7082061767578,42.85790252685547,133.12045288085938,37.19698715209961,50.546485900878906
2023-09-06,63.16456604003906,42.143978118896484,429.8876953125,155.43446350097656,41.19013977050781,127.58280944824219,213.3622589111328,42.80356979370117,132.7564697265625,37.023475646972656,50.4713134765625
2023-09-07,63.378875732421875,42.24872589111328,428.5679016113281,153.99810791015625,41.02621078491211,127.24605560302734,212.63162231445312,42.89411926269531,132.84046936035156,36.63990783691406,50.69684600830078
2023-09-08,63.39674758911133,42.24872589111328,429.21331787109375,154.260986328125,40.97157669067383,127.46117401123047,212.8623809814453,42.92128372192383,133.12982177734375,36.71297073364258,50.78873825073242
2023-09-11,63.298500061035156,42.152687072753906,432.03607177734375,154.22341918945312,41.4360237121582,127.62018585205078,214.19866943359375,42.94845199584961,133.43783569335938,37.13306427001953,50.71355438232422
2023-09-12,63.343143463134766,42.143978118896484,429.6661071777344,154.54261779785156,41.253883361816406,127.48927307128906,213.16041564941406,42.94845199584961,133.56851196289062,37.0326042175293,50.7052001953125
2023-09-13,63.44135665893555,42.1876106262207,430.1671142578125,153.4254608154297,41.17192077636719,126.85321807861328,213.18923950195312,42.98467254638672,133.41920471191406,36.99606704711914,50.73025894165039
2023-09-14,63.33423614501953,42.28364944458008,433.8761291503906,155.69732666015625,41.727439880371094,128.46202087402344,215.01580810546875,42.98467254638672,134.9032745361328,37.21525955200195,50.76367950439453
2023-09-15,63.209228515625,42.143978118896484,428.648681640625,154.43934631347656,41.63637161254883,127.78858184814453,212.48745727539062,42.94845199584961,133.9698486328125,37.023475646972656,50.613311767578125
2023-09-18,63.271728515625,42.082847595214844,428.9000549316406,154.05445861816406,41.48049545288086,127.50794219970703,212.50669860839844,42.95750427246094,134.0165557861328,36.96639633178711,50.62166213989258
2023-09-19,63.13779067993164,42.004249572753906,428.0106201171875,153.8009796142578,41.489662170410156,127.45183563232422,211.96832275390625,42.93034362792969,133.6711883544922,36.78224563598633,50.56317901611328
2023-09-20,63.057430267333984,42.06536865234375,424.07574462890625,153.05931091308594,41.35212707519531,127.09642028808594,210.0936737060547,42.85790252685547,133.33517456054688,36.6717643737793,50.5130729675293
2023-09-21,62.664554595947266,42.021732330322266,417.0664978027344,150.6100616455078,40.664451599121094,125.0671157836914,206.56996154785156,42.83979034423828,131.66041564941406,36.08251190185547,50.045284271240234
2023-09-22,62.923492431640625,42.04791259765625,416.1286926269531,149.93992614746094,40.710304260253906,124.56875610351562,206.13577270507812,42.876014709472656,131.20956420898438,36.50604248046875,50.22905349731445
2023-09-25,62.45918273925781,41.88202667236328,417.8785705566406,150.77049255371094,40.5544319152832,124.91665649414062,206.96556091308594,42.80356979370117,131.6134033203125,36.36792755126953,49.9283447265625
2023-09-26,62.39665222167969,41.855838775634766,411.73944091796875,148.49583435058594,39.976776123046875,123.03594207763672,203.98410034179688,42.74923324584961,129.98846435546875,35.94440460205078,49.560787200927734
2023-09-27,62.1734504699707,41.74232864379883,411.9037780761719,149.4585723876953,39.885093688964844,122.97014617919922,204.19638061523438,42.74018859863281,129.84762573242188,35.990440368652344,49.45219802856445
2023-09-28,62.33413314819336,41.69867706298828,414.291748046875,151.0725555419922,40.215171813964844,123.51555633544922,205.5471954345703,42.83979034423828,130.40176391601562,36.0640983581543,49.53572463989258
2023-09-29,62.30739974975586,41.759796142578125,413.28631591796875,150.53456115722656,40.08681106567383,123.1488037109375,204.948974609375,42.812625885009766,129.556396484375,36.100921630859375,49.41877365112305
2023-10-02,61.8793830871582,41.60151290893555,413.1219787597656,148.12774658203125,39.46332550048828,121.15524291992188,204.67881774902344,42.73236083984375,128.30714416503906,35.97201919555664,48.93770980834961
2023-10-03,61.37799835205078,41.46159362792969,407.5919494628906,145.78697204589844,38.96820068359375,120.00801086425781,201.70697021484375,42.61378479003906,127.20816040039062,35.51167297363281,48.37520217895508
2023-10-04,61.7808837890625,41.549041748046875,410.5599670410156,146.35330200195312,38.986534118652344,120.78849792480469,203.16395568847656,42.66850662231445,127.35844421386719,35.36436080932617,48.53472900390625
2023-10-05,61.825660705566406,41.61901092529297,410.4052734375,146.31553649902344,39.34412384033203,120.46879577636719,203.0578155517578,42.70499801635742,126.9545669555664,35.51167297363281,48.551509857177734
2023-10-06,61.58390808105469,41.53153991699219,415.2779541015625,147.30657958984375,39.75672912597656,121.33392333984375,205.47967529296875,42.66850662231445,127.79993438720703,35.9996452331543,48.58509826660156
2023-10-09,62.21066665649414,41.79390335083008,417.9366149902344,148.5146942138672,39.729225158691406,122.2648696899414,206.7725830078125,42.83269119262695,128.9176788330078,35.77867889404297,48.79499053955078
2023-10-10,62.14798355102539,41.73268508911133,420.1119384765625,149.74168395996094,40.23351287841797,123.26165771484375,208.0558624267578,42.83269119262695,129.697265625,36.349517822265625,48.85374450683594
2023-10-11,62.43452835083008,41.98630142211914,421.8328552246094,150.44015502929688,40.4077262878418,123.6753921508789,208.8760223388672,42.86917495727539,129.61277770996094,36.45999526977539,49.25674057006836
2023-10-12,61.89728546142578,41.767669677734375,419.2611083984375,147.71240234375,40.059303283691406,121.9827651977539,207.1971435546875,42.85093307495117,128.65467834472656,36.073307037353516,48.82856750488281
2023-10-13,62.18380355834961,41.94256591796875,417.1728515625,146.6458740234375,39.70170974731445,121.86052703857422,206.02964782714844,42.969505310058594,128.97401428222656,35.93519592285156,48.96289825439453
2023-10-16,61.861488342285156,41.785160064697266,421.5621032714844,149.05270385742188,40.01346206665039,123.34627532958984,208.42251586914062,42.960384368896484,130.26084899902344,36.192996978759766,48.845367431640625
2023-10-17,61.45857620239258,41.5402946472168,421.542724609375,150.8648681640625,40.02262878417969,124.17378997802734,208.69268798828125,42.86005783081055,130.58023071289062,36.03647232055664,48.685848236083984
2023-10-18,61.189945220947266,41.46159362792969,415.9256286621094,147.7407684326172,39.34412384033203,121.96394348144531,205.60507202148438,42.823570251464844,129.23703002929688,35.44722366333008,48.28285217285156
2023-10-19,60.92134094238281,41.435340881347656,412.2711486816406,145.61708068847656,39.02321243286133,120.16788482666016,203.6656951904297,42.905662536621094,128.05352783203125,35.31832504272461,48.0225944519043
2023-10-20,61.14518356323242,41.522796630859375,407.2052001953125,143.88040161132812,38.65644454956055,118.58808135986328,201.1473846435547,42.9786262512207,126.77609252929688,34.89480209350586,48.22409439086914
2023-10-23,61.37799835205078,41.63649368286133,406.4993896484375,142.56846618652344,38.67478942871094,117.76997375488281,200.5973663330078,42.94214630126953,125.79924774169922,34.821144104003906,48.450767517089844
2023-10-24,61.58390808105469,41.73268508911133,409.5641174316406,143.33297729492188,38.86733627319336,118.71973419189453,202.11227416992188,42.91477966308594,126.64459991455078,35.25387954711914,48.83696365356445
2023-10-25,61.118316650390625,41.487815856933594,403.68603515625,141.64349365234375,38.528079986572266,117.72295379638672,199.1115264892578,42.8782958984375,125.98706817626953,34.87638473510742,48.49275588989258
2023-10-26,61.530155181884766,41.6889533996582,398.85205078125,142.71005249023438,38.24384307861328,118.31537628173828,197.04664611816406,42.9786262512207,125.55501556396484,34.747493743896484,48.61866760253906
2023-10-27,61.530155181884766,41.75893783569336,397.04412841796875,140.803466796875,38.12464141845703,116.85782623291016,195.98529052734375,43.05160140991211,123.81732940673828,34.78432083129883,48.61866760253906
2023-10-30,61.37799835205078,41.706443786621094,401.7911071777344,142.0115966796875,38.64727783203125,117.73235321044922,198.24313354492188,43.01511764526367,125.08538818359375,35.09735107421875,48.71942138671875
2023-10-31,61.36006164550781,41.69770431518555,404.3144226074219,143.24801635742188,38.72980499267578,118.66331481933594,199.52635192871094,42.99687576293945,126.13737487792969,34.931617736816406,48.711036682128906
2023-11-01,61.95545959472656,41.92898178100586,408.62640380859375,144.19186401367188,39.124061584472656,119.38737487792969,201.523681640625,43.12456512451172,126.67279052734375,35.18022155761719,49.37858963012695
2023-11-02,62.314674377441406,42.10419845581055,416.45745849609375,147.6558074951172,40.00429153442383,122.0203857421875,205.5279083251953,43.12456512451172,129.05859375,35.72344207763672,49.825870513916016
2023-11-03,62.682884216308594,42.288177490234375,420.2569274902344,150.8743133544922,40.517757415771484,124.21141052246094,207.8436279296875,43.24314498901367,130.17633056640625,36.37713623046875,50.273155212402344
2023-11-06,62.41346740722656,42.121726989746094,421.2237243652344,149.26034545898438,40.38938522338867,123.30867767333984,207.93045043945312,43.18841552734375,129.77244567871094,36.48762512207031,49.87649917602539
2023-11-07,62.72777557373047,42.34950637817383,422.42254638671875,148.4297332763672,40.08681106567383,122.67863464355469,208.5479278564453,43.197540283203125,129.3122100830078,36.49683380126953,50.14656448364258
2023-11-08,62.92534637451172,42.47216796875,422.7319030761719,147.63690185546875,39.99512481689453,122.20845031738281,208.51898193359375,43.17017364501953,128.97401428222656,36.33110427856445,50.20563507080078
2023-11-09,62.45835494995117,42.30570602416992,419.4352111816406,145.97573852539062,39.976776123046875,121.24928283691406,206.74362182617188,43.0698356628418,127.92204284667969,36.008853912353516,49.75834655761719
2023-11-10,62.57512664794922,42.34075164794922,425.98040771484375,147.51422119140625,40.18766403198242,122.49993896484375,209.82159423828125,43.0698356628418,129.27462768554688,36.2574462890625,49.9271354675293
2023-11-13,62.55716323852539,42.33198165893555,425.5743103027344,147.19329833984375,40.24267578125,122.18025207519531,209.69618225097656,43.09720230102539,129.19944763183594,36.3218879699707,49.72459411621094
2023-11-14,63.32048034667969,42.656131744384766,433.8307800292969,153.6775665283203,41.33379364013672,125.96046447753906,214.34683227539062,43.24314498901367,131.51953125,37.168949127197266,50.636051177978516
2023-11-15,62.97024154663086,42.59481430053711,434.74920654296875,154.47039794921875,41.297119140625,126.42124938964844,214.87753295898438,43.15193176269531,132.1300506591797,37.4267463684082,50.3491096496582
2023-11-16,63.347408294677734,42.761268615722656,435.2809143066406,152.6110076904297,41.20542526245117,125.99807739257812,214.73280334472656,43.23401641845703,131.81069946289062,37.040042877197266,50.644474029541016
2023-11-17,63.437225341796875,42.80508041381836,435.8223876953125,154.23443603515625,41.718894958496094,126.71276092529297,215.27313232421875,43.25225830078125,132.42124938964844,37.1873664855957,50.81326675415039
2023-11-20,63.527034759521484,42.848876953125,439.1771545410156,154.4137725830078,41.90227508544922,126.93846893310547,216.8941192626953,43.2978630065918,132.8157501220703,37.5832633972168,51.09177017211914
2023-11-21,63.616817474365234,42.883907318115234,438.2200012207031,153.13955688476562,41.73722839355469,126.58108520507812,216.3055419921875,43.28874588012695,132.74061584472656,37.36228942871094,51.09177017211914
2023-11-22,63.67070007324219,42.875144958496094,439.911865234375,154.08343505859375,41.819740295410156,127.26753997802734,217.23182678222656,43.279624938964844,133.1726531982422,37.261016845703125,51.3533821105957
2023-11-24,63.365379333496094,42.68241882324219,440.1826171875,154.8290252685547,42.094818115234375,127.72833251953125,217.46340942382812,43.23401641845703,133.6798858642578,37.380706787109375,51.277427673339844
2023-11-27,63.75155258178711,42.90143585205078,439.38983154296875,154.5836639404297,41.98478698730469,127.40859985351562,217.18356323242188,43.279624938964844,133.20083618164062,37.205772399902344,51.463104248046875
2023-11-28,64.0209732055664,43.024085998535156,439.8248596191406,153.92294311523438,42.05813980102539,127.2769546508789,217.31866455078125,43.39820098876953,133.14447021484375,37.50960922241211,51.77534484863281
2023-11-29,64.35322570800781,43.24310302734375,439.5154724121094,154.6591796875,42.159000396728516,127.71891784667969,217.4151611328125,43.48029327392578,133.29478454589844,37.29784393310547,52.096046447753906
2023-11-30,64.14667510986328,43.12921905517578,441.2460632324219,155.65020751953125,42.140663146972656,128.93197631835938,218.31243896484375,43.4346809387207,134.56283569335938,37.4083366394043,51.766910552978516
2023-12-01,64.669921875,43.38987350463867,443.85638427734375,159.78424072265625,42.57160186767578,131.13238525390625,220.15541076660156,43.55325698852539,135.75572204589844,37.564849853515625,52.530799865722656
2023-12-04,64.40874481201172,43.41619873046875,441.5264892578125,161.18116760253906,42.1956787109375,131.1417999267578,219.3642120361328,43.48941421508789,135.77450561523438,37.2333984375,52.259498596191406
2023-12-05,64.82300567626953,43.65315628051758,441.439453125,158.94422912597656,42.05813980102539,129.9851837158203,218.93963623046875,43.51677703857422,134.8446044921875,37.10449981689453,52.47993850708008
2023-12-06,65.01213836669922,43.78479766845703,439.6605529785156,158.67051696777344,42.140663146972656,130.32373046875,218.0133819580078,43.47117233276367,134.56283569335938,37.0584602355957,52.79362869262695
2023-12-07,64.99411010742188,43.73215103149414,443.01531982421875,159.94471740722656,42.342376708984375,130.8502960205078,219.7598114013672,43.48941421508789,134.87278747558594,37.205772399902344,52.717315673828125
2023-12-08,64.67892456054688,43.547847747802734,444.919921875,160.6903533935547,42.443241119384766,131.32989501953125,220.8115234375,43.425567626953125,135.40818786621094,37.02163314819336,52.66645431518555
2023-12-11,64.68791961669922,43.5302848815918,446.6504211425781,161.4737548828125,42.562435150146484,132.25144958496094,221.71847534179688,43.41644287109375,136.6855926513672,37.1873664855957,52.47993850708008
2023-12-12,64.87702178955078,43.63560485839844,448.6903991699219,161.05848693847656,42.57160186767578,132.25144958496094,222.55796813964844,43.407318115234375,136.78895568847656,37.1873664855957,52.62405776977539
2023-12-13,65.70556640625,43.99542999267578,454.8779296875,165.72103881835938,43.259281158447266,135.27935791015625,226.01220703125,43.69919204711914,138.95870971679688,37.5372314453125,53.548179626464844
2023-12-14,66.20086669921875,44.144630432128906,456.3377685546875,170.1854705810547,43.63520812988281,137.10366821289062,227.3533477783203,43.881614685058594,140.33944702148438,38.03440856933594,54.01447296142578
2023-12-15,66.1018295288086,44.24993896484375,455.58642578125,168.5054473876953,43.18593215942383,135.82476806640625,227.0446014404297,43.83601379394531,139.5504608154297,37.81344223022461,54.06536102294922
2023-12-18,65.96673583984375,44.19728469848633,458.1491394042969,168.4487762451172,43.334556579589844,135.78717041015625,228.02877807617188,43.81777572631836,139.8979949951172,37.80874252319336,54.06536102294922
2023-12-19,66.09280395507812,44.42545700073242,460.93511962890625,170.85562133789062,43.75257873535156,136.96261596679688,229.69801330566406,43.80864715576172,140.84666442871094,38.07208251953125,54.201011657714844
2023-12-20,66.3089370727539,44.6273193359375,454.54779052734375,168.00521850585938,43.29739761352539,134.64932250976562,226.27268981933594,43.89073944091797,138.60179138183594,37.272647857666016,54.26036071777344
2023-12-21,66.2999267578125,44.56589126586914,458.8577575683594,170.2605438232422,44.03125762939453,136.0841827392578,228.7747039794922,43.89073944091797,139.93641662597656,37.9968376159668,54.29426574707031
2023-12-22,66.25567626953125,44.5451545715332,459.7799377441406,171.3150177001953,44.133426666259766,136.5580596923828,229.29798889160156,43.85190963745117,140.4755859375,37.86516571044922,54.246559143066406
2023-12-26,66.31888580322266,44.56318283081055,461.7213439941406,172.6260223388672,44.328514099121094,137.36361694335938,230.4317169189453,43.87964630126953,141.222900390625,38.109703063964844,54.37433624267578
2023-12-27,66.74337768554688,44.82468032836914,462.5561828613281,172.7115478515625,44.57932662963867,137.6100311279297,230.86778259277344,43.94435501098633,141.49716186523438,38.31661605834961,54.612857818603516
2023-12-28,66.58079528808594,44.6713981628418,462.7309265136719,172.84454345703125,44.505008697509766,137.8943634033203,230.7515106201172,43.888893127441406,141.7147674560547,38.55175018310547,54.47655487060547
2023-12-29,66.42727661132812,44.51810073852539,461.39129638671875,170.97303771972656,44.49571990966797,137.42996215820312,229.8697052001953,43.89813232421875,141.4120330810547,38.65520095825195,54.306182861328125
2024-01-02,66.1473159790039,44.346778869628906,458.8092041015625,170.70700073242188,44.00338363647461,137.77113342285156,228.32894897460938,43.85190963745117,142.28225708007812,38.203758239746094,53.82062530517578
2024-01-03,66.20149993896484,44.48202133178711,455.0622863769531,166.80245971679688,43.650394439697266,136.00840759277344,226.13897705078125,43.888893127441406,141.3931427001953,38.09088897705078,53.539512634277344
2024-01-04,65.9034423828125,44.211509704589844,453.596435546875,166.3939666748047,43.75257873535156,135.8851776123047,225.5575714111328,43.842674255371094,141.25125122070312,38.02505874633789,53.26691436767578
2024-01-05,65.70477294921875,44.10331344604492,454.2177429199219,167.09698486328125,43.78044509887695,136.42535400390625,225.896728515625,43.79645538330078,141.52554321289062,38.08148956298828,53.05394744873047
2024-01-08,65.99375915527344,44.1844596862793,460.7021179199219,169.03500366210938,44.23562240600586,137.5342254638672,229.12356567382812,43.82418441772461,142.47145080566406,38.14732360839844,53.11357879638672
2024-01-09,65.98474884033203,44.14839172363281,460.00323486328125,167.781005859375,43.836177825927734,136.5864715576172,228.69717407226562,43.82418441772461,141.67689514160156,37.70528030395508,52.92616653442383
2024-01-10,65.8673095703125,44.08527374267578,462.6047058105469,168.13247680664062,44.077701568603516,136.94662475585938,229.87940979003906,43.82418441772461,141.73362731933594,37.667659759521484,53.300994873046875
2024-01-11,66.21052551269531,44.274627685546875,462.40087890625,167.39146423339844,44.03125762939453,136.1694793701172,229.72434997558594,43.95359420776367,141.2701873779297,37.827552795410156,53.7609977722168
2024-01-12,66.34598541259766,44.274627685546875,462.7212219238281,166.83099365234375,44.189170837402344,135.97044372558594,229.7631072998047,44.0830078125,141.29852294921875,38.00624465942383,53.837669372558594
2024-01-16,65.8763427734375,44.0582160949707,461.0224304199219,165.26348876953125,43.39958190917969,134.86163330078125,228.69717407226562,43.981327056884766,140.3904571533203,37.216209411621094,53.37766647338867
2024-01-17,65.72281646728516,43.93197250366211,458.4597473144531,163.8289337158203,42.92582702636719,133.69590759277344,227.32118225097656,43.90737533569336,139.48240661621094,36.717742919921875,53.16468811035156
2024-01-18,65.63249969482422,43.9139518737793,462.53680419921875,164.92147827148438,43.31597900390625,133.8570556640625,229.32705688476562,43.95359420776367,139.92697143554688,36.934059143066406,53.2158203125
2024-01-19,65.63249969482422,43.99510192871094,468.30279541015625,166.58401489257812,43.45531463623047,134.71946716308594,232.11781311035156,43.94435501098633,141.12823486328125,37.272647857666016,53.27544021606445
2024-01-22,65.74088287353516,44.01313781738281,469.29296875,168.7310028076172,43.56679153442383,135.43975830078125,233.12557983398438,43.94435501098633,141.57284545898438,36.9810791015625,53.33506393432617
2024-01-23,65.58733367919922,43.9139518737793,470.66168212890625,167.9235076904297,43.49247741699219,135.3070831298828,233.5519561767578,43.90737533569336,142.0836181640625,37.1879997253418,53.12208938598633
2024-01-24,65.45187377929688,43.83277893066406,471.1761779785156,167.09698486328125,43.76186752319336,134.3593292236328,233.51318359375,43.888893127441406,141.6106719970703,37.667659759521484,52.96876525878906
2024-01-25,65.75894927978516,44.00411605834961,473.7388916015625,168.6644744873047,43.87333679199219,136.10316467285156,234.81166076660156,43.97208023071289,142.84982299804688,37.76171875,53.40321350097656
2024-01-26,65.6595687866211,43.94099426269531,473.1370544433594,169.27247619628906,44.05912399291992,136.1126251220703,234.61785888671875,43.95359420776367,142.92547607421875,37.771114349365234,53.40321350097656
2024-01-29,65.92151641845703,44.10331344604492,476.8839111328125,170.70700073242188,44.3192253112793,136.6623077392578,236.7497100830078,44.0182991027832,143.41734313964844,37.780521392822266,53.616180419921875
2024-01-30,66.03892517089844,44.08527374267578,476.5151062011719,170.4314727783203,44.26348876953125,136.7665557861328,236.42022705078125,43.990570068359375,143.99435424804688,37.423126220703125,53.709877014160156
2024-01-31,66.31888580322266,44.256591796875,468.7396240234375,166.70748901367188,44.01267623901367,135.28810119628906,232.4375762939453,44.1107292175293,142.6416778564453,37.28205108642578,53.64173126220703
2024-02-01,66.7192611694336,44.35234451293945,474.8746032714844,168.44601440429688,44.477142333984375,136.90872192382812,235.5675048828125,44.07376480102539,144.06997680664062,37.53599548339844,54.02333068847656
2024-02-02,66.12144470214844,44.135555267333984,479.87371826171875,167.9519805908203,44.16130447387695,136.52963256835938,237.5830535888672,43.87964630126953,143.98487854003906,37.272647857666016,53.56986618041992
2024-02-05,65.59609985351562,43.93682098388672,478.12640380859375,165.90948486328125,43.87333679199219,134.97532653808594,236.45899963378906,43.83342361450195,142.9633331298828,37.36669921875,53.219051361083984
2024-02-06,65.90406036376953,44.07233428955078,479.5146484375,166.64097595214844,44.14272689819336,135.8946533203125,237.26329040527344,43.916622161865234,143.73895263671875,38.288394927978516,53.60408020019531
2024-02-07,65.77725219726562,44.00006103515625,483.5139465332031,166.86900329589844,44.170597076416016,136.23583984375,239.1334686279297,43.90737533569336,144.15512084960938,38.260189056396484,53.55274963378906
2024-02-08,65.60514068603516,43.90069580078125,483.7275085449219,168.36050415039062,44.09628677368164,136.34957885742188,239.72457885742188,43.90737533569336,144.1929931640625,38.06267547607422,53.51853561401367
2024-02-09,65.55078887939453,43.91876983642578,486.5232238769531,169.5290069580078,44.25419616699219,136.65283203125,241.18777465820312,43.87964630126953,144.15512084960938,38.213165283203125,53.475738525390625
2024-02-12,65.56890869140625,43.96392059326172,486.3096618652344,171.82801818847656,44.36567306518555,137.8943634033203,241.4203338623047,43.89813232421875,144.97808837890625,38.38245391845703,53.509971618652344
2024-02-13,64.99828338623047,43.801326751708984,479.6116027832031,166.83099365234375,43.576080322265625,135.2501983642578,237.55397033691406,43.805694580078125,143.09571838378906,37.67707061767578,52.89392852783203
2024-02-14,65.24284362792969,44.07233428955078,483.97021484375,169.3199920654297,44.114864349365234,136.45382690429688,240.17999267578125,43.87040328979492,143.92813110351562,38.222564697265625,53.227596282958984
2024-02-15,65.42400360107422,44.06328201293945,487.3094482421875,172.45506286621094,44.60719299316406,138.69046020507812,242.0308380126953,43.93510818481445,145.65914916992188,38.45769119262695,53.62975311279297
2024-02-16,65.21566772460938,43.96392059326172,484.8826904296875,171.28651428222656,44.644351959228516,137.97018432617188,240.76141357421875,43.89813232421875,145.3091278076172,38.64579772949219,53.29607391357422
2024-02-20,65.29716491699219,43.97295379638672,482.2132263183594,170.27951049804688,44.80226516723633,137.97967529296875,239.249755859375,43.92586135864258,145.28076171875,38.72104263305664,53.330291748046875
2024-02-21,65.11604309082031,43.78326416015625,482.6500549316406,170.5644989013672,44.83013153076172,138.43455505371094,239.29820251464844,43.90737533569336,145.95236206054688,38.758663177490234,53.29607391357422
2024-02-22,65.14321899414062,43.90069580078125,492.6387023925781,171.6380157470703,45.30388641357422,139.3064727783203,244.02700805664062,43.86115646362305,147.12527465820312,39.09724426269531,53.59552764892578
2024-02-23,65.37872314453125,44.06328201293945,492.9784851074219,172.27452087402344,45.37820816040039,139.72344970703125,244.19171142578125,43.87964630126953,147.58877563476562,39.10664749145508,53.80088806152344
2024-02-26,65.2609634399414,43.981990814208984,491.1728515625,171.77101135253906,45.27602005004883,139.0505828857422,243.45529174804688,43.888893127441406,146.9928436279297,38.9749755859375,53.715309143066406
2024-02-27,65.16133117675781,43.90971374511719,492.0853576660156,172.88255310058594,45.359622955322266,139.9319610595703,244.13360595703125,43.89813232421875,147.20095825195312,39.09724426269531,53.56986618041992
2024-02-28,65.30623626708984,43.954898834228516,491.4349670410156,172.4930419921875,45.11810302734375,140.16891479492188,243.7266082763672,43.97208023071289,147.21986389160156,38.49531555175781,53.681095123291016
2024-02-29,65.41495513916016,44.018123626708984,493.2016906738281,173.46202087402344,45.22028732299805,140.7754364013672,244.75375366210938,44.0182991027832,147.3995819091797,38.579959869384766,53.85221862792969
2024-03-01,65.68925476074219,44.08599090576172,497.8320007324219,174.27903747558594,45.70332336425781,141.5052032470703,247.00184631347656,44.11997604370117,148.35496520996094,39.09724426269531,54.12395095825195
2024-03-04,65.5348129272461,44.04979705810547,497.2981262207031,174.4595489501953,45.582557678222656,142.27284240722656,246.75961303710938,44.101497650146484,148.64817810058594,38.93735885620117,54.10675811767578
2024-03-05,65.88908386230469,44.29411697387695,492.3280334472656,174.5545654296875,45.47109603881836,141.8369140625,244.14324951171875,44.16619873046875,148.07118225097656,38.674007415771484,54.25294876098633
2024-03-06,66.00717163085938,44.33031463623047,494.8227844238281,175.15306091308594,46.0191650390625,142.73724365234375,245.5871124267578,44.16619873046875,149.0076446533203,39.153682708740234,54.433536529541016
2024-03-07,66.11616516113281,44.39366149902344,499.7345886230469,176.58755493164062,46.54865264892578,143.72286987304688,247.9805908203125,44.184688568115234,149.80218505859375,39.3417854309082,54.579708099365234
2024-03-08,66.17974853515625,44.429840087890625,496.735107421875,176.3310546875,46.41860580444336,143.79867553710938,246.5464324951172,44.2216682434082,149.60354614257812,39.275943756103516,54.63130187988281
2024-03-11,66.15249633789062,44.36650848388672,496.3079833984375,176.05555725097656,46.18636703491211,144.0924835205078,246.14915466308594,44.184688568115234,150.18997192382812,39.3794059753418,54.55392074584961
2024-03-12,65.95266723632812,44.36650848388672,501.6469421386719,176.29307556152344,46.539363861083984,144.06405639648438,248.58135986328125,44.156951904296875,150.5872344970703,39.717987060546875,54.476524353027344
2024-03-13,65.8436508178711,44.32127380371094,500.8607177734375,177.0435791015625,46.54865264892578,144.0735321044922,248.2712860107422,44.1477165222168,150.861572265625,39.49226379394531,54.502323150634766
2024-03-14,65.45307922363281,44.16744613647461,499.8705749511719,174.74453735351562,46.24210739135742,142.509765625,247.3119354248047,44.07376480102539,149.94407653808594,39.275943756103516,54.24433517456055
2024-03-15,65.41675567626953,44.15837860107422,496.4381103515625,174.9915313720703,46.201934814453125,142.92677307128906,245.8487548828125,44.05528259277344,149.8683624267578,39.16202926635742,54.07236862182617
2024-03-18,65.33502197265625,44.15837860107422,499.3885498046875,174.58306884765625,46.21126937866211,143.23007202148438,247.0987548828125,44.05528259277344,150.19944763183594,39.24675750732422,54.09816360473633
2024-03-19,65.5075912475586,44.21268844604492,502.1636962890625,175.903564453125,46.286014556884766,144.2251739501953,248.52320861816406,44.11997604370117,151.0034637451172,39.08672332763672,54.356143951416016
2024-03-20,65.62565612792969,44.303157806396484,506.808349609375,178.45909118652344,46.79054641723633,145.33401489257812,251.04266357421875,44.20317077636719,152.17637634277344,39.39738464355469,54.63130187988281
2024-03-21,65.68016052246094,44.31221008300781,508.4831848144531,180.5338592529297,46.81858444213867,146.38438415527344,252.0795135498047,44.24015426635742,153.45758056640625,39.42562484741211,54.76890182495117
2024-03-22,65.89816284179688,44.493186950683594,507.51922607421875,178.6337890625,46.65974426269531,145.3939971923828,251.37062072753906,44.27712631225586,152.72463989257812,39.17144775390625,54.95807647705078
2024-03-25,65.77098846435547,44.36650848388672,506.1170349121094,178.80569458007812,46.59434127807617,145.2226104736328,250.80662536621094,44.249393463134766,152.45816040039062,39.17144775390625,54.91509246826172
2024-03-26,65.82550048828125,44.420799255371094,505.18218994140625,178.56698608398438,46.65974426269531,145.1750030517578,250.35928344726562,44.24015426635742,152.3724822998047,39.08672332763672,54.91509246826172
2024-03-27,66.05257415771484,44.55653762817383,509.4277038574219,182.2716064453125,46.96806716918945,147.6699676513672,252.5666961669922,44.2863655090332,154.5522003173828,39.19027328491211,55.14726638793945
2024-03-28,65.97083282470703,44.511287689208984,509.3303527832031,183.2073211669922,46.8746337890625,148.46986389160156,252.7320098876953,44.267879486083984,155.01861572265625,39.32207489013672,54.906494140625
2024-04-01,65.52079772949219,44.31275177001953,508.4442138671875,181.5554962158203,46.68777847290039,147.34619140625,252.53753662109375,44.181861877441406,154.40943908691406,39.48210906982422,54.66105651855469
2024-04-02,65.4478988647461,44.276485443115234,505.2115478515625,179.1207733154297,46.39813995361328,146.19393920898438,250.20367431640625,44.21886444091797,153.4195098876953,39.6139030456543,54.721553802490234
2024-04-03,65.49346923828125,44.3490104675293,505.7664794921875,179.84640502929688,46.6504020690918,146.43202209472656,250.59268188476562,44.26511001586914,153.4480743408203,39.670387268066406,54.85981750488281
2024-04-04,65.63009643554688,44.4849853515625,499.5929870605469,178.18502807617188,46.27667999267578,145.25119018554688,247.58787536621094,44.3298454284668,151.8775177001953,39.52918243408203,54.82525634765625
2024-04-05,65.3021469116211,44.358089447021484,504.812255859375,179.14942932128906,46.444854736328125,146.1558380126953,250.08702087402344,44.283607482910156,152.87693786621094,39.65156173706055,54.928958892822266
2024-04-08,65.24747467041016,44.31275177001953,505.0946044921875,179.9896240234375,46.66909408569336,146.58436584472656,250.37875366210938,44.255863189697266,152.92454528808594,39.89632034301758,54.928958892822266
2024-04-09,65.48434448242188,44.421539306640625,505.6788635253906,180.4001922607422,46.67843246459961,146.86053466796875,250.73854064941406,44.30210494995117,153.05780029296875,40.2446403503418,55.30921173095703
2024-04-10,64.71908569335938,44.17676544189453,500.6153869628906,176.1799774169922,45.977691650390625,144.2989044189453,247.93797302246094,44.154117584228516,151.1255340576172,39.80218505859375,54.4622917175293
2024-04-11,64.71908569335938,44.158634185791016,504.3935241699219,176.0558624267578,46.14586639404297,143.88941955566406,249.62026977539062,44.16336441040039,150.95419311523438,39.93397521972656,54.30673599243164
2024-04-12,64.86483001708984,44.31275177001953,497.4313659667969,173.55426025390625,45.34236526489258,142.00390625,246.02232360839844,44.24660873413086,148.7554168701172,39.16202926635742,54.15118408203125
2024-04-15,64.43666076660156,44.13143539428711,491.199462890625,171.71151733398438,45.18352508544922,140.8897247314453,242.99806213378906,44.22810745239258,147.9463348388672,38.91727066040039,53.503013610839844
2024-04-16,64.27269744873047,44.013587951660156,490.3036193847656,170.57528686523438,44.70701599121094,139.8136749267578,242.26876831054688,44.19111251831055,147.36572265625,38.437164306640625,53.312889099121094
2024-04-17,64.58243560791016,44.067970275878906,487.40185546875,169.62046813964844,44.73505783081055,139.9564971923828,240.84901428222656,44.22810745239258,147.12777709960938,38.50305938720703,53.736351013183594
2024-04-18,64.4093246459961,44.0045280456543,486.39898681640625,169.76370239257812,44.68833541870117,140.26123046875,240.3531036376953,44.21886444091797,147.35617065429688,38.606605529785156,53.71906661987305
2024-04-19,64.4913330078125,44.04985427856445,482.1535339355469,171.13864135742188,44.71636962890625,141.31825256347656,238.46661376953125,44.22810745239258,148.45083618164062,38.4936408996582,53.865989685058594
2024-04-22,64.51864624023438,44.104248046875,486.59368896484375,172.73316955566406,45.202213287353516,142.24197387695312,240.8101348876953,44.23735809326172,149.50738525390625,38.82313537597656,54.15118408203125
2024-04-23,64.63710021972656,44.04077911376953,492.3678894042969,174.680908203125,45.660030364990234,143.01332092285156,243.6787567138672,44.274356842041016,150.51637268066406,39.14320755004883,54.20301818847656
2024-04-24,64.47309875488281,43.850399017333984,492.13427734375,174.7191162109375,45.52922058105469,143.20379638671875,243.73709106445312,44.255863189697266,150.62106323242188,39.265586853027344,53.883262634277344
2024-04-25,64.29088592529297,43.79600143432617,490.2646484375,173.56381225585938,45.3330192565918,143.1370849609375,242.5799102783203,44.22810745239258,150.39263916015625,39.38796615600586,53.71906661987305
2024-04-26,64.43666076660156,43.91386032104492,494.9093933105469,174.21310424804688,45.669376373291016,142.9180908203125,244.83595275878906,44.24660873413086,150.3069610595703,39.83983612060547,53.926475524902344
2024-04-29,64.62797546386719,44.02265548706055,496.6621398925781,175.32066345214844,45.9216423034668,144.1655731201172,245.79864501953125,44.283607482910156,150.88758850097656,40.2352294921875,54.20301818847656
2024-04-30,64.38201141357422,43.88666534423828,488.7943420410156,172.20799255371094,45.27695846557617,141.937255859375,241.75338745117188,44.20961380004883,148.955322265625,39.698631286621094,53.744991302490234
2024-05-01,64.61410522460938,43.96750259399414,487.2071228027344,172.33212280273438,45.22089767456055,141.6420440673828,241.15048217773438,44.24660873413086,148.5079345703125,39.745704650878906,53.924774169921875
2024-05-02,64.86995697021484,44.058319091796875,491.76422119140625,174.51861572265625,45.8842658996582,142.5086212158203,243.6496124267578,44.348350524902344,149.29800415039062,40.715335845947266,54.33295440673828
2024-05-03,65.19892120361328,44.21271896362305,497.85980224609375,175.91262817382812,46.30470657348633,143.43231201171875,246.53768920898438,44.4130859375,150.16416931152344,41.07306671142578,54.749839782714844
2024-05-06,65.26288604736328,44.276302337646484,503.0010986328125,178.02273559570312,46.66909408569336,144.55601501464844,249.1826934814453,44.4130859375,151.1731414794922,40.99775314331055,54.897483825683594
2024-05-07,65.39079284667969,44.367122650146484,503.5561828613281,177.84133911132812,46.734493255615234,145.23208618164062,249.40631103515625,44.39459228515625,151.65859985351562,40.70592498779297,54.97565841674805
2024-05-08,65.2354736328125,44.32170486450195,503.6047668457031,178.01318359375,46.68777847290039,145.1940460205078,249.23129272460938,44.39459228515625,151.8965301513672,40.668270111083984,54.77590560913086
2024-05-09,65.40910339355469,44.30354690551758,506.5065002441406,179.99917602539062,47.03346633911133,146.67007446289062,250.6996307373047,44.47782516479492,153.2005615234375,40.828304290771484,54.91484832763672
2024-05-10,65.2263412475586,44.19455337524414,507.15899658203125,179.68409729003906,47.052162170410156,146.96527099609375,250.93301391601562,44.45008850097656,153.62890625,40.91302490234375,54.83669662475586
2024-05-13,65.28117370605469,44.20363998413086,507.2270812988281,179.9705352783203,47.042816162109375,146.67007446289062,251.0691375732422,44.44083786010742,153.4956512451172,41.23310089111328,54.84537124633789
2024-05-14,65.47309112548828,44.14006805419922,509.55438232421875,181.57461547851562,47.36982345581055,147.23190307617188,252.2943878173828,44.47782516479492,154.13339233398438,41.44021224975586,55.00170135498047
2024-05-15,65.89341735839844,44.43069839477539,515.8641357421875,182.4721221923828,47.84632873535156,148.33656311035156,255.39642333984375,44.54257583618164,155.4945526123047,41.797943115234375,55.55754089355469
2024-05-16,65.78376007080078,44.37621307373047,514.802734375,181.38363647460938,47.57537078857422,147.9365997314453,254.7059783935547,44.54257583618164,155.3517608642578,41.957977294921875,55.40121078491211
2024-05-17,65.6192626953125,44.25812530517578,515.542724609375,181.48866271972656,47.74354934692383,148.16514587402344,255.0657958984375,44.54257583618164,155.7705841064453,42.25922393798828,55.27961730957031
2024-05-20,65.55530548095703,44.22180938720703,516.13671875,181.2786102294922,47.762237548828125,147.83184814453125,255.328369140625,44.5333251953125,155.10426330566406,42.16508102416992,55.288307189941406
2024-05-21,65.6923828125,44.276302337646484,517.4026489257812,181.0590057373047,47.68749237060547,148.05088806152344,255.8534393310547,44.57956314086914,155.208984375,41.920318603515625,55.34908676147461
2024-05-22,65.61012268066406,44.176395416259766,515.912841796875,179.53131103515625,47.23902130126953,147.0890655517578,254.98800659179688,44.551822662353516,154.60928344726562,41.797943115234375,55.19277572631836
2024-05-23,65.41822814941406,44.10373306274414,512.1444702148438,177.01065063476562,46.977413177490234,144.88929748535156,252.8195343017578,44.50557327270508,152.65802001953125,41.47786331176758,54.8280143737793
2024-05-24,65.49134826660156,44.13098907470703,515.5331420898438,178.56698608398438,47.3604850769043,145.8892059326172,254.6476593017578,44.5333251953125,153.10537719726562,41.60966491699219,54.99301528930664
2024-05-28,65.1806640625,44.00382614135742,515.8933715820312,177.2875518798828,47.36982345581055,144.55601501464844,254.6476593017578,44.54257583618164,152.02027893066406,41.49668884277344,54.689048767089844
2024-05-29,64.94306945800781,43.81309509277344,512.28076171875,175.12014770507812,46.556968688964844,142.90858459472656,252.55697631835938,44.4963264465332,150.43067932128906,40.97892379760742,54.489295959472656
2024-05-30,65.2263412475586,43.9493408203125,508.8824462890625,177.02975463867188,46.977413177490234,144.07989501953125,251.322021484375,44.570308685302734,151.0779266357422,40.90361022949219,54.77590560913086
2024-05-31,65.46394348144531,44.012916564941406,513.517333984375,179.4071807861328,47.38851547241211,146.5081787109375,253.25709533691406,44.65355682373047,153.4195098876953,40.5552978515625,55.04512405395508
2024-06-03,65.82964324951172,44.17308044433594,513.9361572265625,178.32827758789062,47.50997543334961,145.35592651367188,253.3349151611328,44.672054290771484,152.5628204345703,40.9600944519043,55.23454284667969
2024-06-04,66.0771255493164,44.264095306396484,514.5106201171875,175.8362579345703,47.36982345581055,144.6131591796875,253.30575561523438,44.709049224853516,152.3248748779297,40.31995391845703,55.28691482543945
2024-06-05,66.26044464111328,44.3732795715332,520.6256713867188,177.30662536621094,47.69683837890625,145.13690185546875,256.4077453613281,44.75529479980469,153.04827880859375,40.83771514892578,55.426570892333984
2024-06-06,66.26960754394531,44.345985412597656,520.6158447265625,176.78147888183594,47.818302154541016,144.65122985839844,256.1841735839844,44.75529479980469,152.905517578125,41.02599334716797,55.31309127807617
2024-06-07,65.73798370361328,44.16397476196289,519.9829711914062,175.2729034423828,47.22968292236328,144.07989501953125,255.69793701171875,44.62580871582031,152.6675262451172,40.687095642089844,54.946502685546875
2024-06-10,65.63717651367188,44.0274772644043,521.589599609375,175.20606994628906,47.29507827758789,144.3750762939453,256.5535888671875,44.62580871582031,153.2196044921875,40.90361022949219,54.87667465209961
2024-06-11,65.90296173095703,44.14577102661133,522.845703125,174.2608184814453,46.76251983642578,143.5180206298828,256.9912414550781,44.66279983520508,152.2963104248047,40.809471130371094,55.094879150390625
2024-06-12,66.20547485351562,44.264095306396484,527.1399536132812,176.46641540527344,47.332454681396484,144.1846160888672,259.41253662109375,44.644309997558594,152.53427124023438,41.129547119140625,55.2956428527832
2024-06-13,66.49879455566406,44.40968704223633,528.2012329101562,175.06285095214844,46.66909408569336,143.87037658691406,259.52923583984375,44.718299865722656,152.89598083496094,41.08247756958008,55.452762603759766
2024-06-14,66.59960174560547,44.54618835449219,528.5225830078125,172.92410278320312,46.24864196777344,142.75619506835938,259.334716796875,44.718299865722656,152.47714233398438,41.19545364379883,55.40910720825195
2024-06-17,66.35211944580078,44.44608688354492,532.7291259765625,174.404052734375,46.41682434082031,143.71800231933594,261.30877685546875,44.709049224853516,153.66696166992188,41.42137908935547,55.23454284667969
2024-06-18,66.58125305175781,44.5552864074707,534.0826416015625,174.75732421875,46.60369110107422,144.27032470703125,261.9700012207031,44.810787200927734,154.2380828857422,41.7508659362793,55.58369064331055
2024-06-20,66.45293426513672,44.48249435424805,532.6318359375,174.51861572265625,46.60369110107422,144.59410095214844,261.30877685546875,44.838539123535156,154.50462341308594,41.67555618286133,55.435302734375
2024-06-21,66.47127532958984,44.52800369262695,531.9176635742188,174.83372497558594,46.293434143066406,144.6036376953125,260.9100341796875,44.820037841796875,154.14291381835938,41.5338020324707,55.4702033996582
2024-06-24,66.50794219970703,44.500694274902344,530.1885986328125,176.26589965820312,46.69893264770508,145.8225555419922,260.47247314453125,44.838539123535156,155.10426330566406,41.505455017089844,55.49639129638672
2024-06-25,66.54460144042969,44.53709030151367,532.230224609375,174.37539672851562,46.76494598388672,144.36558532714844,261.32818603515625,44.838539123535156,153.8668670654297,41.38260269165039,55.5225944519043
2024-06-26,66.23295593261719,44.327781677246094,532.8945922851562,173.86936950683594,46.45374298095703,143.48948669433594,261.3185119628906,44.820037841796875,153.3909454345703,41.26919937133789,55.26072692871094
2024-06-27,66.35211944580078,44.36417770385742,533.7346801757812,174.26974487304688,46.56691360473633,143.7797088623047,261.9505615234375,44.86628341674805,153.2041778564453,41.250301361083984,55.30437469482422
2024-06-28,66.04048156738281,44.2913818359375,531.63427734375,175.24913024902344,46.60462951660156,144.0957794189453,261.0546875,44.8940315246582,153.65438842773438,41.354251861572266,54.911590576171875
2024-07-01,65.69200134277344,44.14823913574219,532.728515625,173.37680053710938,46.6423454284668,142.74517822265625,261.5816345214844,44.86043167114258,153.0221710205078,41.448753356933594,54.742271423339844
2024-07-02,65.88508605957031,44.23941421508789,536.3136596679688,174.29855346679688,46.7460823059082,143.20497131347656,263.09423828125,44.888423919677734,153.59689331054688,41.59995651245117,54.96159362792969
2024-07-03,66.26205444335938,44.3670654296875,538.7069702148438,174.3465576171875,47.3024787902832,143.19540405273438,264.1774597167969,44.925758361816406,153.71182250976562,42.21421813964844,55.40022659301758
2024-07-05,66.56544494628906,44.45823669433594,541.8134765625,172.81991577148438,47.604244232177734,142.76431274414062,265.5534973144531,45.037776947021484,153.57774353027344,42.204776763916016,55.74237060546875
2024-07-08,66.56544494628906,44.47645950317383,542.4386596679688,173.5784149169922,47.39677810668945,143.35821533203125,265.91448974609375,45.028438568115234,153.7980499267578,42.204776763916016,55.724822998046875
2024-07-09,66.53789520263672,44.440006256103516,542.9661254882812,173.05030822753906,47.2364616394043,143.19540405273438,265.84625244140625,45.0097770690918,153.8171844482422,42.38432693481445,55.549381256103516
2024-07-10,66.59302520751953,44.54029083251953,548.3389282226562,175.1147003173828,47.896583557128906,144.65135192871094,268.4224853515625,45.01910400390625,155.26361083984375,42.55442810058594,55.75991439819336
2024-07-11,66.92400360107422,44.622352600097656,543.61083984375,179.93470764160156,48.0851936340332,146.99822998046875,267.22222900390625,45.05644607543945,156.4896697998047,42.88519287109375,56.093284606933594
2024-07-12,67.09871673583984,44.667945861816406,547.0397338867188,181.6822052001953,48.566131591796875,148.11895751953125,268.9884948730469,45.093788146972656,157.3805694580078,43.08364486694336,56.233638763427734
2024-07-15,66.88723754882812,44.71352767944336,548.5441284179688,183.2088623046875,48.19835662841797,148.37757873535156,270.14007568359375,45.13111877441406,157.9840087890625,42.63948440551758,56.01433181762695
2024-07-16,67.14466857910156,44.87765884399414,551.7969970703125,188.4033660888672,48.481266021728516,151.24166870117188,272.3650207519531,45.13111877441406,160.19671630859375,42.91353988647461,56.20732498168945
2024-07-17,67.20906066894531,44.85941696166992,544.0601806640625,187.30877685546875,48.20778274536133,151.2799835205078,268.5201110839844,45.15912628173828,160.57029724121094,42.28982925415039,56.031864166259766
2024-07-18,67.03435516357422,44.80471420288086,539.8792114257812,185.06198120117188,47.736263275146484,150.6094512939453,266.1780090332031,45.11245346069336,159.267578125,41.9212646484375,55.73359680175781
2024-07-19,66.85965728759766,44.75000762939453,536.2941284179688,183.95779418945312,47.45336151123047,149.51747131347656,264.51904296875,45.06577682495117,158.11810302734375,41.51490020751953,55.628318786621094
2024-07-22,66.83209228515625,44.71352767944336,541.8231811523438,186.1661834716797,47.915443420410156,150.6669464111328,267.28076171875,45.05644607543945,158.88442993164062,41.83621597290039,55.80377960205078
2024-07-23,66.8412857055664,44.75000762939453,540.973388671875,187.18394470214844,47.670257568359375,149.8910369873047,267.0855712890625,45.06577682495117,158.3000946044922,41.40150451660156,55.8388671875
2024-07-24,66.648193359375,44.65883255004883,528.7134399414062,183.71775817871094,47.076148986816406,148.55958557128906,261.0741882324219,45.06577682495117,157.32305908203125,40.96678924560547,55.487953186035156
2024-07-25,66.79532623291016,44.759124755859375,525.9586791992188,186.02215576171875,46.78380584716797,149.15347290039062,260.0690612792969,45.103111267089844,157.878662109375,40.86284637451172,55.53181838989258
2024-07-26,67.06192779541016,44.88677978515625,531.8493041992188,189.0658721923828,47.39677810668945,151.3662109375,263.18206787109375,45.14978790283203,159.88063049316406,41.31645202636719,55.88273239135742
2024-07-29,67.14466857910156,45.00529861450195,532.1619262695312,188.58578491210938,47.20817184448242,151.48114013671875,263.20159912109375,45.14978790283203,159.64114379882812,41.1746940612793,55.95291519165039
2024-07-30,67.2274398803711,45.069122314453125,529.4658203125,189.58433532714844,47.31189727783203,152.4390411376953,262.108642578125,45.168453216552734,160.0338897705078,41.0612907409668,56.00555419921875
2024-07-31,67.59518432617188,45.233245849609375,538.0719604492188,190.42929077148438,48.009742736816406,152.84136962890625,265.9925842285156,45.308475494384766,160.93429565429688,41.8551139831543,56.286285400390625
2024-08-01,67.84786987304688,45.29811477661133,530.452392578125,186.24298095703125,46.78380584716797,151.65357971191406,261.82562255859375,45.33647537231445,159.21009826660156,41.165245056152344,56.29245376586914
2024-08-02,68.62255096435547,45.57221221923828,520.5762329101562,180.66444396972656,45.96337127685547,149.19180297851562,256.5559387207031,45.42047882080078,156.77706909179688,40.72108840942383,56.69813537597656
2024-08-05,68.55799865722656,45.58133316040039,505.4151611328125,175.4891357421875,44.88831329345703,145.66673278808594,249.02223205566406,45.429813385009766,153.2233123779297,39.596500396728516,56.168983459472656
2024-08-06,68.13378143310547,45.343788146972656,510.0747985839844,177.24624633789062,44.963748931884766,147.1131591796875,251.54971313476562,45.35514450073242,154.47816467285156,39.87056350708008,55.93086624145508
2024-08-07,67.9677734375,45.27070617675781,506.66552734375,175.8251953125,45.1806526184082,146.3276824951172,249.6272735595703,45.33647537231445,153.58729553222656,40.18242263793945,56.08079528808594
2024-08-08,67.86631774902344,45.28898239135742,518.3782958984375,179.3394012451172,45.95393753051758,148.52127075195312,255.47267150878906,45.31780242919922,156.2214813232422,41.051841735839844,56.362998962402344
2024-08-09,68.10611724853516,45.444305419921875,520.6640625,179.59866333007812,46.114253997802734,148.75115966796875,256.575439453125,45.34580993652344,156.4896697998047,41.155792236328125,56.59230041503906
2024-08-12,68.22599792480469,45.48998260498047,520.9376831054688,178.03358459472656,46.133113861083984,147.99441528320312,256.40960693359375,45.42047882080078,155.8574981689453,41.335350036621094,56.636409759521484
2024-08-13,68.4842300415039,45.590476989746094,529.5048828125,180.4051971435547,46.88753890991211,149.32591247558594,260.6741027832031,45.4671516418457,157.3613739013672,41.64720916748047,56.93625259399414
2024-08-14,68.61333465576172,45.62702560424805,531.17529296875,180.3667755126953,47.066715240478516,149.94851684570312,261.415771484375,45.448482513427734,158.3000946044922,41.38260269165039,57.02444839477539
2024-08-15,68.32743835449219,45.49911117553711,540.27978515625,183.87136840820312,47.641963958740234,151.6248321533203,265.9437561035156,45.37380599975586,160.14883422851562,41.83621597290039,57.05970764160156
2024-08-16,68.4749984741211,45.5447883605957,541.4910278320312,184.3130645751953,47.92487335205078,152.0654754638672,266.578125,45.392478942871094,160.6277618408203,42.27092361450195,57.28019714355469
2024-08-19,68.55799865722656,45.517391204833984,546.6685791015625,185.7725067138672,48.481266021728516,153.2245330810547,269.0958251953125,45.383140563964844,161.6814422607422,42.705631256103516,57.4830322265625
2024-08-20,68.76089477539062,45.599609375,545.779541015625,184.11141967773438,48.349239349365234,152.55397033691406,268.4419860839844,45.429813385009766,161.21209716796875,42.28982925415039,57.59767532348633
2024-08-21,68.908447265625,45.663570404052734,547.6550903320312,186.08935546875,48.773597717285156,153.9141845703125,269.7886962890625,45.504486083984375,161.82508850097656,42.48828125,57.74760055541992
2024-08-22,68.63178253173828,45.517391204833984,543.3568115234375,185.2060089111328,48.434112548828125,154.0866241455078,267.50518798828125,45.448482513427734,161.52818298339844,41.98741912841797,57.315467834472656
2024-08-23,68.93610382080078,45.64530563354492,549.1302490234375,189.92044067382812,49.367713928222656,155.88748168945312,270.8915100097656,45.57916259765625,163.31942749023438,42.59223175048828,57.86225509643555
2024-08-26,68.8623275756836,45.57221221923828,547.8211669921875,189.77638244628906,49.169673919677734,156.07904052734375,270.20831298828125,45.597835540771484,163.52059936523438,42.31817626953125,57.77406311035156
2024-08-27,68.8623275756836,45.5447883605957,548.5733642578125,188.98904418945312,49.3582763671875,155.83956909179688,270.4523010253906,45.61650085449219,163.59719848632812,42.36543273925781,57.72996520996094
2024-08-28,68.81620025634766,45.526527404785156,545.3887939453125,188.48016357421875,49.113101959228516,155.64796447753906,268.8031005859375,45.6071662902832,163.4343719482422,42.09136199951172,57.615318298339844
2024-08-29,68.71475982666016,45.49911117553711,545.4376220703125,189.20989990234375,49.245121002197266,156.01199340820312,269.0665588378906,45.597835540771484,163.95162963867188,42.148067474365234,57.56239700317383
2024-08-30,68.57645416259766,45.46257400512695,550.644287109375,190.5445098876953,49.405426025390625,157.46798706054688,271.6623840332031,45.56049346923828,165.57046508789062,42.261478424072266,57.63294982910156
2024-09-03,68.86874389648438,45.573333740234375,539.3126831054688,186.31016540527344,48.547279357910156,155.94493103027344,265.81695556640625,45.569828033447266,163.7600555419922,41.61885452270508,57.43178176879883
2024-09-04,69.17399597167969,45.747291564941406,538.2088012695312,185.83970642089844,48.39638900756836,155.56175231933594,265.2216796875,45.61650085449219,163.66429138183594,41.59995651245117,57.67107009887695
2024-09-05,69.34049224853516,45.75644302368164,536.8997192382812,184.75474548339844,48.405818939208984,154.5943145751953,264.4019470214844,45.61650085449219,162.44776916503906,41.71335983276367,57.83945846557617
2024-09-06,69.42376708984375,45.774749755859375,527.8635864257812,182.1910858154297,47.50050735473633,153.18618774414062,260.0105285644531,45.68183517456055,160.369140625,41.108543395996094,57.759700775146484
2024-09-09,69.51627349853516,45.89375686645508,533.773681640625,182.67117309570312,48.009742736816406,154.58473205566406,262.7917175292969,45.70051193237305,162.06459045410156,41.392051696777344,57.93696212768555
2024-09-10,69.7475357055664,45.97615432739258,536.0986938476562,182.0566864013672,47.82114028930664,154.5559844970703,263.8163757324219,45.75651168823242,162.24659729003906,41.297550201416016,57.98126983642578
2024-09-11,69.71052551269531,46.02193832397461,541.5984497070312,182.0566864013672,48.09461975097656,154.3165283203125,266.44146728515625,45.784523010253906,162.06459045410156,41.55270767211914,58.1496696472168
2024-09-12,69.63652801513672,45.94869613647461,546.1604614257812,184.02499389648438,48.528419494628906,155.60964965820312,268.6567077636719,45.82184982299805,163.04165649414062,41.82676315307617,58.22942352294922
2024-09-13,69.7845230102539,46.031097412109375,549.0131225585938,187.7312469482422,48.660438537597656,157.19976806640625,270.5303955078125,45.905860900878906,164.21023559570312,42.01576614379883,58.495323181152344
2024-09-16,69.96955108642578,46.09516906738281,549.8238525390625,189.334716796875,49.047080993652344,158.47378540039062,271.06707763671875,45.95252990722656,165.5129852294922,42.176429748535156,58.84984588623047
2024-09-17,69.87702941894531,46.04024124145508,550.0485229492188,190.17007446289062,48.81132888793945,159.019775390625,271.34033203125,45.97120666503906,165.4459228515625,42.22367858886719,58.84098434448242
2024-09-18,69.6642837524414,45.902915954589844,548.4171752929688,190.35247802734375,48.64158248901367,158.45458984375,270.6572265625,45.933868408203125,165.08193969726562,42.07246780395508,58.67258071899414
2024-09-19,69.6642837524414,45.92123031616211,557.7755737304688,193.5690460205078,49.57517623901367,159.98724365234375,275.2437744140625,46.01787185668945,166.52835083007812,42.95133972167969,58.92961502075195
2024-09-20,69.65502166748047,45.930381774902344,556.8113403320312,191.90794372558594,49.12506103515625,159.2592315673828,274.6680603027344,46.036537170410156,166.3750762939453,42.92669677734375,58.761207580566406
2024-09-23,69.6087646484375,45.97615432739258,558.2027587890625,192.49366760253906,49.32364273071289,160.29376220703125,275.35113525390625,46.0272102355957,166.9593963623047,43.27738952636719,58.6459846496582
2024-09-24,69.6920394897461,46.06770706176758,559.7998046875,192.71450805664062,49.62623977661133,160.4278564453125,276.0440368652344,46.10187911987305,167.0360107421875,44.784423828125,58.71689224243164
2024-09-25,69.43302154541016,45.939544677734375,558.565185546875,190.89016723632812,49.31418991088867,159.3167266845703,275.1364440917969,46.064544677734375,166.03981018066406,44.3294677734375,58.5307731628418
2024-09-26,69.43302154541016,45.99447250366211,560.77978515625,192.57786560058594,50.41111373901367,160.3466033935547,276.3661193847656,45.9898681640625,166.96810913085938,45.74171829223633,58.610530853271484
2024-09-27,69.63652801513672,46.04939651489258,559.9664916992188,193.330078125,50.09905242919922,161.02035522460938,276.0929260253906,46.073883056640625,167.50738525390625,45.732242584228516,58.72576141357422
2024-09-30,69.4792709350586,46.031097412109375,562.21044921875,193.62904357910156,49.938297271728516,161.3861541748047,277.17950439453125,46.0272102355957,168.1044158935547,45.353111267089844,58.823246002197266
2024-10-01,69.68431091308594,46.25764846801758,557.1738891601562,191.8931427001953,49.588417053222656,160.8663787841797,274.6540222167969,46.1004753112793,167.699951171875,45.69432830810547,58.91319274902344
2024-10-02,69.55441284179688,46.13840866088867,557.4091186523438,191.30487060546875,49.50331115722656,160.4717254638672,274.7127380371094,46.10986328125,167.5844268798828,46.642147064208984,58.83303451538086
2024-10-03,69.24825286865234,46.00999450683594,556.3900146484375,190.33084106445312,49.03995132446289,159.61509704589844,274.1253967285156,46.06290054321289,166.85256958007812,45.94075393676758,58.59257888793945
2024-10-04,68.79364013671875,45.89992141723633,561.4461669921875,192.4331817626953,49.333099365234375,160.8663787841797,276.7781677246094,45.89382553100586,168.15255737304688,46.49997329711914,58.369930267333984
2024-10-07,68.58954620361328,45.83570098876953,556.3704223632812,191.02520751953125,49.058868408203125,159.3070831298828,274.2526550292969,45.87504196166992,166.8910675048828,46.90753936767578,58.13836669921875
2024-10-08,68.69158935546875,45.83570098876953,561.63232421875,190.8516082763672,48.983219146728516,159.47071838378906,276.5628356933594,45.89382553100586,167.07403564453125,45.53319549560547,58.156192779541016
2024-10-09,68.50605010986328,45.75316619873047,565.5224609375,191.6713409423828,49.002132415771484,160.40435791015625,278.4911804199219,45.856258392333984,168.53775024414062,45.22041702270508,58.12946319580078
2024-10-10,68.47821044921875,45.78984451293945,564.5327758789062,190.72625732421875,48.91702651977539,159.5862274169922,277.9136962890625,45.968971252441406,168.0177459716797,45.31520080566406,58.0671272277832
2024-10-11,68.48748016357422,45.808197021484375,567.913330078125,193.6868896484375,49.16288757324219,161.1551055908203,280.0672302246094,45.99714660644531,169.7799530029297,45.63745880126953,58.049312591552734
2024-10-14,68.44108581542969,45.808197021484375,572.5579223632812,194.9405975341797,49.26690673828125,162.45452880859375,282.2500915527344,45.968971252441406,170.83924865722656,45.419464111328125,58.200714111328125
2024-10-15,68.71012878417969,45.94578170776367,568.1092529296875,195.15277099609375,48.56714630126953,162.44491577148438,280.3119201660156,45.9595832824707,169.92442321777344,44.50955581665039,58.361026763916016
2024-10-16,68.80292510986328,46.04668426513672,570.5785522460938,197.6119384765625,48.75627136230469,163.78282165527344,281.7410888671875,45.9595832824707,171.16664123535156,44.92659378051758,58.5035285949707
2024-10-17,68.46893310546875,46.019168853759766,570.6275024414062,197.6505126953125,48.73735427856445,163.66729736328125,281.6824035644531,45.93140411376953,170.99330139160156,44.784423828125,58.156192779541016
2024-10-18,68.50605010986328,46.0833740234375,572.8224487304688,197.7469482421875,49.011592864990234,164.17745971679688,282.7884826660156,45.9595832824707,171.23403930664062,45.33415603637695,58.23634338378906
2024-10-21,68.04216003417969,45.84487533569336,571.8817138671875,194.70912170410156,48.453670501708984,162.7817840576172,281.8977355957031,45.884437561035156,169.5970001220703,45.011898040771484,57.71978759765625
2024-10-22,68.06998443603516,45.82654571533203,571.5779418945312,193.64830017089844,48.20780563354492,161.78076171875,281.57470703125,45.90321731567383,169.3466339111328,44.95502471923828,57.55057144165039
2024-10-23,67.90299987792969,45.79902267456055,566.3552856445312,192.77072143554688,47.74445343017578,161.8289031982422,279.0295715332031,45.82807922363281,168.96145629882812,44.670684814453125,57.37246322631836
2024-10-24,68.01432037353516,45.88157272338867,567.5801391601562,193.19508361816406,47.914669036865234,161.51126098632812,279.7735290527344,45.846866607666016,168.3836669921875,44.623291015625,57.55948257446289
2024-10-25,67.87518310546875,45.84487533569336,567.3841552734375,191.7388458251953,47.76336669921875,160.50062561035156,279.50927734375,45.82807922363281,167.19921875,44.58537673950195,57.58620834350586
2024-10-28,67.79167175292969,45.89992141723633,569.1381225585938,194.10157775878906,48.113243103027344,161.7711639404297,280.6447448730469,45.771724700927734,168.1140594482422,44.7275505065918,57.68416213989258
2024-10-29,67.84730529785156,45.84487533569336,570.0592041015625,193.73512268066406,47.952491760253906,160.62571716308594,281.0167236328125,45.81868362426758,166.9970245361328,44.55694580078125,57.79104232788086
2024-10-30,67.78238677978516,45.67060852050781,568.3346557617188,194.24623107910156,47.716087341308594,160.80865478515625,280.32171630859375,45.81868362426758,166.88145446777344,44.23468780517578,57.68416213989258
2024-10-31,67.77310180664062,45.698123931884766,557.1934814453125,191.7195587158203,47.37565994262695,159.75946044921875,275.094482421875,45.81868362426758,165.78366088867188,44.1399040222168,57.4080810546875
2024-11-01,67.51065826416016,45.668704986572266,559.545166015625,191.7484893798828,47.47967529296875,159.0953369140625,276.2691650390625,45.7623291015625,165.82217407226562,44.14937973022461,57.17705535888672
2024-11-04,67.78056335449219,45.75143051147461,558.3399658203125,192.32708740234375,47.545867919921875,159.1723175048828,275.76995849609375,45.7623291015625,165.38885498046875,44.29155349731445,57.45465850830078
2024-11-05,67.94808197021484,45.760623931884766,565.09130859375,195.22024536132812,48.047054290771484,161.260986328125,279.2742919921875,45.7623291015625,167.14146423339844,44.936073303222656,57.62479782104492
2024-11-06,67.38968658447266,45.631954193115234,579.1425170898438,203.9672393798828,47.432403564453125,164.78384399414062,287.08575439453125,45.856258392333984,171.6385040283203,44.50955581665039,57.427764892578125
2024-11-07,67.89222717285156,45.7330436706543,583.62060546875,203.4078826904297,48.15106964111328,164.4565887451172,289.09246826171875,45.92200469970703,171.1281280517578,45.47632598876953,58.00090026855469
2024-11-08,68.02252197265625,45.85252380371094,586.148681640625,204.1215362548828,47.51750946044922,165.39984130859375,290.44329833984375,45.92200469970703,172.11033630371094,44.348426818847656,58.15312957763672
2024-11-11,67.89222717285156,45.88928985595703,586.7072143554688,206.26248168945312,47.49859619140625,166.36236572265625,291.2558288574219,45.856258392333984,172.53402709960938,44.09251022338867,58.09939956665039
2024-11-12,67.48274230957031,45.78819274902344,584.884765625,203.71649169921875,46.72318649291992,164.99559020996094,290.1105041503906,45.79050064086914,171.18588256835938,43.3437385559082,57.633750915527344
2024-11-13,67.454833984375,45.75143051147461,585.1688232421875,202.88711547851562,46.458412170410156,165.00523376464844,289.9734802246094,45.81868362426758,171.40736389160156,43.11626052856445,57.588966369628906
2024-11-14,67.43621063232422,45.83414840698242,581.4060668945312,201.07408142089844,46.49623489379883,163.81170654296875,287.8297424316406,45.7811164855957,170.1940460205078,42.85087585449219,57.49942398071289
2024-11-15,67.454833984375,45.916866302490234,573.9590454101562,199.6564178466797,46.36384963989258,163.4844512939453,284.1784973144531,45.83747100830078,169.6162567138672,42.765567779541016,57.41883087158203
2024-11-18,67.51998138427734,45.89848327636719,576.3108520507812,200.1096954345703,46.6759033203125,164.18707275390625,285.3335876464844,45.884437561035156,170.39625549316406,43.125736236572266,57.40987777709961
2024-11-19,67.64096069335938,45.89848327636719,578.4175415039062,199.7046356201172,46.61916732788086,163.74429321289062,286.645263671875,45.92200469970703,169.73182678222656,43.19208908081055,57.67852783203125
2024-11-20,67.56651306152344,45.84334182739258,578.6134033203125,200.3411407470703,46.48678207397461,164.37957763671875,286.8116760253906,45.93140411376953,170.0784912109375,43.18260955810547,57.68748474121094
2024-11-21,67.52928161621094,45.88009262084961,581.7196044921875,203.6779327392578,46.600250244140625,166.60299682617188,288.81842041015625,45.89382553100586,172.14886474609375,43.03096008300781,57.71434020996094
2024-11-22,67.55719757080078,45.990386962890625,583.5226440429688,206.3974609375,46.80828857421875,167.61366271972656,290.2475891113281,45.90321731567383,173.4103546142578,43.040435791015625,57.60688018798828
2024-11-25,68.18075561523438,46.18339920043945,585.5020141601562,209.56065368652344,47.035240173339844,169.1825714111328,291.6669616699219,45.9407958984375,174.4984893798828,43.059391021728516,58.15312957763672
2024-11-26,68.05975341796875,46.16501235961914,588.55908203125,208.48056030273438,46.75155258178711,169.28842163085938,292.7338562011719,45.9407958984375,174.6236572265625,42.831912994384766,58.05461883544922
2024-11-27,68.24589538574219,46.22934341430664,586.7757568359375,208.13336181640625,46.99741744995117,169.35580444335938,291.90185546875,45.99714660644531,174.546630859375,42.993045806884766,58.23371887207031
2024-11-29,68.49718475341797,46.4591064453125,590.4209594726562,208.4998321533203,47.56478500366211,169.5771942138672,293.52679443359375,46.02532958984375,175.134033203125,43.19208908081055,58.43073272705078
2024-12-02,68.53730773925781,46.54935073852539,591.479248046875,207.78619384765625,47.612060546875,168.35479736328125,294.08477783203125,46.02532958984375,173.96884155273438,43.41007995605469,58.344322204589844
2024-12-03,68.37862396240234,46.51251983642578,591.7534790039062,206.74465942382812,47.810646057128906,167.59442138671875,294.08477783203125,46.053504943847656,173.06369018554688,43.59016418457031,58.32633972167969
2024-12-04,68.61197662353516,46.604610443115234,595.4280395507812,206.8025360107422,47.82011032104492,167.30564880371094,296.06207275390625,46.1004753112793,172.47628784179688,43.656517028808594,58.52433776855469
2024-12-05,68.62132263183594,46.54935073852539,594.4481811523438,205.240234375,48.03759765625,166.71852111816406,295.23980712890625,46.09107971191406,172.14886474609375,43.94086456298828,58.63235855102539
2024-12-06,68.80801391601562,46.604610443115234,595.5751342773438,205.15341186523438,47.97140121459961,166.05435180664062,296.06207275390625,46.1004753112793,171.6962890625,43.95981979370117,58.821372985839844
2024-12-09,68.6026611328125,46.567779541015625,592.5079956054688,204.5458526611328,47.85792922973633,165.06295776367188,294.1728820800781,46.09107971191406,170.67552185058594,45.03084945678711,58.73135757446289
2024-12-10,68.52796936035156,46.5401496887207,590.6658935546875,203.28250122070312,47.508052825927734,163.49404907226562,293.0667419433594,46.1004753112793,169.5199737548828,44.196781158447266,58.59634017944336
2024-12-11,68.37862396240234,46.5585823059082,595.2321166992188,203.90936279296875,47.84847640991211,163.24378967285156,295.4258117675781,46.09107971191406,169.0192108154297,44.27259826660156,58.57836151123047
2024-12-12,68.10791778564453,46.32835006713867,592.1651000976562,202.64601135253906,47.38512420654297,162.6374053955078,293.7421569824219,46.07229232788086,168.22959899902344,44.007205963134766,58.32633972167969
2024-12-13,67.83719635009766,46.309940338134766,592.0475463867188,201.4212646484375,47.26218795776367,161.90589904785156,293.5953369140625,46.04411697387695,168.5762481689453,44.02616500854492,58.020286560058594
2024-12-16,67.91185760498047,46.309940338134766,594.5755615234375,201.20907592773438,47.06361389160156,161.21290588378906,294.78955078125,45.99714660644531,167.96957397460938,43.79869079589844,58.05630111694336
2024-12-17,67.92119598388672,46.30073165893555,592.1258544921875,198.8367156982422,46.95013427734375,159.923095703125,293.3310546875,45.97836685180664,166.87181091308594,43.694427490234375,58.002288818359375
2024-12-18,67.38911437988281,46.107357025146484,574.4784545898438,191.30487060546875,45.787017822265625,155.29336547851562,284.25677490234375,45.86565399169922,162.654052734375,42.68026351928711,57.174198150634766
2024-12-19,67.20240783691406,46.07051467895508,574.3020629882812,190.45620727539062,45.67353820800781,154.8602294921875,283.8554992675781,45.82807922363281,162.08587646484375,42.860355377197266,56.98517990112305
2024-12-20,67.40777587890625,46.1810188293457,581.199951171875,192.5392608642578,45.6572265625,157.19918823242188,287.08575439453125,45.87504196166992,163.98294067382812,43.099143981933594,57.336212158203125
2024-12-23,67.1930923461914,46.079715728759766,584.6802978515625,192.7147979736328,45.92596435546875,157.23789978027344,288.7169189453125,45.86565399169922,164.5349884033203,43.28357696533203,57.18320083618164
2024-12-24,67.28955078125,46.13987731933594,591.1790771484375,194.14990234375,46.10832977294922,158.4581298828125,291.7808532714844,45.893192291259766,165.9103240966797,43.45830154418945,57.42295455932617
2024-12-26,67.33636474609375,46.16807174682617,591.218505859375,194.89659118652344,46.290687561035156,158.7099609375,291.9477844238281,45.91218185424805,166.2783660888672,43.351524353027344,57.377723693847656
2024-12-27,67.19587707519531,45.970703125,584.9949340820312,192.97659301757812,46.17551803588867,157.62525939941406,288.78564453125,45.90268325805664,165.30014038085938,43.19621658325195,57.242008209228516
2024-12-30,67.4581069946289,46.12107849121094,578.3192138671875,191.638427734375,45.887577056884766,156.288818359375,285.59405517578125,45.959659576416016,163.6245574951172,42.8176383972168,57.2781982421875
2024-12-31,67.34574127197266,46.102272033691406,576.21533203125,192.1717529296875,45.89717483520508,156.66653442382812,284.6022033691406,45.97865295410156,163.97325134277344,42.74969482421875,57.13343811035156
2025-01-02,67.37381744384766,46.13987731933594,574.799560546875,191.55117797851562,45.80120086669922,156.13385009765625,284.0621032714844,46.007137298583984,163.7407989501953,42.63320541381836,57.28724670410156
2025-01-03,67.28955078125,46.01768493652344,581.9865112304688,193.39358520507812,46.06993865966797,157.2185516357422,287.7938537597656,45.98814392089844,164.99990844726562,42.84675979614258,57.40486145019531
2025-01-06,67.2239761352539,46.01768493652344,585.3389892578125,193.4129638671875,46.52103805541992,156.79241943359375,289.40435791015625,46.007137298583984,164.76742553710938,42.83705139160156,57.46818923950195
2025-01-07,66.9898452758789,45.895503997802734,578.7223510742188,192.50148010253906,46.367469787597656,156.637451171875,286.1734619140625,46.007137298583984,164.65122985839844,42.56525802612305,57.20581817626953
2025-01-08,67.06476593017578,45.810916900634766,579.56787109375,192.44326782226562,46.30988311767578,156.86019897460938,286.4385986328125,46.05461883544922,164.80618286132812,42.29345703125,57.2691535949707
2025-01-10,66.71826171875,45.613525390625,570.7192993164062,189.29180908203125,45.61883544921875,154.1388397216797,282.1372985839844,46.007137298583984,162.45263671875,41.555728912353516,56.988685607910156
2025-01-13,66.65269470214844,45.594730377197266,571.6041870117188,190.93057250976562,45.49406433105469,155.6011962890625,282.5988464355469,46.035621643066406,163.9151611328125,41.25481414794922,56.88011169433594
2025-01-14,66.69952392578125,45.5101318359375,572.3907470703125,193.71356201171875,45.66682815551758,157.42190551757812,283.2372131347656,46.0736083984375,165.193603515625,41.74986267089844,56.943443298339844
2025-01-15,67.23335266113281,45.792110443115234,582.802490234375,196.32200622558594,46.233097076416016,158.7196502685547,288.4320983886719,46.197052001953125,167.02413940429688,42.18668746948242,57.54056167602539
2025-01-16,67.36444854736328,45.8578987121582,581.6817016601562,197.48562622070312,46.38666915893555,160.3950653076172,288.2160949707031,46.24453353881836,168.23480224609375,42.16727066040039,57.49533462524414
2025-01-17,67.38317108154297,45.96129608154297,587.521728515625,198.40682983398438,46.61701583862305,161.02456665039062,290.87738037109375,46.24453353881836,169.1839599609375,42.5167236328125,57.5858039855957
2025-01-21,67.57986450195312,46.0270881652832,592.8995971679688,201.45164489746094,47.51921844482422,162.7193603515625,293.76458740234375,46.216041564941406,171.31475830078125,42.91470718383789,57.9114990234375
2025-01-22,67.43936157226562,45.98948669433594,596.232666015625,200.00682067871094,47.41364288330078,161.24728393554688,295.1982727050781,46.197052001953125,170.4333953857422,42.875877380371094,57.775794982910156
2025-01-23,67.33636474609375,45.970703125,599.4868774414062,200.25892639160156,47.73997497558594,161.35382080078125,296.7499084472656,46.23503875732422,171.72154235839844,43.04090118408203,57.775794982910156
2025-01-24,67.46749114990234,45.9424934387207,597.73681640625,200.37527465820312,48.00871276855469,161.45068359375,295.8857116699219,46.254032135009766,171.673095703125,43.27387237548828,57.86626434326172
2025-01-27,67.8233642578125,46.04587936401367,589.2815551757812,199.85166931152344,47.922332763671875,162.118896484375,291.76123046875,46.31100082397461,172.0217742919922,42.5749626159668,58.07434844970703
2025-01-28,67.7859115600586,46.04587936401367,594.3449096679688,199.53164672851562,47.87434387207031,160.6177978515625,294.265380859375,46.358482360839844,170.57867431640625,42.8176383972168,58.00197982788086
2025-01-29,67.74844360351562,46.0364875793457,591.6805419921875,198.85289001464844,47.87434387207031,160.12388610839844,293.0083923339844,46.32049560546875,170.3946533203125,42.84675979614258,57.98387908935547
2025-01-30,67.84208679199219,46.16807174682617,594.8561401367188,200.9086151123047,48.39262771606445,161.7218475341797,294.84478759765625,46.358482360839844,172.1767578125,43.5068359375,58.20101547241211
2025-01-31,67.74844360351562,46.21507263183594,591.6903686523438,199.09530639648438,47.93193054199219,160.6855926513672,293.2342834472656,46.41545867919922,171.14041137695312,43.099143981933594,58.065303802490234
2025-02-03,67.80951690673828,46.35918426513672,587.7084350585938,196.56442260742188,47.336856842041016,159.84304809570312,291.09344482421875,46.45343780517578,170.63674926757812,42.84675979614258,58.15814208984375
2025-02-04,67.90345001220703,46.42510986328125,591.6510620117188,197.7571258544922,47.91273880004883,159.64935302734375,293.204833984375,46.481929779052734,170.63674926757812,43.535953521728516,58.312862396240234
2025-02-05,68.25110626220703,46.5098762512207,594.0498657226562,198.89166259765625,48.37343978881836,160.85992431640625,294.56005859375,46.5294075012207,171.9927215576172,43.34181594848633,58.60410690307617
2025-02-06,68.17594146728516,46.5098762512207,596.1146240234375,199.05653381347656,48.574989318847656,160.3950653076172,295.2867126464844,46.500919342041016,171.76025390625,43.54566192626953,58.61321258544922
2025-02-07,67.96925354003906,46.443946838378906,590.6580200195312,197.2625732421875,48.191070556640625,159.5621795654297,292.6450500488281,46.443939208984375,170.6561279296875,43.56507873535156,58.431182861328125
2025-02-10,67.988037109375,46.50045394897461,594.6693115234375,197.15594482421875,48.498207092285156,159.93988037109375,294.52069091796875,46.49142074584961,171.28570556640625,44.00189971923828,58.4129753112793
2025-02-11,67.87527465820312,46.340328216552734,595.12158203125,197.38865661621094,48.690162658691406,159.8042755126953,294.36358642578125,46.510414123535156,171.9055633544922,43.81746292114258,58.194541931152344
2025-02-12,67.52765655517578,46.2178955078125,593.2044677734375,195.18746948242188,48.7861442565918,158.44847106933594,293.3913879394531,46.424949645996094,170.94671630859375,44.0310173034668,57.98520278930664
2025-02-13,67.9316635131836,46.41568374633789,599.4672241210938,197.32080078125,49.419612884521484,159.82366943359375,296.455322265625,46.510414123535156,172.18641662597656,44.263980865478516,58.39478302001953
2025-02-14,68.14775085449219,46.32150650024414,599.437744140625,197.30140686035156,49.43879318237305,159.7655487060547,296.4160461425781,46.55789566040039,171.78933715820312,44.53578186035156,58.61321258544922
2025-02-18,67.89408111572266,46.19904708862305,601.1975708007812,198.523193359375,49.774723052978516,161.0148468017578,297.2507629394531,46.5294075012207,172.73849487304688,44.749332427978516,58.38567352294922
2025-02-19,67.988037109375,46.142539978027344,602.6133422851562,197.66018676757812,49.34282302856445,161.67340087890625,297.67303466796875,46.59587478637695,173.5714569091797,44.62314987182617,58.4129753112793
2025-02-20,68.07257843017578,46.12369918823242,600.1062622070312,196.02137756347656,49.53478240966797,161.43130493164062,296.0722961425781,46.62436294555664,172.78692626953125,45.098785400390625,58.48579406738281
2025-02-21,68.37326049804688,46.340328216552734,589.8419799804688,191.69662475585938,49.179656982421875,159.6396484375,290.6024475097656,46.65285110473633,170.79171752929688,45.04054641723633,58.51308822631836
2025-02-24,68.46722412109375,46.23672866821289,587.157958984375,191.36692810058594,49.13166809082031,159.91082763671875,289.11956787109375,46.7003288269043,170.95639038085938,44.35134506225586,58.57681655883789
2025-02-25,68.89942932128906,46.41568374633789,584.2379760742188,192.02630615234375,49.486793518066406,160.40475463867188,287.6858215332031,46.75730895996094,171.37286376953125,44.331932067871094,58.96817398071289
2025-02-26,69.00275421142578,46.5098762512207,584.5328369140625,191.9390411376953,49.563575744628906,159.71713256835938,287.78399658203125,46.785789489746094,170.73362731933594,44.7590446472168,59.10469436645508
2025-02-27,68.91822052001953,46.46278762817383,575.2025146484375,189.9318084716797,48.97809982299805,158.76805114746094,283.3255920410156,46.82378005981445,170.15249633789062,43.97277069091797,58.940860748291016
2025-02-28,69.20950317382812,46.62289810180664,584.178955078125,191.7935791015625,49.0164909362793,160.6855926513672,287.69561767578125,46.95671463012695,172.5254364013672,43.419471740722656,59.28672409057617
2025-03-03,69.36874389648438,46.552127838134766,573.944091796875,187.7403106689453,49.3812141418457,159.39755249023438,282.5399475097656,47.01369094848633,170.93701171875,43.00206756591797,59.26475524902344
2025-03-04,69.17086029052734,46.17464828491211,567.150390625,184.20098876953125,49.246849060058594,156.36630249023438,279.0144958496094,47.00419998168945,167.4987335205078,43.370941162109375,59.10004806518555
2025-03-05,68.92581939697266,45.8726692199707,573.2461547851562,186.13064575195312,50.4081916809082,157.46063232421875,282.1864013671875,46.89973831176758,168.89341735839844,44.66197204589844,59.05430221557617
2025-03-06,68.86929321289062,45.75943374633789,563.0703735351562,184.0652313232422,49.93789291381836,156.09512329101562,276.9423828125,46.8902473449707,167.46966552734375,44.42900848388672,58.77980422973633
2025-03-07,68.79389953613281,45.75943374633789,566.226318359375,185.4518585205078,50.46577835083008,157.4896697998047,278.24847412109375,46.8902473449707,168.96121215820312,44.613441467285156,58.880455017089844
2025-03-10,69.11430358886719,45.768856048583984,551.1444702148438,181.82522583007812,49.30442810058594,155.66900634765625,270.66717529296875,46.99470138549805,166.87887573242188,43.61361312866211,58.89875030517578
2025-03-11,68.85043334960938,45.60844421386719,546.5628662109375,180.47740173339844,49.1700553894043,153.72239685058594,268.77191162109375,46.975711822509766,164.8449249267578,43.92423629760742,58.770660400390625
2025-03-12,68.70909118652344,45.683929443359375,549.4631958007812,179.9052734375,49.53478240966797,152.62808227539062,270.0976257324219,46.96620559692383,164.1088409423828,44.07954788208008,58.770660400390625
2025-03-13,68.91639709472656,45.75,542.138671875,177.44229125976562,49.160465240478516,151.6693115234375,266.3069763183594,46.96620559692383,163.26622009277344,43.94365310668945,58.68830871582031
2025-03-14,68.74677276611328,45.731109619140625,553.3369140625,181.55372619628906,50.10105895996094,154.5262451171875,272.0125732421875,46.909236907958984,165.9103240966797,44.72991943359375,58.71574783325195
2025-03-17,68.84102630615234,45.80660629272461,557.6039428710938,183.98764038085938,50.69612503051758,156.73431396484375,274.26141357421875,46.8902473449707,168.1185760498047,45.341461181640625,58.871299743652344
2025-03-18,68.91639709472656,45.834922790527344,551.5770874023438,183.08583068847656,50.62894058227539,156.14353942871094,271.3055114746094,46.928226470947266,167.28562927246094,45.2249755859375,58.880455017089844
2025-03-19,69.12373352050781,45.97647476196289,557.5842895507812,184.96702575683594,50.85929489135742,157.11199951171875,274.3890686035156,47.032684326171875,168.3026123046875,45.292930603027344,59.191566467285156
2025-03-20,69.15200805664062,45.94816589355469,555.9718627929688,183.83250427246094,50.46577835083008,156.6277618408203,273.73114013671875,47.0706672668457,167.963623046875,44.88523483276367,59.10920333862305
2025-03-21,69.095458984375,45.91984939575195,556.1552124023438,182.51373291015625,50.188079833984375,155.6011962890625,273.83917236328125,47.11814498901367,167.06288146972656,44.678260803222656,58.92620086669922
2025-03-24,68.79389953613281,45.8726692199707,566.1151733398438,186.60580444335938,50.255577087402344,157.9351806640625,278.9064636230469,47.06117248535156,169.0580596923828,44.814300537109375,58.880455017089844
2025-03-25,68.87871551513672,45.882102966308594,567.4760131835938,185.7621612548828,50.52555847167969,157.39285278320312,279.3778076171875,47.11814498901367,168.55442810058594,44.765716552734375,58.935359954833984
2025-03-26,68.7279281616211,45.882102966308594,560.7013549804688,185.30641174316406,49.918094635009766,157.45095825195312,276.107666015625,47.11814498901367,168.7578125,44.4936408996582,58.66085433959961
2025-03-27,68.69963836669922,45.91041946411133,559.2122192382812,184.37136840820312,49.975955963134766,156.99671936035156,274.9398193359375,47.20361328125,168.39053344726562,44.785152435302734,58.53275680541992
2025-03-28,69.095458984375,46.07083511352539,547.9507446289062,181.13096618652344,49.40705490112305,155.0569305419922,269.4605407714844,47.346046447753906,166.42266845703125,44.0272331237793,58.61510467529297
2025-03-31,69.21796417236328,46.07083511352539,551.62890625,181.82395935058594,49.011722564697266,156.4898223876953,270.85009765625,47.384033203125,168.28338623046875,43.97864532470703,58.74319839477539
2025-04-01,69.43540954589844,46.18244934082031,553.18701171875,182.2924346923828,49.18527603149414,156.57757568359375,271.7665710449219,47.39164352416992,167.89370727539062,44.12439727783203,58.931793212890625
2025-04-02,69.37870025634766,46.17298126220703,556.6878051757812,185.10337829589844,49.320274353027344,157.8935089111328,273.9149475097656,47.34406661987305,168.8094482421875,44.16326904296875,58.922607421875
2025-04-03,69.73797607421875,46.34322738647461,529.2537841796875,172.7566680908203,48.288551330566406,150.9336395263672,260.1280212402344,47.6295051574707,162.5355987548828,43.366485595703125,58.563819885253906
2025-04-04,69.79469299316406,46.41889190673828,498.2696838378906,165.07534790039062,45.2319450378418,141.9559783935547,244.86289978027344,47.486785888671875,152.89102172851562,40.937259674072266,57.85546112060547
2025-04-07,68.95323181152344,46.2108154296875,497.3821716308594,162.91831970214844,44.24843215942383,140.454833984375,244.06468200683594,47.315521240234375,151.64404296875,39.2853889465332,56.6871223449707
2025-04-08,68.55613708496094,46.305389404296875,489.5918273925781,158.85804748535156,44.01702117919922,138.2908477783203,240.21145629882812,47.42018127441406,149.70538330078125,38.760677337646484,56.57672882080078
2025-04-09,68.71686553955078,46.125701904296875,541.0084838867188,172.51268005371094,47.3050422668457,148.02880859375,264.58245849609375,47.33455276489258,159.6422119140625,41.287071228027344,57.86465072631836
2025-04-10,68.16851043701172,46.27702713012695,517.3018798828125,165.29983520507812,46.36973571777344,143.88604736328125,253.6928253173828,47.191829681396484,155.47264099121094,40.75263977050781,56.78831481933594
2025-04-11,68.09285736083984,46.248653411865234,526.5321044921875,167.15426635742188,47.64251708984375,145.95254516601562,257.94024658203125,47.163291931152344,157.65487670898438,41.87979507446289,56.99070739746094
2025-04-14,68.4804916381836,46.4094352722168,531.64013671875,169.37960815429688,48.19212341308594,148.3310089111328,260.3152770996094,47.248924255371094,159.7299041748047,42.26847457885742,57.478275299072266
2025-04-15,68.65068817138672,46.38105773925781,530.1511840820312,169.08680725097656,48.51996612548828,147.58041381835938,259.8619689941406,47.239410400390625,159.0382080078125,42.27819061279297,57.70825958251953
2025-04-16,68.83975982666016,46.52292251586914,518.3668823242188,167.46658325195312,48.41389465332031,146.0597686767578,254.46151733398438,47.28697967529297,157.2164764404297,41.74375915527344,57.717464447021484
2025-04-17,68.68850708007812,46.58913040161133,519.1065063476562,168.95018005371094,48.93457794189453,147.51219177246094,254.99366760253906,47.439212799072266,157.58665466308594,42.074134826660156,57.87384796142578
2025-04-21,68.31031799316406,46.52292251586914,506.7503356933594,165.72927856445312,48.70316696166992,144.96803283691406,248.9329833984375,47.37260818481445,154.65431213378906,42.12272262573242,57.285091400146484
2025-04-22,68.4332275390625,46.64588165283203,519.9348754882812,170.06285095214844,49.657752990722656,148.4089813232422,255.26962280273438,47.448726654052734,158.14195251464844,42.783470153808594,57.80946731567383
2025-04-23,68.57503509521484,46.570213317871094,527.9915161132812,171.96609497070312,49.80238723754883,149.24728393554688,259.6156311035156,47.4296989440918,159.13565063476562,43.2012939453125,58.03945541381836
2025-04-24,68.96268463134766,46.768829345703125,539.1051025390625,175.4212188720703,50.43878173828125,151.4015350341797,265.0849914550781,47.562896728515625,160.82102966308594,43.74544143676758,58.65580368041992
2025-04-25,69.18960571289062,46.740447998046875,543.0003662109375,174.74774169921875,50.55448532104492,150.57296752929688,266.7110595703125,47.5914421081543,160.49954223632812,43.59968948364258,58.85820007324219
2025-04-28,69.35977935791016,46.71208190917969,543.2074584960938,175.59690856933594,50.901607513427734,151.089599609375,267.09539794921875,47.696102142333984,161.0255889892578,43.71629333496094,58.90419387817383
2025-04-29,69.53941345214844,46.749908447265625,546.6292724609375,176.26058959960938,51.055885314941406,151.7914276123047,268.7017517089844,47.70561599731445,161.97055053710938,43.871761322021484,59.03298568725586
2025-04-30,69.4921646118164,46.86341094970703,546.84619140625,175.6652069091797,50.97874450683594,151.74270629882812,268.8594055175781,47.772216796875,162.18487548828125,43.968929290771484,58.63741683959961
2025-05-01,69.29866027832031,46.7629508972168,550.7217407226562,176.0068359375,50.7666130065918,151.75242614746094,270.53472900390625,47.696102142333984,161.7952117919922,43.949493408203125,58.613365173339844
2025-05-02,68.95718383789062,46.658687591552734,558.8966674804688,179.76454162597656,51.69227600097656,154.3453369140625,274.75262451171875,47.53435516357422,164.20147705078125,45.125240325927734,58.502410888671875
2025-05-05,68.86234283447266,46.658687591552734,555.6918334960938,178.77874755859375,51.788700103759766,153.99441528320312,273.1955261230469,47.52484130859375,163.36366271972656,45.48476791381836,58.372962951660156
2025-05-06,69.01409912109375,46.66816711425781,551.0471801757812,177.66607666015625,51.779056549072266,152.95140075683594,270.97821044921875,47.5914421081543,162.2725830078125,45.26127624511719,58.631866455078125
2025-05-07,69.14688873291016,46.81981658935547,553.3645629882812,178.31027221679688,51.59585189819336,153.69223022460938,272.10162353515625,47.6199836730957,163.28573608398438,44.697696685791016,58.789058685302734
2025-05-08,68.7769775390625,46.592350006103516,557.2202758789062,181.12123107910156,51.42229080200195,155.01792907714844,274.2401428222656,47.562896728515625,163.96768188476562,44.61996078491211,58.57638168334961
2025-05-09,68.83387756347656,46.61131286621094,556.5103149414062,181.28713989257812,51.759769439697266,155.212890625,273.93463134765625,47.5914421081543,163.69491577148438,44.94062042236328,58.66884994506836
2025-05-12,68.59675598144531,46.412269592285156,574.9015502929688,188.00218200683594,52.010467529296875,158.1079559326172,283.0996398925781,47.315521240234375,167.11434936523438,45.95117950439453,58.97397994995117
2025-05-13,68.56829071044922,46.37436294555664,578.6981201171875,188.6073455810547,52.09724807739258,157.69854736328125,285.0213317871094,47.35358428955078,166.2960205078125,46.02891159057617,59.02021789550781
2025-05-14,68.3311767578125,46.2890625,579.4376220703125,187.04568481445312,51.8851203918457,156.38259887695312,285.2085876464844,47.35358428955078,165.0880126953125,46.40786361694336,58.85378646850586
2025-05-15,68.70109558105469,46.48808288574219,582.2678833007812,188.19740295410156,52.43473434448242,158.45887756347656,286.3714599609375,47.4296989440918,167.01690673828125,46.330135345458984,59.0756950378418
2025-05-16,68.7485122680664,46.507049560546875,585.9559936523438,189.72976684570312,52.550437927246094,160.00872802734375,288.3325500488281,47.45823669433594,168.6341094970703,46.378719329833984,59.14041519165039
2025-05-19,68.72956085205078,46.56391906738281,586.596923828125,189.0660858154297,52.974700927734375,159.91127014160156,288.5592346191406,47.49629592895508,168.84841918945312,46.573055267333984,59.18665313720703
2025-05-20,68.60623931884766,46.48808288574219,584.6246948242188,188.5878143310547,53.225399017333984,159.6285858154297,287.6131286621094,47.515323638916016,168.51718139648438,46.47589111328125,59.1126823425293
2025-05-21,68.17939758300781,46.27958679199219,574.7733154296875,183.38558959960938,52.93613052368164,156.35337829589844,282.6069030761719,47.448726654052734,165.49716186523438,46.35927963256836,58.62261962890625
2025-05-22,68.36912536621094,46.34592819213867,575.0001831054688,183.25869750976562,52.87827682495117,155.74899291992188,282.5575866699219,47.486785888671875,164.8152313232422,46.25239562988281,58.79829788208008
2025-05-23,68.47344970703125,46.544960021972656,571.0753173828125,182.55596923828125,53.06147766113281,155.47607421875,280.9020080566406,47.52484130859375,164.6788330078125,46.44673538208008,58.83529281616211
2025-05-27,68.79596710205078,46.70607376098633,582.9483032226562,186.8699951171875,53.803932189941406,157.99098205566406,286.67694091796875,47.54386520385742,167.2020263671875,46.28154754638672,59.15890884399414
2025-05-28,68.64418029785156,46.725040435791016,579.5757446289062,184.60562133789062,53.31217956542969,156.28514099121094,284.99176025390625,47.50581359863281,165.9745330810547,45.999759674072266,59.121925354003906
2025-05-29,68.89078521728516,46.80085372924805,581.8635864257812,185.29861450195312,53.5243034362793,157.0941925048828,285.90826416015625,47.53435516357422,166.70518493652344,46.20381164550781,59.24213409423828
2025-05-30,69.02359008789062,46.8671989440918,581.2127685546875,184.44944763183594,53.59180450439453,157.33787536621094,285.6717834472656,47.5914421081543,166.9682159423828,45.66938781738281,59.251373291015625
2025-06-02,68.87133026123047,46.82636260986328,584.4866943359375,183.8443145751953,54.20891571044922,157.29888916015625,287.1302795410156,47.562896728515625,167.24099731445312,45.990047454833984,59.23836135864258
2025-06-03,68.79518127441406,46.82636260986328,587.8197631835938,186.10870361328125,53.81357955932617,158.45887756347656,289.111083984375,47.53435516357422,168.1275177001953,46.096927642822266,59.38703918457031
2025-06-04,69.22344207763672,46.8548583984375,587.6619873046875,185.1814727783203,54.09320068359375,157.59133911132812,289.0815124511719,47.58192825317383,167.26048278808594,46.553619384765625,59.63793182373047
2025-06-05,69.09020233154297,46.7123908996582,584.8218994140625,184.91798400878906,54.09320068359375,157.25990295410156,287.4850158691406,47.515323638916016,166.90000915527344,46.670223236083984,59.56359100341797
2025-06-06,68.71903991699219,46.73136520385742,590.827392578125,187.133544921875,54.266761779785156,158.44912719726562,290.8356628417969,47.4296989440918,168.55615234375,46.87428283691406,59.42421340942383
2025-06-09,68.82373809814453,46.80735778808594,591.3599243164062,187.90460205078125,54.28604507446289,158.3614044189453,291.0721740722656,47.448726654052734,168.6341094970703,47.21437454223633,59.53572082519531
2025-06-10,68.95697784423828,46.902347564697266,594.7128295898438,188.7830047607422,54.41139602661133,159.24844360351562,292.6095886230469,47.439212799072266,169.52061462402344,47.56418228149414,59.78660583496094
2025-06-11,69.17585754394531,46.8928337097168,593.0166625976562,187.9436492919922,54.401756286621094,158.58558654785156,291.83099365234375,47.467750549316406,169.2478485107422,47.71965408325195,59.98175048828125
2025-06-12,69.43279266357422,46.9973258972168,595.3734741210938,187.7679443359375,54.82601547241211,159.44338989257812,292.7672119140625,47.49629592895508,170.24151611328125,47.72936248779297,60.04680252075195
2025-06-13,69.18536376953125,46.84535598754883,588.7171630859375,184.88865661621094,54.16069793701172,157.4840850830078,289.3082275390625,47.52484130859375,168.9068603515625,47.010318756103516,59.758724212646484
2025-06-16,69.05213928222656,46.81686019897461,594.3182983398438,186.8602294921875,54.43068313598633,158.72206115722656,292.1661071777344,47.49629592895508,169.72518920898438,47.44758224487305,59.777313232421875
2025-06-17,69.27101135253906,46.8548583984375,589.2398681640625,185.07411193847656,53.74608612060547,157.42562866210938,289.73193359375,47.5914421081543,168.3223419189453,46.91314697265625,59.84236526489258
2025-06-18,69.30908203125,46.94033432006836,589.1510009765625,185.84518432617188,53.89071273803711,157.63034057617188,289.84033203125,47.6199836730957,168.5756378173828,46.786827087402344,59.78660583496094
2025-06-20,69.35668182373047,46.94033432006836,587.7673950195312,186.15750122070312,53.45433044433594,157.91299438476562,289.1702575683594,47.68658447265625,168.86788940429688,46.347328186035156,59.87024688720703
2025-06-23,69.52796936035156,46.97833251953125,593.5730590820312,188.2169189453125,53.86252975463867,159.4141387939453,291.9492492675781,47.72464370727539,170.1148681640625,46.72738265991211,60.037498474121094
2025-06-24,69.73731994628906,46.98783493041992,600.13037109375,189.788330078125,54.572017669677734,160.32069396972656,295.3590393066406,47.72464370727539,171.38133239746094,47.74087142944336,60.33485794067383
2025-06-25,69.7563705444336,46.94983673095703,600.4666748046875,188.10955810546875,54.29988479614258,158.80979919433594,295.01409912109375,47.743675231933594,170.45584106445312,47.857810974121094,60.30698776245117
2025-06-26,69.95621490478516,46.9973258972168,605.1646728515625,190.60816955566406,54.89274215698242,159.91127014160156,297.5566711425781,47.819786071777344,171.63462829589844,48.17939376831055,60.502113342285156
2025-06-27,69.7944107055664,46.97833251953125,608.1713256835938,191.07667541503906,55.23291015625,160.34019470214844,298.9068298339844,47.79124450683594,172.1119842529297,48.13066864013672,60.46494674682617
2025-06-30,70.07040405273438,47.02582550048828,611.0791015625,191.22474670410156,55.4078483581543,161.15744018554688,300.4220886230469,47.829307556152344,173.12484741210938,48.198883056640625,60.72512435913086
2025-07-01,70.01788330078125,47.06770706176758,610.8812866210938,194.7156524658203,55.36897277832031,163.1760711669922,300.4220886230469,47.8062744140625,174.90762329101562,48.39378356933594,60.862396240234375
2025-07-02,69.94152069091797,46.915409088134766,613.6505737304688,196.77487182617188,55.543914794921875,163.64642333984375,301.98388671875,47.82546615600586,175.0349578857422,48.53021240234375,60.862396240234375
2025-07-03,69.76966857910156,46.991554260253906,618.4869995117188,197.80450439453125,55.61194610595703,164.05799865722656,304.4747619628906,47.76789093017578,175.9557342529297,48.744606018066406,60.91841125488281
2025-07-07,69.54054260253906,46.934444427490234,613.8781127929688,195.4608917236328,54.921897888183594,162.54893493652344,302.07281494140625,47.844661712646484,174.5549774169922,48.16965103149414,60.6756477355957
2025-07-08,69.50234985351562,46.82021713256836,613.5418090820312,196.45126342773438,55.320377349853516,163.04867553710938,302.0530090332031,47.82546615600586,174.46682739257812,48.35480499267578,60.488895416259766
2025-07-09,69.77922821044922,46.90589141845703,617.2210083007812,197.2749786376953,55.69942092895508,163.57781982421875,303.9508972167969,47.86384582519531,174.6039581298828,48.345062255859375,60.862396240234375
2025-07-10,69.78878784179688,46.85829544067383,618.9617309570312,199.03024291992188,55.7382926940918,164.92031860351562,304.76141357421875,47.86384582519531,175.7304229736328,48.39378356933594,60.797027587890625
2025-07-11,69.50234985351562,46.744075775146484,616.7858276367188,197.25538635253906,55.27178192138672,163.77381896972656,303.4764404296875,47.90222930908203,174.61373901367188,48.3255729675293,60.47955322265625
2025-07-14,69.49280548095703,46.744075775146484,617.9627075195312,197.78489685058594,55.339813232421875,163.8914031982422,304.1683654785156,47.92142105102539,174.79006958007812,48.384037017822266,60.51689910888672
2025-07-15,69.28276824951172,46.75360107421875,615.3220825195312,193.6566162109375,54.785831451416016,161.32403564453125,302.5670471191406,47.89263916015625,172.48812866210938,48.734859466552734,60.34882736206055
2025-07-16,69.41644287109375,46.86782455444336,617.3792114257812,194.5979766845703,55.04824447631836,162.17654418945312,303.7136535644531,47.98859405517578,173.3501434326172,48.9589958190918,60.38617706298828
2025-07-17,69.435546875,46.83926773071289,621.1573486328125,196.71604919433594,55.17459487915039,163.45045471191406,305.6905517578125,48.007781982421875,174.31008911132812,49.26109313964844,60.39551544189453
2025-07-18,69.55008697509766,46.82021713256836,620.7024536132812,196.60818481445312,55.04824447631836,163.80322265625,305.5225524902344,48.046165466308594,174.02603149414062,49.20262145996094,60.53557586669922
2025-07-21,69.75057983398438,46.9725227355957,621.87939453125,195.6177978515625,55.4078483581543,163.1074676513672,305.8684997558594,48.084556579589844,173.8007354736328,49.45599365234375,60.731666564941406
2025-07-22,69.86514282226562,47.010597229003906,621.9683837890625,198.6380157470703,55.670257568359375,165.81204223632812,306.2243347167969,48.10374450683594,175.2112579345703,49.465736389160156,60.871734619140625
2025-07-23,69.72193145751953,46.848785400390625,627.2598266601562,200.69725036621094,56.85597610473633,166.8017578125,308.8042297363281,47.99818801879883,176.8765106201172,49.92375183105469,60.90909194946289
2025-07-24,69.63602447509766,46.77263641357422,627.4674682617188,198.39285278320312,56.45749282836914,166.017822265625,308.6954650878906,48.007781982421875,176.2104034423828,49.68012619018555,60.899749755859375
2025-07-25,69.80787658691406,46.877342224121094,630.1180419921875,199.48129272460938,56.389461517333984,167.14476013183594,310.0694274902344,48.007781982421875,176.9646759033203,49.543697357177734,61.06782531738281
2025-07-28,69.69329833984375,46.934444427490234,629.9598388671875,198.4811248779297,55.55363082885742,166.017822265625,309.98046875,48.01738357543945,176.0634765625,49.15389633178711,61.04914855957031
2025-07-29,70.05608367919922,46.991554260253906,628.2982788085938,198.07907104492188,55.5341911315918,165.9198455810547,309.00189208984375,48.084556579589844,176.04388427734375,49.18313217163086,61.30126190185547
2025-07-30,69.87469482421875,46.934444427490234,627.507080078125,196.29437255859375,55.116275787353516,164.59693908691406,308.6460266113281,48.03657913208008,175.05455017089844,48.78358459472656,61.16120529174805
2025-07-31,69.88423919677734,46.9725227355957,625.1531372070312,194.42144775390625,54.640052795410156,163.97959899902344,307.3017883300781,47.979000091552734,173.418701171875,48.53021240234375,61.17054748535156
2025-08-01,70.48960876464844,47.14134979248047,614.9066162109375,191.61697387695312,54.4456672668457,162.4117431640625,302.2112121582031,48.17091751098633,171.9199981689453,48.2768440246582,61.35463333129883
2025-08-04,70.53752899169922,47.18905258178711,624.2530517578125,194.3037872314453,55.20375061035156,164.234375,306.9458923339844,48.22848892211914,173.5558319091797,48.72511672973633,61.67400360107422
2025-08-05,70.56624603271484,47.18905258178711,621.088134765625,195.01963806152344,55.30094528198242,164.15599060058594,305.59173583984375,48.19969940185547,173.575439453125,48.881038665771484,61.692787170410156
2025-08-06,70.50877380371094,47.14134979248047,625.845458984375,194.41163635253906,55.72857666015625,163.66604614257812,307.6575927734375,48.19969940185547,173.40890502929688,49.095428466796875,61.71156311035156
2025-08-07,70.48003387451172,47.16043472290039,625.3212280273438,194.107666015625,56.127052307128906,164.0775909423828,307.47967529296875,48.218894958496094,173.26199340820312,49.45599365234375,61.786705017089844
2025-08-08,70.32676696777344,47.08413314819336,630.197265625,194.6077880859375,56.389461517333984,164.58714294433594,309.4170837402344,48.23808288574219,174.34927368164062,49.397518157958984,61.77732467651367
2025-08-11,70.37467956542969,47.06504440307617,628.9510498046875,193.93118286132812,56.16592788696289,163.8522186279297,308.7053527832031,48.2476806640625,173.9966278076172,49.33905029296875,61.84305953979492
2025-08-12,70.38426208496094,47.007816314697266,635.6469116210938,198.60858154296875,56.79766082763672,165.9688262939453,312.48126220703125,48.22848892211914,175.7598114013672,49.904258728027344,62.002750396728516
2025-08-13,70.64287567138672,47.16043472290039,637.82275390625,202.66822814941406,57.0600700378418,168.16384887695312,313.9936218261719,48.305259704589844,177.11158752441406,50.46947479248047,62.29393768310547
2025-08-14,70.44173431396484,47.04597091674805,637.8821411132812,200.38343811035156,56.9628791809082,167.2525177001953,313.529052734375,48.27647018432617,176.77853393554688,49.904258728027344,62.16242980957031
2025-08-15,70.34593963623047,46.874271392822266,636.388671875,199.06947326660156,57.215572357177734,166.72337341308594,312.8173828125,48.23808288574219,176.56304931640625,50.05044174194336,62.0872802734375
2025-08-18,70.2693099975586,46.90288162231445,636.2501220703125,199.05966186523438,57.15726089477539,166.29220581054688,312.9359436035156,48.218894958496094,176.59243774414062,50.43049621582031,62.12486267089844
2025-08-19,70.40340423583984,46.960121154785156,632.7984008789062,199.97158813476562,57.089229583740234,167.45831298828125,311.03814697265625,48.25727844238281,177.425048828125,50.06992721557617,62.19061279296875
2025-08-20,70.45130157470703,47.026885986328125,631.1170043945312,199.1282958984375,57.235015869140625,167.6641082763672,310.2176818847656,48.28606414794922,177.92462158203125,50.05044174194336,62.0966796875
2025-08-21,70.27889251708984,46.93150329589844,628.5850830078125,198.80470275878906,56.9628791809082,167.14476013183594,309.1501770019531,48.27647018432617,177.24871826171875,49.96273422241211,61.89002990722656
2025-08-22,70.63329315185547,47.007816314697266,638.2381591796875,205.0706787109375,57.88618469238281,170.41766357421875,314.50762939453125,48.468379974365234,179.74656677246094,50.83978271484375,62.31270980834961
2025-08-25,70.53752899169922,46.91242218017578,635.42919921875,203.61940002441406,57.1669807434082,169.006591796875,312.9952697753906,48.449195861816406,178.306640625,50.62539291381836,62.0872802734375
2025-08-26,70.62371063232422,46.98872756958008,638.0897827148438,204.41368103027344,57.18642044067383,169.0457763671875,314.4186706542969,48.52595901489258,178.79640197753906,50.5181999206543,62.07788848876953
2025-08-27,70.69078063964844,46.9982795715332,639.5436401367188,205.63941955566406,57.118385314941406,169.81991577148438,315.2588806152344,48.61231994628906,179.3253631591797,50.1771240234375,61.98396301269531
2025-08-28,70.7769775390625,47.03643035888672,641.8085327148438,204.9530029296875,57.35163879394531,169.2809600830078,316.40545654296875,48.602725982666016,179.4037322998047,50.362281799316406,62.31270980834961
2025-08-29,70.69078063964844,47.03643035888672,637.98095703125,204.74708557128906,57.0600700378418,169.3299560546875,314.52740478515625,48.63151168823242,179.47230529785156,50.216102600097656,62.21879577636719
2025-09-02,70.53990173339844,46.84427261352539,633.2533569335938,203.53114318847656,56.554683685302734,168.29124450683594,312.3428955078125,48.583534240722656,178.86497497558594,50.14788818359375,62.00548553466797
2025-09-03,70.77055358886719,46.97812271118164,636.6853637695312,203.42327880859375,56.6810302734375,167.96788024902344,313.6673889160156,48.583534240722656,178.071533203125,50.28431701660156,62.269744873046875
2025-09-04,71.03961944580078,47.08327102661133,642.00634765625,205.8943634033203,57.030914306640625,169.07518005371094,316.4450378417969,48.5931282043457,179.3939208984375,50.06992721557617,62.51513671875
2025-09-05,71.37598419189453,47.2266731262207,640.14697265625,206.8455352783203,57.303043365478516,169.3495635986328,315.8617858886719,48.669898986816406,178.81600952148438,50.6448860168457,62.90207290649414
2025-09-08,71.60663604736328,47.26490783691406,641.7195434570312,206.50233459472656,57.857032775878906,168.9477996826172,316.87005615234375,48.689090728759766,178.58090209960938,51.14188003540039,62.90207290649414
2025-09-09,71.47209167480469,47.245792388916016,643.203125,204.99221801757812,57.70152282714844,168.2422637939453,317.2752990722656,48.669898986816406,178.7376251220703,51.33678436279297,62.85490036010742
2025-09-10,71.5970230102539,47.30315399169922,645.0625610351562,204.7863006591797,57.74039840698242,168.43824768066406,318.0858459472656,48.65070343017578,180.0502166748047,51.57065963745117,63.175758361816406
2025-09-11,71.75079345703125,47.33184051513672,650.4231567382812,208.24777221679688,58.38185119628906,170.93702697753906,321.03143310546875,48.65070343017578,182.25421142578125,52.213836669921875,63.38340377807617
2025-09-12,71.66429901123047,47.23624038696289,650.2054443359375,206.01202392578125,58.13888168334961,169.96690368652344,320.56683349609375,48.641109466552734,181.1472930908203,52.11638259887695,63.23238754272461
2025-09-15,71.79883575439453,47.28403091430664,653.6671142578125,205.69825744628906,58.60538864135742,169.14378356933594,322.12860107421875,48.65070343017578,180.794677734375,52.46720504760742,63.38340377807617
2025-09-16,71.80846405029297,47.293601989746094,652.76708984375,204.96279907226562,58.537357330322266,168.68319702148438,321.6937255859375,48.69868469238281,180.59878540039062,52.79853820800781,63.3267707824707
2025-09-17,71.68350982666016,47.28403091430664,651.9561767578125,204.94320678710938,58.333255767822266,168.88900756835938,321.40704345703125,48.67949295043945,181.38238525390625,53.12986373901367,63.31732940673828
2025-09-18,71.50091552734375,47.21711730957031,655.00244140625,207.60060119628906,58.517913818359375,169.6729278564453,323.4333801269531,48.641109466552734,182.01913452148438,52.88623809814453,63.02476119995117
2025-09-19,71.52975463867188,47.21711730957031,658.2465209960938,206.09046936035156,58.251319885253906,169.17315673828125,324.6492004394531,48.641109466552734,181.8819580078125,52.81766891479492,62.977577209472656
2025-09-22,71.39521789550781,47.21711730957031,661.3607788085938,206.06106567382812,58.563819885253906,169.18296813964844,326.0528259277344,48.5931282043457,182.00930786132812,52.964603424072266,63.119136810302734
2025-09-23,71.53936004638672,47.207550048828125,657.7606201171875,206.02183532714844,58.47592544555664,170.1334991455078,324.30322265625,48.641109466552734,182.45010375976562,52.954811096191406,63.42115020751953
2025-09-24,71.39521789550781,47.207550048828125,655.6678466796875,205.08045959472656,58.06577682495117,170.006103515625,323.1170959472656,48.621917724609375,182.09747314453125,52.856849670410156,63.411712646484375
2025-09-25,71.31832885742188,47.17887878417969,652.6429443359375,203.19775390625,57.67515563964844,168.8302001953125,321.3872985839844,48.554744720458984,181.25506591796875,52.553192138671875,63.26069641113281
2025-09-26,71.31832885742188,47.21711730957031,656.3820190429688,205.32562255859375,58.016944885253906,170.99581909179688,323.4037170410156,48.583534240722656,182.75376892089844,52.45523452758789,63.16632843017578
2025-09-29,71.50091552734375,47.27448272705078,658.2266845703125,204.8804168701172,58.30990982055664,171.3927001953125,324.2234802246094,48.57394027709961,182.88470458984375,52.83726119995117,63.26069641113281
2025-09-30,71.47209167480469,47.28403091430664,660.7061157226562,205.56988525390625,58.514984130859375,171.93438720703125,325.2840576171875,48.583534240722656,183.60342407226562,53.072357177734375,63.13800811767578
2025-10-01,71.65238952636719,47.307979583740234,662.9574584960938,206.3282928466797,58.95443344116211,171.51087951660156,326.41400146484375,48.63991165161133,183.9775390625,53.40540313720703,63.34093475341797
2025-10-02,71.72950744628906,47.336734771728516,663.7210693359375,206.87001037597656,59.08138656616211,171.638916015625,326.8898010253906,48.63018798828125,183.64279174804688,53.55233383178711,63.37886428833008
2025-10-03,71.64273834228516,47.336734771728516,663.7112426757812,207.97317504882812,59.628257751464844,172.6040496826172,327.0682373046875,48.591312408447266,184.6273193359375,53.66988754272461,63.435752868652344
2025-10-06,71.47883605957031,47.23134231567383,666.0914916992188,207.51023864746094,59.745445251464844,172.4169464111328,328.29730224609375,48.61075210571289,184.430419921875,53.85599899291992,63.38835906982422
2025-10-07,71.61380767822266,47.26966094970703,663.6219482421875,205.60926818847656,59.22787094116211,171.80633544921875,326.7212829589844,48.63991165161133,184.26304626464844,53.5621337890625,63.331459045410156
2025-10-08,71.61380767822266,47.39421844482422,667.5791625976562,206.7321319580078,59.413414001464844,171.78663635253906,328.8920593261719,48.64963150024414,184.17445373535156,53.86579895019531,63.37886428833008
2025-10-09,71.56559753417969,47.327144622802734,665.6452026367188,204.3682403564453,58.905609130859375,170.35861206054688,327.7521667480469,48.63018798828125,183.17022705078125,53.395606994628906,63.35989761352539
2025-10-10,71.8451919555664,47.52833938598633,647.6542358398438,198.3895721435547,57.79233932495117,166.9608917236328,318.9700622558594,48.68851089477539,180.03944396972656,51.46588134765625,63.15129470825195
2025-10-13,71.96089172363281,47.576236724853516,657.5919189453125,201.80735778808594,58.39780044555664,168.61546325683594,324.054931640625,48.727394104003906,181.68359375,52.896034240722656,63.50212478637695
2025-10-14,72.06694793701172,47.6241340637207,656.78857421875,204.47657775878906,58.57358169555664,170.50634765625,323.955810546875,48.71767044067383,183.24899291992188,52.425846099853516,63.54005813598633
2025-10-15,72.01873779296875,47.681617736816406,659.7044067382812,204.99862670898438,58.98373031616211,170.94952392578125,325.49224853515625,48.70795440673828,183.76092529296875,53.21928787231445,63.66333770751953
2025-10-16,72.28868103027344,47.78701400756836,655.2116088867188,202.08314514160156,59.23763656616211,168.76318359375,322.9051513671875,48.76626968383789,181.86080932617188,53.395606994628906,63.78658676147461
2025-10-17,72.19227600097656,47.71036148071289,658.9308471679688,202.6150360107422,59.28646469116211,169.1768035888672,324.42169189453125,48.727394104003906,182.76657104492188,53.26826858520508,63.76763916015625
2025-10-20,72.28868103027344,47.748687744140625,665.7840576171875,205.2744140625,59.80403518676758,170.91012573242188,328.0396423339844,48.74683380126953,184.12521362304688,53.90497970581055,63.99520492553711
2025-10-21,72.3754653930664,47.78701400756836,665.7741088867188,205.87522888183594,59.266929626464844,171.6881561279297,327.9999694824219,48.78571319580078,184.32211303710938,53.42499542236328,64.15641021728516
2025-10-22,72.3754653930664,47.81574249267578,662.3128051757812,204.5159912109375,59.28646469116211,171.2252960205078,326.00762939453125,48.814876556396484,183.76092529296875,53.395606994628906,64.07106018066406
2025-10-23,72.2308349609375,47.75826644897461,666.2402954101562,206.17071533203125,59.58919143676758,171.9934539794922,328.09906005859375,48.77599334716797,184.30242919921875,53.79722595214844,63.9572639465332
2025-10-24,72.32726287841797,47.691200256347656,671.6851806640625,207.00791931152344,59.784507751464844,172.33815002441406,330.77532958984375,48.77599334716797,185.21803283691406,54.05191421508789,64.1658935546875
2025-10-27,72.36581420898438,47.777427673339844,679.6094970703125,207.5693359375,60.22394943237305,172.6631622314453,334.4626159667969,48.73711395263672,185.83827209472656,54.502506256103516,64.68739318847656
2025-10-28,72.40438079833984,47.80617141723633,681.41455078125,205.70779418945312,60.21418762207031,170.8116455078125,334.9780578613281,48.71767044067383,184.5879364013672,54.47311782836914,64.68739318847656
2025-10-29,72.04766845703125,47.672035217285156,681.7418823242188,203.95457458496094,59.87239456176758,169.8465118408203,334.7401428222656,48.58158874511719,183.12100219726562,54.629852294921875,64.43138122558594
2025-10-30,71.92232513427734,47.700782775878906,674.2440185546875,202.48696899414062,59.598960876464844,169.57073974609375,331.1420593261719,48.58158874511719,182.72720336914062,54.06170654296875,64.34605407714844
2025-10-31,71.90303802490234,47.75826644897461,676.45556640625,203.40298461914062,59.55012893676758,169.73818969726562,332.4703063964844,48.63991165161133,182.88470458984375,53.84620666503906,64.47879028320312
2025-11-03,71.81986236572266,47.718894958496094,677.7251586914062,202.93020629882812,59.696617126464844,169.31468200683594,332.846923828125,48.63991165161133,182.01834106445312,53.963748931884766,64.26634979248047
2025-11-04,71.85855102539062,47.68049240112305,669.6917114257812,201.35426330566406,58.905609130859375,168.37908935546875,328.8226623535156,48.64963150024414,181.46701049804688,53.20949172973633,64.19014739990234
2025-11-05,71.6554183959961,47.64208984375,672.012451171875,203.33404541015625,59.27669906616211,169.3934783935547,330.23016357421875,48.591312408447266,182.34324645996094,53.67967987060547,64.0472412109375
2025-11-06,71.9359130859375,47.661285400390625,664.8021850585938,201.13758850097656,59.00326156616211,169.1177215576172,326.4734802246094,48.63018798828125,182.10694885253906,53.47397232055664,64.27588653564453
2025-11-07,71.8972396850586,47.64208984375,665.4567260742188,203.76742553710938,59.18880844116211,170.90028381347656,327.1871643066406,48.65935134887695,183.27853393554688,53.42499542236328,64.26634979248047
2025-11-10,71.87789916992188,47.661285400390625,675.8406982421875,204.42733764648438,59.91145324707031,171.8851318359375,331.9747009277344,48.64963150024414,184.08583068847656,54.140071868896484,64.38067626953125
2025-11-11,72.08101654052734,47.72849655151367,677.3878784179688,205.1956024169922,60.28254699707031,172.81088256835938,332.7874755859375,48.727394104003906,185.6020050048828,54.19884490966797,64.57119750976562
2025-11-12,72.05199432373047,47.72849655151367,677.7648315429688,205.86537170410156,60.67317199707031,173.35255432128906,332.90643310546875,48.65935134887695,186.49789428710938,54.189048767089844,64.57119750976562
2025-11-13,71.83920288085938,47.61328887939453,666.5180053710938,202.90066528320312,59.96028518676758,171.29421997070312,327.0087585449219,48.64963150024414,184.6273193359375,53.709068298339844,64.3330307006836
2025-11-14,71.7328109741211,47.48846435546875,666.4088745117188,202.3687744140625,59.882164001464844,171.20558166503906,326.95916748046875,48.63991165161133,184.25320434570312,53.72865295410156,64.27588653564453
2025-11-17,71.77149200439453,47.5268669128418,660.2003173828125,198.4486541748047,59.110679626464844,168.70408630371094,323.559326171875,48.63991165161133,182.19554138183594,53.11153793334961,64.3139877319336
2025-11-18,71.82952880859375,47.5268669128418,654.65625,198.8918914794922,58.50522232055664,168.98968505859375,321.3687744140625,48.65935134887695,182.17584228515625,52.935218811035156,64.285400390625
2025-11-19,71.80050659179688,47.47886657714844,657.185302734375,198.5373077392578,58.30990982055664,167.9457550048828,322.4194641113281,48.63991165161133,181.7525177001953,52.81766891479492,64.34256744384766
2025-11-20,71.90690612792969,47.48846435546875,647.1683349609375,195.88780212402344,57.51890563964844,166.33059692382812,317.2850036621094,48.669071197509766,180.0591278076172,52.19075393676758,64.23776245117188
2025-11-21,72.08101654052734,47.584476470947266,653.6149291992188,200.82240295410156,58.36850357055664,169.4821014404297,320.9524841308594,48.71767044067383,182.54013061523438,51.985050201416016,64.35209655761719
2025-11-24,72.20677947998047,47.54607391357422,663.235107421875,202.39833068847656,58.65170669555664,170.1518096923828,325.74993896484375,48.70795440673828,182.43182373046875,52.514007568359375,64.50450897216797
2025-11-25,72.3712158203125,47.67089080810547,669.4735107421875,206.5745391845703,59.20833969116211,172.32830810546875,329.23895263671875,48.74683380126953,185.1097412109375,52.74909973144531,64.59978485107422
2025-11-26,72.4485855102539,47.69009017944336,674.09521484375,207.80572509765625,59.84309387207031,173.7957305908203,331.4989013671875,48.77599334716797,186.30101013183594,53.0037841796875,64.7045669555664
2025-11-28,72.33250427246094,47.67089080810547,677.7747192382812,208.4853515625,60.12629699707031,174.84951782226562,333.35247802734375,48.74683380126953,187.5316619873047,53.18989944458008,64.71410369873047
2025-12-01,72.05014038085938,47.52079772949219,674.6802978515625,207.70724487304688,59.82356643676758,173.60861206054688,331.71697998046875,48.727394104003906,186.22222900390625,53.140926361083984,64.47386169433594
2025-12-02,72.1180648803711,47.540042877197266,675.9300537109375,206.82077026367188,60.01887130737305,172.98814392089844,332.11346435546875,48.73711395263672,185.92689514160156,53.02337646484375,64.71315002441406
2025-12-03,72.22481536865234,47.56890106201172,678.2706298828125,209.09600830078125,60.34113693237305,174.23892211914062,333.60028076171875,48.77599334716797,187.63995361328125,52.954811096191406,64.83755493164062
2025-12-04,72.08895111083984,47.52079772949219,678.7664794921875,209.2831573486328,60.49738693237305,174.6131591796875,334.1255798339844,48.75655746459961,187.62025451660156,53.072357177734375,64.73228454589844
2025-12-05,72.0016098022461,47.45344161987305,680.0557861328125,209.55894470214844,60.58527755737305,174.64271545410156,334.5914611816406,48.74683380126953,187.41351318359375,53.28786087036133,64.63655853271484
2025-12-08,71.89486694335938,47.337989807128906,678.0127563476562,208.3474578857422,60.45832443237305,173.98284912109375,333.61016845703125,48.70795440673828,186.50775146484375,53.091949462890625,64.40685272216797
2025-12-09,71.84635925292969,47.3764762878418,677.4275512695312,208.2982177734375,60.38996887207031,174.14044189453125,333.2731628417969,48.65935134887695,186.00563049316406,53.0037841796875,64.36856842041016
2025-12-10,72.0598373413086,47.366851806640625,681.92041015625,212.54336547851562,61.07355499267578,176.77981567382812,335.7511901855469,48.71767044067383,188.5949249267578,53.44458770751953,64.5887222290039
2025-12-11,72.0598373413086,47.35723114013672,683.5072021484375,214.7693634033203,61.327457427978516,178.345703125,336.88116455078125,48.727394104003906,190.15048217773438,53.32704162597656,64.60786437988281
2025-12-12,71.83665466308594,47.328365325927734,676.1581420898438,212.7501983642578,61.01496124267578,177.14419555664062,333.0353088378906,48.71767044067383,189.5203857421875,52.83726119995117,64.60786437988281
2025-12-15,71.92400360107422,47.3764762878418,675.1365356445312,212.4448699951172,61.36651611328125,177.52828979492188,332.38104248046875,48.70795440673828,190.2390899658203,52.6805305480957,64.70356750488281
2025-12-16,72.0598373413086,47.434200286865234,673.2918701171875,211.036376953125,60.995426177978516,175.7358856201172,331.41961669921875,48.68851089477539,188.3980255126953,52.38666534423828,64.81843566894531
2025-12-17,72.04043579101562,47.434200286865234,665.8832397460938,210.95758056640625,60.56574630737305,175.58815002441406,327.80169677734375,48.71767044067383,188.01406860351562,52.043819427490234,64.60786437988281
2025-12-18,72.19329071044922,47.44303512573242,670.9114990234375,211.5583953857422,61.044254302978516,175.469970703125,330.3193664550781,48.738380432128906,187.90576171875,52.484622955322266,64.86268615722656
2025-12-19,72.08618927001953,47.335079193115234,676.9923095703125,212.01148986816406,61.41169357299805,175.86392211914062,333.26324462890625,48.728519439697266,188.33897399902344,53.04695510864258,64.81461334228516
2025-12-22,72.06671905517578,47.335079193115234,681.2098999023438,213.41307067871094,61.69968795776367,177.15191650390625,335.580322265625,48.70880126953125,189.7897491455078,53.38655090332031,64.83384704589844
2025-12-23,72.05699920654297,47.433223724365234,684.3233032226562,212.58163452148438,62.10684585571289,176.8747100830078,336.693603515625,48.698936462402344,189.9084930419922,53.636253356933594,64.83384704589844
2025-12-24,72.23222351074219,47.521549224853516,686.7305297851562,213.10623168945312,62.24587631225586,177.45880126953125,337.8466796875,48.728519439697266,190.86843872070312,53.616275787353516,64.99732208251953
2025-12-26,72.23222351074219,47.521549224853516,686.660888671875,213.2052001953125,62.37497329711914,177.6072998046875,337.637939453125,48.74823760986328,190.77935791015625,53.955875396728516,64.9684829711914
2025-12-29,72.3393325805664,47.472476959228516,684.2138671875,212.2450714111328,62.28559875488281,177.1123046875,336.3656005859375,48.76795959472656,190.59133911132812,53.54636001586914,65.05502319335938
2025-12-30,72.31011962890625,47.482295989990234,683.3783569335938,211.75018310546875,62.3551139831543,177.0529022216797,335.82879638671875,48.7778205871582,190.37362670898438,53.746124267578125,64.9684829711914
2025-12-31,72.11540222167969,47.42340850830078,678.3152465820312,209.63198852539062,62.037330627441406,175.59759521484375,333.2642517089844,48.76795959472656,189.00794982910156,53.69618225097656,64.84346008300781
2026-01-02,72.08618927001953,47.41359329223633,679.55859375,212.2351837158203,62.76227569580078,177.22120666503906,334.29803466796875,48.75809860229492,190.80905151367188,54.86479187011719,64.86268615722656
2026-01-05,72.2225112915039,47.482295989990234,684.0845336914062,214.83839416503906,63.507080078125,179.11212158203125,336.8128662109375,48.80739974975586,192.62994384765625,55.224365234375,64.93961334228516
2026-01-06,72.2225112915039,47.54117965698242,688.1529541015625,217.7682342529297,63.695762634277344,180.73573303222656,339.168701171875,48.82712173461914,194.25294494628906,55.524009704589844,64.88191986083984
2026-01-07,72.30038452148438,47.62950897216797,685.9347534179688,215.32339477539062,63.437564849853516,178.3399200439453,338.015625,48.82712173461914,192.00650024414062,55.18441390991211,64.78577423095703
2026-01-08,72.17381286621094,47.62950897216797,685.8651123046875,218.39181518554688,63.49714660644531,180.54762268066406,338.1051330566406,48.817256927490234,193.530517578125,55.24434280395508,64.70883178710938
2026-01-09,72.32960510253906,47.63933181762695,690.4010009765625,219.79733276367188,64.08306121826172,181.300048828125,340.3515930175781,48.80739974975586,194.77745056152344,55.364200592041016,64.84346008300781
2026-01-12,72.2614517211914,47.67858123779297,691.4852294921875,219.57958984375,64.4703598022461,181.46835327148438,340.9778137207031,48.817256927490234,194.8566131591797,56.22317886352539,64.80499267578125
2026-01-13,72.31986236572266,47.63933181762695,690.1026000976562,219.6488800048828,64.11285400390625,181.60693359375,340.2919616699219,48.836978912353516,194.54983520507812,55.89356994628906,64.78577423095703
2026-01-14,72.46590423583984,47.70802307128906,686.7106323242188,220.87623596191406,64.42070770263672,182.92364501953125,338.9599609375,48.836978912353516,195.62850952148438,56.013431549072266,64.89154815673828
2026-01-15,72.35880279541016,47.68839645385742,688.5806884765625,223.39036560058594,64.51008605957031,183.745361328125,340.0036926269531,48.787681579589844,196.3509521484375,56.27312088012695,64.91078186035156
2026-01-16,72.2419662475586,47.63933181762695,688.0037231445312,222.74696350097656,64.68883514404297,183.4186553955078,339.80487060546875,48.76795959472656,196.3113555908203,55.93352508544922,64.82423400878906
2026-01-20,71.97909545898438,47.492103576660156,673.9981689453125,219.39151000976562,63.824859619140625,180.89413452148438,333.1051940917969,48.76795959472656,193.69874572753906,55.47407150268555,64.52611541748047
2026-01-21,72.18355560302734,47.531368255615234,681.77685546875,224.65731811523438,64.55973815917969,183.56715393066406,337.05145263671875,48.80739974975586,196.4004364013672,56.043392181396484,64.9588623046875
2026-01-22,72.21276092529297,47.57062530517578,685.3379516601562,224.71670532226562,64.90731048583984,183.7552490234375,338.8307189941406,48.76795959472656,196.71710205078125,56.48286819458008,64.97808837890625
2026-01-23,72.29065704345703,47.550994873046875,685.5865478515625,222.1431884765625,65.32440185546875,182.84445190429688,338.5225830078125,48.836978912353516,195.53944396972656,56.70261001586914,65.12234497070312
2026-01-26,72.3782730102539,47.62950897216797,689.0680541992188,222.10360717773438,65.62232971191406,183.4186553955078,339.98382568359375,48.836978912353516,196.20249938964844,56.86241912841797,65.17041015625
2026-01-27,72.31986236572266,47.61970138549805,691.8134765625,221.7967529296875,66.69485473632812,183.9829559326172,341.21636962890625,48.88628387451172,196.1530303955078,57.57157516479492,65.14154815673828
2026-01-28,72.29065704345703,47.60988235473633,691.7438354492188,220.79705810546875,66.25789642333984,183.458251953125,341.0274963378906,48.915863037109375,196.232177734375,57.791316986083984,65.07424926757812
2026-01-29,72.30038452148438,47.76691436767578,690.3711547851562,221.786865234375,66.60547637939453,183.83445739746094,340.24224853515625,48.97502136230469,197.51869201660156,57.57157516479492,65.13196563720703
2026-01-30,72.27117156982422,47.66876220703125,688.3120727539062,220.81683349609375,65.74149322509766,183.0028533935547,338.53253173828125,49.0341796875,197.67703247070312,56.4029655456543,65.06464385986328
2026-02-02,72.19791412353516,47.6412239074707,691.7339477539062,222.6678009033203,65.99969482421875,183.89385986328125,340.4311218261719,48.945438385009766,199.35940551757812,56.71259689331055,65.03565216064453
2026-02-03,72.21744537353516,47.621551513671875,685.885009765625,223.3408660888672,66.25789642333984,185.1610565185547,337.8168640136719,48.97502136230469,200.36880493164062,56.68263244628906,65.0259780883789
2026-02-04,72.18814849853516,47.69041061401367,682.5626831054688,226.0331573486328,66.33734130859375,187.2103729248047,336.2264404296875,48.935585021972656,201.48709106445312,56.34303665161133,64.97765350341797
2026-02-05,72.50074005126953,47.74943923950195,674.0379638671875,224.3900604248047,65.4435806274414,185.23036193847656,331.9024353027344,48.98487854003906,200.34901428222656,55.97347640991211,65.21928405761719
2026-02-06,72.51050567626953,47.75926971435547,686.96923828125,229.73504638671875,66.90339660644531,189.19039916992188,338.9201965332031,49.004600524902344,204.24813842773438,57.19202423095703,65.31593322753906
2026-02-09,72.53004455566406,47.77893829345703,690.2816772460938,229.57667541503906,67.89646911621094,189.2596893310547,340.59014892578125,49.0341796875,203.88197326660156,57.68144607543945,65.3545913696289
2026-02-10,72.74493408203125,47.887149810791016,688.4613037109375,230.20025634765625,68.06529235839844,189.57650756835938,339.7551574707031,49.044044494628906,203.69395446777344,57.94113540649414,65.55755615234375
2026-02-11,72.59841918945312,47.89698791503906,688.3021850585938,230.15077209472656,68.57176208496094,190.36849975585938,339.4271545410156,48.9947395324707,204.68356323242188,58.4405403137207,65.55755615234375
2026-02-12,72.9305419921875,48.005191802978516,677.668701171875,226.64683532714844,68.02556610107422,188.1707000732422,333.9998474121094,49.044044494628906,202.48660278320312,57.69143295288086,65.77018737792969
2026-02-13,73.14544677734375,48.015037536621094,678.1461181640625,228.9530792236328,68.28376770019531,190.46749877929688,334.635986328125,49.07362365722656,203.99082946777344,57.68144607543945,65.8668441772461
2026-02-17,73.13568115234375,48.103572845458984,679.2402954101562,228.4482879638672,68.10501098632812,190.17050170898438,335.053466796875,48.9947395324707,203.71372985839844,57.721397399902344,66.02147674560547
2026-02-18,73.05753326416016,48.103572845458984,682.662109375,229.57667541503906,68.33341217041016,191.1110076904297,336.80291748046875,49.014461517333984,204.39657592773438,57.88121032714844,66.05046081542969
2026-02-19,73.08683776855469,48.13308334350586,680.8616333007812,229.339111328125,68.31356048583984,190.42791748046875,336.1667785644531,49.044044494628906,203.98092651367188,57.521636962890625,65.97315979003906
2026-02-20,73.07706451416016,48.18226623535156,685.7855834960938,230.40811157226562,69.03849792480469,191.5070037841797,338.23431396484375,49.044044494628906,204.73304748535156,58.46051788330078,66.0118179321289
2026-02-23,73.23336791992188,48.27080154418945,678.7827758789062,226.15191650390625,68.70085144042969,189.89329528808594,334.4471130371094,49.07362365722656,203.1100616455078,57.9910774230957,66.0794677734375
2026-02-24,73.19429016113281,48.29047393798828,683.7164916992188,227.76531982421875,68.97891235351562,191.5268096923828,337.1806640625,49.06376266479492,204.02052307128906,58.61034393310547,65.99246215820312
2026-02-25,73.17475128173828,48.231449127197266,689.4859008789062,228.19093322753906,69.77337646484375,191.48719787597656,339.78497314453125,49.09334182739258,204.5054168701172,58.93994903564453,66.06013488769531
2026-02-26,73.28221130371094,48.31014633178711,685.6561889648438,229.62615966796875,69.82302856445312,192.53662109375,338.4530029296875,49.15250015258789,204.7825164794922,58.200828552246094,66.0407943725586
2026-02-27,73.42872619628906,48.398685455322266,682.3637084960938,227.5574493408203,69.75350952148438,192.38812255859375,336.7432861328125,49.201805114746094,205.1090850830078,58.031028747558594,66.06013488769531
2026-03-02,73.13282012939453,48.23111343383789,682.751708984375,228.08204650878906,68.53203582763672,192.38812255859375,337.0912170410156,49.18208312988281,204.66375732421875,57.172054290771484,65.75910949707031
2026-03-03,73.05443572998047,48.13254165649414,676.7337036132812,224.93446350097656,66.14865112304688,189.43789672851562,333.72149658203125,49.18208312988281,202.150146484375,55.16443634033203,65.49693298339844
2026-03-04,73.00545501708984,48.073394775390625,681.5082397460938,225.72630310058594,66.91332244873047,189.93289184570312,336.1667785644531,49.1229248046875,202.86265563964844,55.51402282714844,65.65229034423828
2026-03-05,72.83888244628906,47.886112213134766,677.70849609375,222.50941467285156,65.33433532714844,187.64598083496094,333.9898986816406,49.17222213745117,200.2302703857422,54.78488540649414,65.43866729736328
2026-03-06,72.74090576171875,47.74810791015625,668.82568359375,217.97608947753906,64.82786560058594,185.5669708251953,329.4273681640625,49.29054641723633,197.95413208007812,54.40534210205078,65.00169372558594
2026-03-09,72.94666290283203,47.817108154296875,674.6845703125,218.77783203125,65.4535140991211,185.5471649169922,332.2801818847656,49.27082443237305,198.3895721435547,55.06455612182617,65.13764190673828
2026-03-10,72.7213134765625,47.77768325805664,673.6002807617188,217.4316864013672,65.5130844116211,184.25025939941406,331.5148010253906,49.22152328491211,197.84527587890625,55.4441032409668,65.14734649658203
2026-03-11,72.3979721069336,47.56082534790039,672.7548217773438,217.11495971679688,65.40385437011719,183.7948455810547,331.2463684082031,49.241241455078125,197.32077026367188,55.49404525756836,65.00169372558594
2026-03-12,72.1334228515625,47.39324951171875,662.5390625,213.71002197265625,64.1227798461914,181.2703399658203,325.958251953125,49.22152328491211,194.95558166503906,54.24552917480469,64.4870376586914
2026-03-13,72.0648422241211,47.31439208984375,658.7890014648438,213.4724578857422,63.37797927856445,181.38914489746094,324.1789245605469,49.23138427734375,195.2227783203125,53.955875396728516,64.0792007446289
2026-03-16,72.33917999267578,47.53125,665.493408203125,214.4325714111328,64.73849487304688,182.89395141601562,327.4889831542969,49.28068161010742,196.70721435546875,54.95468521118164,64.37052154541016
2026-03-17,72.48615264892578,47.610111236572266,667.2440185546875,216.16473388671875,64.95697021484375,184.0819549560547,328.5923767089844,49.37928771972656,197.2613983154297,55.194400787353516,64.62299346923828
2026-03-18,72.19221496582031,47.42282485961914,657.9335327148438,213.72979736328125,63.83479309082031,181.61683654785156,324.069580078125,49.35956573486328,194.7081756591797,54.14564895629883,64.09861755371094
2026-03-19,72.27059936523438,47.44253921508789,656.3121948242188,213.98716735839844,63.71562576293945,181.7356414794922,323.4930725097656,49.29054641723633,194.4310760498047,53.945884704589844,64.22486114501953
2026-03-20,71.69251251220703,47.12710952758789,646.9034423828125,210.0081024169922,61.715152740478516,179.2012176513672,318.4235534667969,49.22152328491211,192.50131225585938,52.49760818481445,63.312068939208984
2026-03-23,71.96685028076172,47.324249267578125,653.6959228515625,213.79908752441406,63.3266716003418,181.33963012695312,322.2505187988281,49.1229248046875,193.8571014404297,53.73613357543945,63.79758834838867
2026-03-24,71.78070068359375,47.14682388305664,651.5015869140625,215.55105590820312,62.81934356689453,182.98304748535156,321.24658203125,49.07362365722656,194.91600036621094,53.24671936035156,63.54513931274414
2026-03-25,72.05504608154297,47.39324951171875,655.1322021484375,217.36241149902344,63.635047912597656,183.40875244140625,323.20477294921875,49.08348083496094,195.57904052734375,54.27549362182617,64.09861755371094
2026-03-26,71.63372039794922,47.058109283447266,643.432373046875,215.293701171875,62.15284729003906,182.5276336669922,317.6382751464844,49.0341796875,194.233154296875,52.787261962890625,63.43830871582031
2026-03-27,71.63372039794922,46.979251861572266,632.4606323242188,212.1817626953125,61.725101470947266,181.13308715820312,312.19195556640625,49.10320281982422,192.40118408203125,52.42769241333008,63.11786651611328
2026-03-30,71.99626159667969,47.107391357421875,630.3460693359375,211.33558654785156,61.705204010009766,180.6254425048828,310.7860107421875,49.241241455078125,192.08274841308594,52.35777282714844,63.24410629272461
2026-03-31,72.15302276611328,47.363677978515625,648.6688842773438,216.27328491210938,63.74447250366211,183.43246459960938,319.88983154296875,49.25110626220703,195.23719787597656,53.985836029052734,63.78789138793945
2026-04-01,72.18251037597656,47.434814453125,653.5562744140625,217.15928649902344,64.79891967773438,183.80076599121094,322.3128356933594,49.19487380981445,195.70489501953125,54.14564895629883,64.02113342285156
2026-04-02,72.33981323242188,47.385414123535156,654.144775390625,217.59730529785156,64.3015365600586,184.3780975341797,322.83135986328125,49.31325149536133,196.02333068847656,53.75611114501953,64.13825225830078
2026-04-06,72.23167419433594,47.30638122558594,657.23681640625,218.4136199951172,64.7790298461914,185.21424865722656,324.2771911621094,49.31325149536133,196.869140625,53.945884704589844,64.13825225830078
2026-04-07,72.33981323242188,47.33601379394531,657.5260009765625,218.68240356445312,64.74917602539062,185.03506469726562,324.4965515136719,49.3724365234375,196.6104278564453,54.02579116821289,64.22608947753906
2026-04-08,72.47746276855469,47.70158004760742,674.27294921875,224.34683227539062,67.46488952636719,188.71804809570312,332.74285888671875,49.323116302490234,200.98883056640625,56.43292999267578,64.78236389160156
2026-04-09,72.5069580078125,47.55337905883789,678.162841796875,225.0536346435547,67.19630432128906,189.28543090820312,334.48785400390625,49.35270690917969,201.95407104492188,56.37300109863281,65.07514190673828
2026-04-10,72.3988037109375,47.42493438720703,677.7140502929688,223.76943969726562,67.38530731201172,188.200439453125,334.0889587402344,49.3724365234375,200.32211303710938,56.68263244628906,65.08490753173828
2026-04-13,72.55612182617188,47.46446228027344,684.3369750976562,226.0491485595703,67.85284423828125,189.26551818847656,337.6986083984375,49.45135498046875,201.61573791503906,57.11212158203125,65.42648315429688
2026-04-14,72.73307037353516,47.64229965209961,692.675537109375,226.8953094482422,68.52928161621094,189.72340393066406,341.66717529296875,49.48094940185547,201.9640350341797,57.911170959472656,65.69973754882812
2026-04-15,72.63475799560547,47.543495178222656,698.1414184570312,226.27810668945312,68.34027862548828,188.80763244628906,344.2497253417969,49.461219787597656,201.0485382080078,58.02104187011719,65.64118194580078
2026-04-16,72.526611328125,47.51386260986328,699.8569946289062,227.23377990722656,68.27064514160156,189.82293701171875,345.0374755859375,49.47108459472656,201.5858917236328,58.140899658203125,65.38744354248047
2026-04-17,72.81172180175781,47.75098419189453,708.3152465820312,231.19590759277344,69.26541137695312,191.64453125,349.5245666503906,49.48094940185547,203.2377471923828,59.10974884033203,65.88516998291016
2026-04-20,72.7625732421875,47.69170379638672,706.8988037109375,232.23121643066406,68.96697998046875,192.25172424316406,349.2054748535156,49.50067901611328,203.24769592285156,58.84006881713867,65.86563873291016
2026-04-21,72.53644561767578,47.523738861083984,702.2708129882812,230.9370574951172,67.46488952636719,191.70423889160156,346.84228515625,49.461219787597656,201.97398376464844,58.13091278076172,65.5533447265625
2026-04-22,72.61509704589844,47.602779388427734,709.3825073242188,230.31985473632812,67.99211120605469,191.0771484375,350.21258544921875,49.49081039428711,201.8744659423828,58.69024658203125,65.68997192382812
2026-04-23,72.48728942871094,47.51386260986328,706.6295776367188,230.41940307617188,67.3355712890625,192.48065185546875,348.7966613769531,49.55986785888672,203.0984344482422,57.85124206542969,65.46552276611328
2026-04-24,72.61509704589844,47.592899322509766,712.10546875,229.85195922851562,67.78321075439453,191.73410034179688,351.0401916503906,49.658512115478516,202.53121948242188,58.9499397277832,65.58263397216797
2026-04-27,72.49711608886719,47.47433853149414,713.332275390625,230.57867431640625,67.71357727050781,191.55494689941406,351.5188293457031,49.69797134399414,202.46157836914062,58.660282135009766,65.45574951171875
2026-04-28,72.47746276855469,47.42493438720703,709.8612060546875,229.613037109375,67.3753662109375,191.26626586914062,349.6242980957031,49.688106536865234,202.50137329101562,58.250770568847656,65.37767791748047
2026-04-29,72.15301513671875,47.286617279052734,709.7515258789062,227.95054626464844,66.72876739501953,190.92784118652344,349.2054748535156,49.6387825012207,202.59092712402344,58.01105499267578,65.14346313476562
2026-04-30,72.26116180419922,47.47433853149414,716.8132934570312,231.37509155273438,68.43975830078125,193.80453491210938,353.1640930175781,49.67824172973633,205.76527404785156,58.86004638671875,65.31912994384766
2026-05-01,72.36177062988281,47.50701904296875,718.7982177734375,230.72801208496094,68.36017608642578,192.8987274169922,354.27093505859375,49.74729537963867,204.93934631347656,58.91997528076172,65.41522216796875
2026-05-04,72.11517333984375,47.378273010253906,716.1649780273438,228.61753845214844,67.5544204711914,191.8834228515625,352.9646911621094,49.74729537963867,203.64572143554688,58.660282135009766,65.11123657226562
2026-05-05,72.24340057373047,47.427791595458984,721.9102172851562,231.08639526367188,68.61882019042969,192.84896850585938,355.9660339355469,49.67824172973633,205.50656127929688,59.28953552246094,65.38580322265625
2026-05-06,72.5491943359375,47.695186614990234,731.9443359375,234.12266540527344,70.4989242553711,192.99827575683594,360.8220520019531,49.64864730834961,206.91958618164062,60.67788314819336,65.85649108886719
2026-05-07,72.36177062988281,47.6159553527832,729.7001342773438,231.4149169921875,69.3051986694336,190.62921142578125,359.1668395996094,49.609188079833984,204.89955139160156,60.13852310180664,65.64076232910156
2026-05-08,72.5491943359375,47.67537307739258,735.724609375,232.51992797851562,70.4591293334961,190.84820556640625,361.82916259765625,49.71770095825195,206.0240020751953,60.468135833740234,65.77804565429688
2026-05-11,72.37164306640625,47.51692199707031,737.4002685546875,231.07643127441406,70.44918060302734,191.3260040283203,362.5870056152344,49.75715637207031,207.22805786132812,60.31830978393555,65.6603775024414
2026-05-12,72.15463256835938,47.34856033325195,736.2831420898438,230.1107940673828,69.60363006591797,191.75401306152344,361.7494201660156,49.776885986328125,207.48678588867188,59.31949996948242,65.4642562866211
2026-05-13,72.18421936035156,47.43769836425781,740.4025268554688,228.9858856201172,70.26016998291016,191.0771484375,363.6639099121094,49.776885986328125,207.34747314453125,59.86884307861328,65.3073501586914
2026-05-14,72.16450500488281,47.50701904296875,746.2474975585938,229.9116973876953,70.19053649902344,192.0128173828125,366.34619140625,49.72756576538086,207.9843292236328,59.88882064819336,65.3171615600586
2026-05-15,71.7502212524414,47.110877990722656,737.2706298828125,226.2681427001953,68.71829223632812,189.79307556152344,361.6995544433594,49.69797134399414,205.65582275390625,58.37062454223633,64.85629272460938
2026-05-18,71.70089721679688,47.239627838134766,736.751953125,227.3632049560547,69.1559829711914,190.94773864746094,361.32061767578125,49.688106536865234,206.36233520507812,58.410579681396484,64.75823211669922
2026-05-19,71.46414947509766,47.13069152832031,731.8446044921875,225.0635986328125,68.6287612915039,190.290771484375,359.0272521972656,49.61905288696289,206.06381225585938,57.80130386352539,64.4738540649414
2026-05-20,71.85871124267578,47.45750045776367,739.3452758789062,228.8664093017578,69.8324203491211,191.58480834960938,363.1453857421875,49.609188079833984,207.35743713378906,58.6003532409668,64.8955078125
2026-05-21,71.93762969970703,47.51692199707031,740.8114624023438,229.73251342773438,70.31986236572266,191.73410034179688,364.0428161621094,49.58945846557617,207.99429321289062,58.63031768798828,64.93473052978516
2026-05-22,72.00667572021484,47.59614944458008,743.7239990234375,231.62396240234375,70.091064453125,193.47605895996094,365.7379455566406,49.540138244628906,209.86505126953125,58.90998458862305,65.02298736572266
2026-05-26,72.21382141113281,47.76451110839844,748.6613159179688,234.232177734375,71.4041519165039,194.18280029296875,368.4002685546875,49.61905288696289,211.0890350341797,60.15850067138672,65.34658813476562
2026-05-27,72.28286743164062,47.75460433959961,748.5316162109375,234.09280395507812,71.03609466552734,193.93394470214844,368.300537109375,49.658512115478516,210.83029174804688,60.21843338012695,65.59173583984375
2026-05-28,72.42095947265625,47.794219970703125,752.6609497070312,234.50096130371094,71.28478240966797,193.73487854003906,370.5939636230469,49.71770095825195,210.60142517089844,59.828895568847656,65.787841796875
2026-05-29,72.46041107177734,47.86354064941406,754.5361328125,233.7742462158203,71.39420318603516,193.65524291992188,371.4714660644531,49.74729537963867,210.81040954589844,59.80891799926758,65.94474029541016
2026-06-01,72.4277572631836,47.758323669433594,756.5908203125,232.9977569580078,71.49368286132812,193.09780883789062,372.3289794921875,49.75715637207031,210.38250732421875,60.34827423095703,65.8846435546875
2026-06-02,72.44754791259766,47.84766387939453,757.6182250976562,235.00868225097656,71.94132232666016,194.79994201660156,373.2862243652344,49.767024993896484,212.2234344482422,61.11735916137695,66.05213928222656
2026-06-03,72.3089828491211,47.67890167236328,752.3018798828125,234.09280395507812,71.29473114013672,194.48141479492188,370.583984375,49.767024993896484,212.25328063964844,60.258384704589844,65.8452377319336
2026-06-04,72.40796661376953,47.728538513183594,755.1445922851562,235.86480712890625,71.46383666992188,196.25323486328125,372.3090515136719,49.72756576538086,213.88523864746094,60.238407135009766,66.00287628173828
2026-06-05,72.08135223388672,47.6590461730957,735.65478515625,233.2665557861328,68.80781555175781,194.49136352539062,362.3377380371094,49.6289176940918,210.9795684814453,57.96111297607422,65.57920837402344
2026-06-08,72.06155395507812,47.5994873046875,737.3204345703125,233.6348876953125,69.49420928955078,194.0633544921875,363.4245910644531,49.6289176940918,211.51690673828125,58.26075744628906,65.46098327636719
2026-06-09,72.21990966796875,47.639198303222656,735.1560668945312,236.4621124267578,69.47430419921875,195.47682189941406,362.62689208984375,49.6387825012207,212.64137268066406,58.380615234375,65.68759155273438
2026-06-10,72.16053009033203,47.54985809326172,723.56591796875,233.40591430664062,68.44969940185547,193.55569458007812,357.0130310058594,49.6289176940918,210.5019073486328,57.65148162841797,65.46098327636719
2026-06-11,72.57621002197266,47.82780838012695,735.8642578125,238.1544647216797,70.93661499023438,195.9446563720703,363.25506591796875,49.688106536865234,214.02455139160156,59.029842376708984,66.08169555664062
2026-06-12,72.48712921142578,47.907222747802734,739.843994140625,240.23507690429688,71.17536163330078,198.09471130371094,365.30914306640625,49.66837692260742,216.02468872070312,59.47930908203125,66.19007110595703
2026-06-15,72.54651641845703,47.91714859008789,752.890380859375,240.0160675048828,72.01095581054688,198.31370544433594,371.46148681640625,49.69797134399414,217.16905212402344,60.76777648925781,66.37727355957031
2026-06-16,72.65538787841797,47.97671127319336,748.4019775390625,239.4287109375,71.94132232666016,198.3336181640625,369.30767822265625,49.64864730834961,216.96006774902344,60.088584899902344,66.39698791503906
2026-06-17,72.38816833496094,47.95685958862305,739.0560302734375,235.86480712890625,71.62300109863281,194.92935180664062,364.7109069824219,49.42176055908203,215.0295867919922,59.7390022277832,66.1309585571289
2026-06-18,72.58610534667969,47.99656295776367,746.739990234375,237.3282012939453,72.30999755859375,194.9691619873047,368.9287414550781,49.51054000854492,215.4375762939453,60.77000045776367,66.44624328613281
2026-06-22,72.38816833496094,47.91714859008789,744.3900146484375,237.7562713623047,72.38999938964844,195.98446655273438,367.75213623046875,49.42176055908203,217.5770263671875,61.2400016784668,66.1999282836914
2026-06-23,72.46733856201172,48.026344299316406,733.5800170898438,237.49745178222656,70.16999816894531,196.21340942382812,362.65679931640625,49.43162536621094,216.36300659179688,59.36000061035156,66.091552734375
2026-06-24,72.79396057128906,48.14546585083008,733.239990234375,239.41876220703125,70.27999877929688,197.29840087890625,362.60693359375,49.441490173339844,216.52223205566406,58.970001220703125,66.29845428466797
2026-06-25,72.84343719482422,48.13554382324219,734.2999877929688,241.3599853515625,71.16000366210938,198.9010009765625,362.9360046386719,49.520408630371094,219.4080047607422,58.79999923706055,66.29845428466797
2026-06-26,72.9127197265625,48.155391693115234,728.989990234375,242.77000427246094,70.55999755859375,199.08999633789062,362.2200012207031,49.55986785888672,218.38999938964844,58.58000183105469,66.24919128417969
2026-06-29,72.95230102539062,48.165321350097656,741.0,242.99000549316406,70.91999816894531,198.72999572753906,367.1199951171875,49.609188079833984,218.6300048828125,59.18000030517578,66.48565673828125
2026-06-30,72.65538787841797,48.07598114013672,746.77001953125,242.99000549316406,71.25,197.60000610351562,370.0400085449219,49.54999923706055,217.92999267578125,59.689998626708984,66.24919128417969
2026-07-01,72.55012512207031,48.027225494384766,745.760009765625,242.74000549316406,70.36000061035156,198.25,369.2699890136719,49.52000045776367,217.3800048828125,59.220001220703125,66.19375610351562
2026-07-02,72.59978485107422,47.997379302978516,744.780029296875,243.22000122070312,70.80999755859375,200.16000366210938,368.760009765625,49.58000183105469,219.1699981689453,59.040000915527344,66.32244873046875
2026-07-06,72.62957000732422,47.977481842041016,751.280029296875,243.49000549316406,71.88999938964844,200.0500030517578,371.6700134277344,49.650001525878906,219.44000244140625,60.06999969482422,66.37194061279297
2026-07-07,72.34159088134766,47.77848434448242,747.7100219726562,242.32000732421875,70.77999877929688,200.6999969482422,369.6099853515625,49.63999938964844,219.57000732421875,58.880001068115234,66.00568389892578
2026-07-08,72.19264221191406,47.58944320678711,745.4000244140625,238.86000061035156,70.33999633789062,199.3699951171875,368.25,49.650001525878906,217.63999938964844,59.16999816894531,65.9462890625
2026-07-09,72.32173156738281,47.77848434448242,751.7100219726562,241.13999938964844,70.7300033569336,200.10000610351562,371.45001220703125,49.65999984741211,218.55999755859375,59.4900016784668,66.02547454833984
2026-07-10,72.26215362548828,47.83818435668945,754.9500122070312,242.0500030517578,70.98999786376953,201.35000610351562,372.69000244140625,49.63999938964844,219.1999969482422,59.88999938964844,66.12447357177734
2026-07-13,71.9940414428711,47.64913558959961,749.1699829101562,241.77999877929688,69.76000213623047,202.27999877929688,369.7799987792969,49.61000061035156,219.36000061035156,58.790000915527344,65.71861267089844
2026-07-14,72.19264221191406,47.718788146972656,751.8300170898438,241.9199981689453,70.5999984741211,201.7899932861328,371.1600036621094,49.61000061035156,218.60000610351562,59.08000183105469,65.83740234375
2026-07-15,72.31180572509766,47.78843307495117,754.8099975585938,242.52000427246094,70.81999969482422,201.1199951171875,372.4200134277344,49.630001068115234,217.49000549316406,59.47999954223633,65.92648315429688
2026-07-16,72.30186462402344,47.718788146972656,750.719970703125,245.72999572753906,70.02999877929688,203.41000366210938,370.5799865722656,49.630001068115234,218.86000061035156,58.84000015258789,65.88689422607422
2026-07-17,72.35152435302734,47.68893814086914,743.2899780273438,244.1199951171875,69.69999694824219,202.8000030517578,367.010009765625,49.70000076293945,217.9199981689453,57.84000015258789,65.80770874023438
2026-07-20,72.17278289794922,47.579490661621094,742.0900268554688,242.1699981689453,69.2300033569336,201.52999877929688,366.25,49.66999816894531,216.9499969482422,57.93000030517578,65.68891906738281
2026-07-21,72.0138931274414,47.58944320678711,748.280029296875,243.41000366210938,70.47000122070312,201.94000244140625,369.45001220703125,49.630001068115234,218.6300048828125,58.86000061035156,65.62952423095703
2026-07-22,71.89473724365234,47.55958938598633,747.4099731445312,243.82000732421875,70.48999786376953,202.75,368.8699951171875,49.619998931884766,219.33999633789062,58.810001373291016,65.45134735107422
2026-07-23,71.74578094482422,47.47004318237305,738.1799926757812,242.07000732421875,69.77999877929688,202.4499969482422,364.69000244140625,49.56999969482422,219.86000061035156,58.099998474121094,65.05538940429688
2026-07-24,71.80535888671875,47.55958938598633,738.9299926757812,244.24000549316406,69.70999908447266,204.77999877929688,364.79998779296875,49.59000015258789,221.02000427246094,57.79999923706055,65.18407440185547
2026-07-27,71.95431518554688,47.678985595703125,739.0900268554688,245.69000244140625,70.0,205.47000122070312,365.17999267578125,49.52000045776367,221.72000122070312,58.22999954223633,65.35235595703125
2026-07-28,72.133056640625,47.74863815307617,740.8599853515625,248.10000610351562,69.5999984741211,207.4600067138672,365.989990234375,49.56999969482422,222.99000549316406,57.7400016784668,65.46124267578125
2026-07-29,71.87487030029297,47.569541931152344,729.4600219726562,245.00999450683594,68.94999694824219,205.9199981689453,360.4200134277344,49.68000030517578,219.8000030517578,56.91999816894531,65.07518005371094
2026-07-30,71.91458892822266,47.639190673828125,741.6900024414062,245.11000061035156,71.08999633789062,205.22000122070312,366.2699890136719,49.65999984741211,220.5399932861328,58.189998626708984,65.20387268066406
2026-07-31,71.7259292602539,47.52974319458008,747.030029296875,244.6300048828125,70.62000274658203,204.74000549316406,368.2099914550781,49.65999984741211,219.9499969482422,58.75,65.1741714477539
2026-08-03,71.8973159790039,47.71826171875,757.6699829101562,247.72999572753906,71.04000091552734,205.55999755859375,373.8399963378906,49.630001068115234,221.0,59.060001373291016,65.48963165283203
2026-08-04,72.1863021850586,47.847930908203125,771.3300170898438,251.22999572753906,72.22000122070312,207.3800048828125,380.82000732421875,49.650001525878906,223.8699951171875,60.04999923706055,65.80806732177734
2026-08-05,72.20623016357422,47.867881774902344,769.7899780273438,249.86000061035156,72.3499984741211,206.75999450683594,379.6499938964844,49.650001525878906,223.99000549316406,60.0099983215332,65.83792877197266
2026-08-06,71.99696350097656,47.76813507080078,768.5599975585938,248.41000366210938,72.12000274658203,206.63999938964844,379.07000732421875,49.630001068115234,223.3699951171875,59.959999084472656,65.70855712890625
2026-08-07,72.14644622802734,47.82798385620117,773.260009765625,249.89999389648438,72.88999938964844,207.10000610351562,381.7799987792969,49.66999816894531,224.30999755859375,60.470001220703125,65.88768005371094
2026-08-10,71.8973159790039,47.66838836669922,773.030029296875,249.2100067138672,72.5,207.6999969482422,381.6300048828125,49.68000030517578,225.02000427246094,60.33000183105469,65.63890075683594
2026-08-11,71.95710754394531,47.69831085205078,770.5599975585938,249.6300048828125,72.69000244140625,208.63999938964844,380.6499938964844,49.66999816894531,225.35000610351562,60.119998931884766,65.61900329589844
2026-08-12,72.02686309814453,47.69831085205078,772.489990234375,250.0399932861328,73.30000305175781,208.85000610351562,381.8299865722656,49.65999984741211,226.2899932861328,60.40999984741211,65.66875457763672
2026-08-13,72.22616577148438,47.788082122802734,777.8800048828125,251.0,73.54000091552734,210.30999755859375,384.29998779296875,49.709999084472656,227.0500030517578,60.34000015258789,65.95734405517578
2026-08-14,72.05675506591797,47.598567962646484,776.3400268554688,251.66000366210938,73.58000183105469,211.00999450683594,383.8500061035156,49.709999084472656,227.50999450683594,60.11000061035156,65.80806732177734
2026-08-17,71.90728759765625,47.52874755859375,772.6699829101562,249.75999450683594,73.69000244140625,209.72000122070312,382.1300048828125,49.70000076293945,226.69000244140625,60.38999938964844,65.57919311523438
2026-08-18,71.96707153320312,47.46889877319336,767.4500122070312,247.38999938964844,72.38999938964844,208.9600067138672,379.0400085449219,49.7599983215332,226.32000732421875,59.63999938964844,65.50953674316406
2026-08-19,72.30587768554688,47.6185188293457,769.0599975585938,250.13999938964844,72.83000183105469,208.97000122070312,379.989990234375,49.779998779296875,226.9499969482422,60.040000915527344,65.78816986083984
2026-08-20,72.0866470336914,47.52874755859375,762.5999755859375,247.49000549316406,72.83999633789062,207.9199981689453,376.5799865722656,49.849998474121094,225.19000244140625,60.02000045776367,65.55928802490234
2026-08-21,71.97704315185547,47.52874755859375,765.719970703125,249.17999267578125,73.41999816894531,208.63999938964844,378.239990234375,49.790000915527344,226.39999389648438,60.45000076293945,65.58914947509766
2026-08-24,72.11654663085938,47.55867004394531,763.469970703125,248.44000244140625,73.05999755859375,209.55999755859375,377.07000732421875,49.779998779296875,226.6999969482422,59.970001220703125,65.66875457763672
2026-08-25,72.41549682617188,47.788082122802734,765.9099731445312,248.25,73.79000091552734,208.77999877929688,378.1499938964844,49.83000183105469,226.7899932861328,60.63999938964844,65.98719787597656
2026-08-26,72.32581329345703,47.65841293334961,766.0800170898438,249.0800018310547,73.44999694824219,209.50999450683594,378.2300109863281,49.810001373291016,226.8300018310547,60.65999984741211,65.91753387451172
2026-08-27,72.28594970703125,47.578617095947266,771.0999755859375,248.36000061035156,73.41999816894531,208.30999755859375,380.6300048828125,49.790000915527344,225.4499969482422,61.0099983215332,65.87773132324219
2026-08-28,72.05675506591797,47.4788703918457,769.3499755859375,246.80999755859375,73.05999755859375,207.77999877929688,379.3599853515625,49.650001525878906,225.2899932861328,60.790000915527344,65.68865966796875
2026-08-31,71.98699951171875,47.42899703979492,767.0499877929688,245.2899932861328,72.91999816894531,206.5500030517578,378.1499938964844,49.66999816894531,224.85000610351562,60.52000045776367,65.61900329589844
2026-09-01,71.79000091552734,47.27000045776367,761.780029296875,243.63999938964844,72.11000061035156,205.77999877929688,375.1700134277344,49.689998626708984,223.9600067138672,60.68000030517578,65.43000030517578
2026-09-02,71.83000183105469,47.25,765.1599731445312,245.50999450683594,72.58999633789062,207.33999633789062,376.8800048828125,49.68000030517578,225.41000366210938,60.77000045776367,65.44999694824219
2026-09-03,71.93000030517578,47.400001525878906,773.1699829101562,246.9199981689453,73.44000244140625,209.1699981689453,380.92999267578125,49.72999954223633,227.02000427246094,60.9900016784668,65.62000274658203
2026-09-04,71.94999694824219,47.45000076293945,770.1900024414062,247.11000061035156,73.76000213623047,208.38999938964844,379.7300109863281,49.72999954223633,226.4600067138672,61.439998626708984,65.66999816894531
